adj_amb,cond_group,item,verb_bias,explanation,pronoun,pronoun_type,new_sent,question_answers,Ferstl_verb_eng,Ferstl_sem_cat,Ferstl_eng_verb_length,Ferstl_eng_verb_freq,Ferstl_val,Ferstl_IVC,adj,german_adj_freq,german_adj_length,verb,german_verb_freq,german_verb_length,Susanne_avgRating_Score,story,question,left,right,left_pronoun,right_pronoun,correct
nonamb,10,68,NP2,NP1-Causality,er,nonamb,"Der Heimleiter lachte die Seniorin aus, weil er am späten Abend gehässig war und Streit suchte.",Wer lachte die Seniorin aus? (Der Heimleiter / Der Freund),laughed at,AgP,7,0,-0.82,-96,gehässig,0.73,8,lachte,0.03,9,93.5,"Der_Heimleiter lachte die_Seniorin_aus,
weil er am_späten_Abend gehässig_war und Streit suchte.",Wer lachte die Seniorin aus?,Der Heimleiter,Der Freund,er,er,F
nonamb,10,68,NP2,NP1-Causality,er,nonamb,"Der Heimleiter lachte den Senioren aus, weil er am späten Abend gehässig war und Streit suchte.",Wer lachte den Senioren aus? (Der Heimleiter / Der Leistungssportler),laughed at,AgP,7,0,-0.82,-96,gehässig,0.73,8,lachte,0.03,9,93.5,"Der_Heimleiter lachte den_Senioren_aus,
weil er am_späten_Abend gehässig_war und Streit suchte.",Wer lachte den Senioren aus?,Der Heimleiter,Der Leistungssportler,er,er,F
nonamb,10,68,NP2,NP1-Causality,sie,nonamb,"Die Heimleiterin lachte die Seniorin aus, weil sie am späten Abend gehässig war und Streit suchte.",Wer lachte die Seniorin aus? (Die Heimleiterin / Die Abtissin),laughed at,AgP,7,0,-0.82,-96,gehässig,0.73,8,lachte,0.03,9,93.5,"Die_Heimleiterin lachte die_Seniorin_aus,
weil sie am_späten_Abend gehässig_war und Streit suchte.",Wer lachte die Seniorin aus?,Die Heimleiterin,Die Abtissin,sie,sie,F
nonamb,10,68,NP2,NP1-Causality,sie,nonamb,"Die Heimleiterin lachte den Senioren aus, weil sie am späten Abend gehässig war und Streit suchte.",Wer lachte den Senioren aus? (Die Heimleiterin / Die Führsprecherin),laughed at,AgP,7,0,-0.82,-96,gehässig,0.73,8,lachte,0.03,9,93.5,"Die_Heimleiterin lachte den_Senioren_aus,
weil sie am_späten_Abend gehässig_war und Streit suchte.",Wer lachte den Senioren aus?,Die Heimleiterin,Die Führsprecherin,sie,sie,F
nonamb,9,68,NP2,NP2-Causality,sie,nonamb,"Der Heimleiter lachte die Seniorin aus, weil sie am späten Abend vergesslich war und die Reaktion provozierte.",Wer lachte die Seniorin aus? (Der Heimleiter / Der Wettkämpfer),laughed at,AgP,7,0,-0.82,-96,vergesslich,0.3,11,lachte,0.03,9,93.5,"Der_Heimleiter lachte die_Seniorin_aus,
weil sie am_späten_Abend vergesslich_war und die_Reaktion provozierte.",Wer lachte die Seniorin aus?,Der Heimleiter,Der Wettkämpfer,er,er,F
nonamb,9,68,NP2,NP2-Causality,er,nonamb,"Der Heimleiter lachte den Senioren aus, weil er am späten Abend vergesslich war und die Reaktion provozierte.",Wer lachte den Senioren aus? (Der Heimleiter / Der Zuschauer),laughed at,AgP,7,0,-0.82,-96,vergesslich,0.3,11,lachte,0.03,9,93.5,"Der_Heimleiter lachte den_Senioren_aus,
weil er am_späten_Abend vergesslich_war und die_Reaktion provozierte.",Wer lachte den Senioren aus?,Der Heimleiter,Der Zuschauer,er,er,F
nonamb,9,68,NP2,NP2-Causality,sie,nonamb,"Die Heimleiterin lachte die Seniorin aus, weil sie am späten Abend vergesslich war und die Reaktion provozierte.",Wer lachte die Seniorin aus? (Die Heimleiterin / Die Aktrobatin),laughed at,AgP,7,0,-0.82,-96,vergesslich,0.3,11,lachte,0.03,9,93.5,"Die_Heimleiterin lachte die_Seniorin_aus,
weil sie am_späten_Abend vergesslich_war und die_Reaktion provozierte.",Wer lachte die Seniorin aus?,Die Heimleiterin,Die Aktrobatin,sie,sie,F
nonamb,9,68,NP2,NP2-Causality,er,nonamb,"Die Heimleiterin lachte den Senioren aus, weil er am späten Abend vergesslich war und die Reaktion provozierte.",Wer lachte den Senioren aus? (Die Heimleiterin / Die Abtissin),laughed at,AgP,7,0,-0.82,-96,vergesslich,0.3,11,lachte,0.03,9,93.5,"Die_Heimleiterin lachte den_Senioren_aus,
weil er am_späten_Abend vergesslich_war und die_Reaktion provozierte.",Wer lachte den Senioren aus?,Die Heimleiterin,Die Abtissin,sie,sie,F
nonamb,10,29,NP2,NP1-Causality,er,nonamb,"Der Leistungssportler beneidete die Freizeitsportlerin, weil er am späten Abend erschöpft war und den Wettkapf verlor.",Was verlor er? (den Wettkapf / die Hilfe),envied,ExpStim,6,245,-1.82,-94,erfolglos,13.04,9,beneidete,0.23,9,87.5,"Der_Leistungssportler beneidete die_Freizeitsportlerin,
weil er am_späten_Abend erschöpft_war und den_Wettkapf verlor.",Was verlor er?,den Wettkapf,die Hilfe,er,sie,F
nonamb,10,29,NP2,NP1-Causality,er,nonamb,"Der Leistungssportler beneidete den Freizeitsportler, weil er am späten Abend erschöpft war und den Wettkapf verlor.",Was verlor er? (den Wettkapf / die Hilfe),envied,ExpStim,6,245,-1.82,-94,erfolglos,13.04,9,beneidete,0.23,9,87.5,"Der_Leistungssportler beneidete den_Freizeitsportler,
weil er am_späten_Abend erschöpft_war und den_Wettkapf verlor.",Was verlor er?,den Wettkapf,die Hilfe,er,sie,F
nonamb,10,29,NP2,NP1-Causality,sie,nonamb,"Die Leistungssportlerin beneidete die Freizeitsportlerin, weil sie am späten Abend erschöpft war und den Wettkapf verlor.",Was verlor sie? (den Wettkapf / die Hilfe),envied,ExpStim,6,245,-1.82,-94,erfolglos,13.04,9,beneidete,0.23,9,87.5,"Die_Leistungssportlerin beneidete die_Freizeitsportlerin,
weil sie am_späten_Abend erschöpft_war und den_Wettkapf verlor.",Was verlor sie?,den Wettkapf,die Hilfe,er,sie,F
nonamb,10,29,NP2,NP1-Causality,sie,nonamb,"Die Leistungssportlerin beneidete den Freizeitsportler, weil sie am späten Abend erschöpft war und den Wettkapf verlor.",Was verlor sie? (den Wettkapf / die Hilfe),envied,ExpStim,6,245,-1.82,-94,erfolglos,13.04,9,beneidete,0.23,9,87.5,"Die_Leistungssportlerin beneidete den_Freizeitsportler,
weil sie am_späten_Abend erschöpft_war und den_Wettkapf verlor.",Was verlor sie?,den Wettkapf,die Hilfe,er,sie,F
nonamb,9,29,NP2,NP2-Causality,sie,nonamb,"Der Leistungssportler beneidete die Freizeitsportlerin, weil sie am späten Abend erfolgreich war und Lob erhielt.",Was erhielt sie? (Lob / die Hilfe),envied,ExpStim,6,245,-1.82,-94,siegreich,4.15,9,beneidete,0.23,9,87.5,"Der_Leistungssportler beneidete die_Freizeitsportlerin,
weil sie am_späten_Abend erfolgreich_war und Lob erhielt.",Was erhielt sie?,Lob,die Hilfe,er,sie,F
nonamb,9,29,NP2,NP2-Causality,er,nonamb,"Der Leistungssportler beneidete den Freizeitsportler, weil er am späten Abend erfolgreich war und Lob erhielt.",Was erhielt er? (Lob / die Hilfe),envied,ExpStim,6,245,-1.82,-94,siegreich,4.15,9,beneidete,0.23,9,87.5,"Der_Leistungssportler beneidete den_Freizeitsportler,
weil er am_späten_Abend erfolgreich_war und Lob erhielt.",Was erhielt er?,Lob,die Hilfe,er,sie,F
nonamb,9,29,NP2,NP2-Causality,sie,nonamb,"Die Leistungssportlerin beneidete die Freizeitsportlerin, weil sie am späten Abend erfolgreich war und Lob erhielt.",Was erhielt sie? (Lob / die Hilfe),envied,ExpStim,6,245,-1.82,-94,siegreich,4.15,9,beneidete,0.23,9,87.5,"Die_Leistungssportlerin beneidete die_Freizeitsportlerin,
weil sie am_späten_Abend erfolgreich_war und Lob erhielt.",Was erhielt sie?,Lob,die Hilfe,er,sie,F
nonamb,9,29,NP2,NP2-Causality,er,nonamb,"Die Leistungssportlerin beneidete den Freizeitsportler, weil er am späten Abend erfolgreich war und Lob erhielt.",Was erhielt er? (Lob / die Hilfe),envied,ExpStim,6,245,-1.82,-94,siegreich,4.15,9,beneidete,0.23,9,87.5,"Die_Leistungssportlerin beneidete den_Freizeitsportler,
weil er am_späten_Abend erfolgreich_war und Lob erhielt.",Was erhielt er?,Lob,die Hilfe,er,sie,F
nonamb,10,62,NP2,NP1-Causality,er,nonamb,"Der Neffe gratulierte der Tante, weil er schon immer schmeichelhaft war und Vorteile erhoffte.",Wem gratulierte der Neffe? (der Tante / die Politikerin),congratulated,AgEvo,13,17,1.82,-94,berechnend,0.9,10,gratulierte,1.03,11,68.75,"Der_Neffe gratulierte der_Tante,
weil er schon_immer schmeichelhaft_war und Vorteile erhoffte.",Wem gratulierte der Neffe?,der Tante,die Politikerin,er,sie,F
nonamb,10,62,NP2,NP1-Causality,er,nonamb,"Der Neffe gratulierte dem Onkel, weil er schon immer schmeichelhaft war und Vorteile erhoffte.",Wem gratulierte der Neffe? (dem Onkel / den Verehrer),congratulated,AgEvo,13,17,1.82,-94,berechnend,0.9,10,gratulierte,1.03,11,68.75,"Der_Neffe gratulierte dem_Onkel,
weil er schon_immer schmeichelhaft_war und Vorteile erhoffte.",Wem gratulierte der Neffe?,dem Onkel,den Verehrer,er,er,F
nonamb,10,62,NP2,NP1-Causality,sie,nonamb,"Die Nichte gratulierte der Tante, weil sie schon immer schmeichelhaft war und Vorteile erhoffte.",Wem gratulierte die Nichte? (der Tante / die Passagierin),congratulated,AgEvo,13,17,1.82,-94,berechnend,0.9,10,gratulierte,1.03,11,68.75,"Die_Nichte gratulierte der_Tante,
weil sie schon_immer schmeichelhaft_war und Vorteile erhoffte.",Wem gratulierte die Nichte?,der Tante,die Passagierin,er,sie,F
nonamb,10,62,NP2,NP1-Causality,sie,nonamb,"Die Nichte gratulierte dem Onkel, weil sie schon immer schmeichelhaft war und Vorteile erhoffte.",Wem gratulierte die Nichte? (dem Onkel / den Neffen),congratulated,AgEvo,13,17,1.82,-94,berechnend,0.9,10,gratulierte,1.03,11,68.75,"Die_Nichte gratulierte dem_Onkel,
weil sie schon_immer schmeichelhaft_war und Vorteile erhoffte.",Wem gratulierte die Nichte?,dem Onkel,den Neffen,er,er,F
nonamb,9,62,NP2,NP2-Causality,sie,nonamb,"Der Neffe gratulierte der Tante, weil sie schon immer beeindruckend war und Ideen generierte.",Wem gratulierte der Neffe? (der Tante / die Gefangene),congratulated,AgEvo,13,17,1.82,-94,einflussreich,0.33,13,gratulierte,1.03,11,68.75,"Der_Neffe gratulierte der_Tante,
weil sie schon_immer beeindruckend_war und Ideen generierte.",Wem gratulierte der Neffe?,der Tante,die Gefangene,er,sie,F
nonamb,9,62,NP2,NP2-Causality,er,nonamb,"Der Neffe gratulierte dem Onkel, weil er schon immer beeindruckend war und Ideen generierte.",Wem gratulierte der Neffe? (dem Onkel / den Vermieter),congratulated,AgEvo,13,17,1.82,-94,einflussreich,0.33,13,gratulierte,1.03,11,68.75,"Der_Neffe gratulierte dem_Onkel,
weil er schon_immer beeindruckend_war und Ideen generierte.",Wem gratulierte der Neffe?,dem Onkel,den Vermieter,er,er,F
nonamb,9,62,NP2,NP2-Causality,sie,nonamb,"Die Nichte gratulierte der Tante, weil sie schon immer beeindruckend war und Ideen generierte.",Wem gratulierte die Nichte? (der Tante / die Mitarbeiterin),congratulated,AgEvo,13,17,1.82,-94,einflussreich,0.33,13,gratulierte,1.03,11,68.75,"Die_Nichte gratulierte der_Tante,
weil sie schon_immer beeindruckend_war und Ideen generierte.",Wem gratulierte die Nichte?,der Tante,die Mitarbeiterin,er,sie,F
nonamb,9,62,NP2,NP2-Causality,er,nonamb,"Die Nichte gratulierte dem Onkel, weil er schon immer beeindruckend war und Ideen generierte.",Wem gratulierte die Nichte? (dem Onkel / den Mäuserich),congratulated,AgEvo,13,17,1.82,-94,einflussreich,0.33,13,gratulierte,1.03,11,68.75,"Die_Nichte gratulierte dem_Onkel,
weil er schon_immer beeindruckend_war und Ideen generierte.",Wem gratulierte die Nichte?,dem Onkel,den Mäuserich,er,er,F
nonamb,9,31,NP2,NP1-Causality,er,nonamb,"Der Mann vergötterte die Rivalin, weil er seit Langem alleine war und eine Parternschaft suchte.",Wer war seit Langem alleine? (Der Mann / die Rivalin),fancied,ExpStim,7,86,0.91,-94,gefährlich,62.41,10,vergötterte,0.09,10,31.25,"Der_Mann vergötterte die_Rivalin,
weil er seit_Langem alleine_war und eine_Parternschaft suchte.",Wer war seit Langem alleine?,Der Mann,die Rivalin,er,sie,F
nonamb,9,31,NP2,NP1-Causality,er,nonamb,"Der Mann vergötterte den Rivalen, weil er seit Langem alleine war und eine Parternschaft suchte.",Wer war seit Langem alleine? (Der Mann / den Rivalen),fancied,ExpStim,7,86,0.91,-94,gefährlich,62.41,10,vergötterte,0.09,10,31.25,"Der_Mann vergötterte den_Rivalen,
weil er seit_Langem alleine_war und eine_Parternschaft suchte.",Wer war seit Langem alleine?,Der Mann,den Rivalen,er,er,F
nonamb,9,31,NP2,NP1-Causality,sie,nonamb,"Die Frau vergötterte die Rivalin, weil sie seit Langem alleine war und eine Parternschaft suchte.",Wer war seit Langem alleine? (Die Frau / die Rivalin),fancied,ExpStim,7,86,0.91,-94,gefährlich,62.41,10,vergötterte,0.09,10,31.25,"Die_Frau vergötterte die_Rivalin,
weil sie seit_Langem alleine_war und eine_Parternschaft suchte.",Wer war seit Langem alleine?,Die Frau,die Rivalin,sie,sie,F
nonamb,9,31,NP2,NP1-Causality,sie,nonamb,"Die Frau vergötterte den Rivalen, weil sie seit Langem alleine war und eine Parternschaft suchte.",Wer war seit Langem alleine? (Die Frau / den Rivalen),fancied,ExpStim,7,86,0.91,-94,gefährlich,62.41,10,vergötterte,0.09,10,31.25,"Die_Frau vergötterte den_Rivalen,
weil sie seit_Langem alleine_war und eine_Parternschaft suchte.",Wer war seit Langem alleine?,Die Frau,den Rivalen,sie,er,F
nonamb,10,31,NP2,NP2-Causality,sie,nonamb,"Der Mann vergötterte die Rivalin, weil sie seit Langem grandios war und Attraktivität ausstrahlte.",Wer war seit Langem grandios? (Der Mann / die Rivalin),fancied,ExpStim,7,86,0.91,-94,schmerzfrei,1.68,11,vergötterte,0.09,10,31.25,"Der_Mann vergötterte die_Rivalin,
weil sie seit_Langem grandios_war und Attraktivität ausstrahlte.",Wer war seit Langem grandios?,Der Mann,die Rivalin,er,sie,J
nonamb,10,31,NP2,NP2-Causality,er,nonamb,"Der Mann vergötterte den Rivalen, weil er seit Langem grandios war und Attraktivität ausstrahlte.",Wer war seit Langem grandios? (Der Mann / den Rivalen),fancied,ExpStim,7,86,0.91,-94,schmerzfrei,1.68,11,vergötterte,0.09,10,31.25,"Der_Mann vergötterte den_Rivalen,
weil er seit_Langem grandios_war und Attraktivität ausstrahlte.",Wer war seit Langem grandios?,Der Mann,den Rivalen,er,er,J
nonamb,10,31,NP2,NP2-Causality,sie,nonamb,"Die Frau vergötterte die Rivalin, weil sie seit Langem grandios war und Attraktivität ausstrahlte.",Wer war seit Langem grandios? (Die Frau / die Rivalin),fancied,ExpStim,7,86,0.91,-94,schmerzfrei,1.68,11,vergötterte,0.09,10,31.25,"Die_Frau vergötterte die_Rivalin,
weil sie seit_Langem grandios_war und Attraktivität ausstrahlte.",Wer war seit Langem grandios?,Die Frau,die Rivalin,sie,sie,J
nonamb,10,31,NP2,NP2-Causality,er,nonamb,"Die Frau vergötterte den Rivalen, weil er seit Langem grandios war und Attraktivität ausstrahlte.",Wer war seit Langem grandios? (Die Frau / den Rivalen),fancied,ExpStim,7,86,0.91,-94,schmerzfrei,1.68,11,vergötterte,0.09,10,31.25,"Die_Frau vergötterte den_Rivalen,
weil er seit_Langem grandios_war und Attraktivität ausstrahlte.",Wer war seit Langem grandios?,Die Frau,den Rivalen,sie,er,J
nonamb,10,116,NP2,NP1-Causality,er,nonamb,"Der Passant bemerkte die Fremde, weil er in der Dämmerung hellhörig war und das Geräusch wahrnahm.",Wann war er hellhörig? (in der Dämmerung / immervort),noticed,ExpStim,7,844,0.55,-92,hellhörig,1.47,9,bemerkte,10.02,8,56.25,"Der_Passant bemerkte die_Fremde,
weil er in_der_Dämmerung hellhörig_war und das_Geräusch wahrnahm.",Wann war er hellhörig?,in der Dämmerung,immervort,er,er,F
nonamb,10,116,NP2,NP1-Causality,er,nonamb,"Der Passant bemerkte den Fremden, weil er in der Dämmerung hellhörig war und das Geräusch wahrnahm.",Wann war er hellhörig? (in der Dämmerung / immervort),noticed,ExpStim,7,844,0.55,-92,hellhörig,1.47,9,bemerkte,10.02,8,56.25,"Der_Passant bemerkte den_Fremden,
weil er in_der_Dämmerung hellhörig_war und das_Geräusch wahrnahm.",Wann war er hellhörig?,in der Dämmerung,immervort,er,er,F
nonamb,10,116,NP2,NP1-Causality,sie,nonamb,"Die Passantin bemerkte die Fremde, weil sie in der Dämmerung hellhörig war und das Geräusch wahrnahm.",Wann war sie hellhörig? (in der Dämmerung / immervort),noticed,ExpStim,7,844,0.55,-92,hellhörig,1.47,9,bemerkte,10.02,8,56.25,"Die_Passantin bemerkte die_Fremde,
weil sie in_der_Dämmerung hellhörig_war und das_Geräusch wahrnahm.",Wann war sie hellhörig?,in der Dämmerung,immervort,er,er,F
nonamb,10,116,NP2,NP1-Causality,sie,nonamb,"Die Passantin bemerkte den Fremden, weil sie in der Dämmerung hellhörig war und das Geräusch wahrnahm.",Wann war sie hellhörig? (in der Dämmerung / immervort),noticed,ExpStim,7,844,0.55,-92,hellhörig,1.47,9,bemerkte,10.02,8,56.25,"Die_Passantin bemerkte den_Fremden,
weil sie in_der_Dämmerung hellhörig_war und das_Geräusch wahrnahm.",Wann war sie hellhörig?,in der Dämmerung,immervort,er,er,F
nonamb,9,116,NP2,NP2-Causality,sie,nonamb,"Der Passant bemerkte die Fremde, weil sie in der Dämmerung auffällig war und Aufmerksamkeit erregte.",Wann war sie auffällig? (in der Dämmerung / immervort),noticed,ExpStim,7,844,0.55,-92,auffällig,16.14,9,bemerkte,10.02,8,56.25,"Der_Passant bemerkte die_Fremde,
weil sie in_der_Dämmerung auffällig_war und Aufmerksamkeit erregte.",Wann war sie auffällig?,in der Dämmerung,immervort,er,er,F
nonamb,9,116,NP2,NP2-Causality,er,nonamb,"Der Passant bemerkte den Fremden, weil er in der Dämmerung auffällig war und Aufmerksamkeit erregte.",Wann war er auffällig? (in der Dämmerung / immervort),noticed,ExpStim,7,844,0.55,-92,auffällig,16.14,9,bemerkte,10.02,8,56.25,"Der_Passant bemerkte den_Fremden,
weil er in_der_Dämmerung auffällig_war und Aufmerksamkeit erregte.",Wann war er auffällig?,in der Dämmerung,immervort,er,er,F
nonamb,9,116,NP2,NP2-Causality,sie,nonamb,"Die Passantin bemerkte die Fremde, weil sie in der Dämmerung auffällig war und Aufmerksamkeit erregte.",Wann war sie auffällig? (in der Dämmerung / immervort),noticed,ExpStim,7,844,0.55,-92,auffällig,16.14,9,bemerkte,10.02,8,56.25,"Die_Passantin bemerkte die_Fremde,
weil sie in_der_Dämmerung auffällig_war und Aufmerksamkeit erregte.",Wann war sie auffällig?,in der Dämmerung,immervort,er,er,F
nonamb,9,116,NP2,NP2-Causality,er,nonamb,"Die Passantin bemerkte den Fremden, weil er in der Dämmerung auffällig war und Aufmerksamkeit erregte.",Wann war er auffällig? (in der Dämmerung / immervort),noticed,ExpStim,7,844,0.55,-92,auffällig,16.14,9,bemerkte,10.02,8,56.25,"Die_Passantin bemerkte den_Fremden,
weil er in_der_Dämmerung auffällig_war und Aufmerksamkeit erregte.",Wann war er auffällig?,in der Dämmerung,immervort,er,er,F
nonamb,10,5,NP2,NP1-Causality,er,nonamb,"Der Liebhaber bewunderte die Komponistin, weil er von Anfang an verzaubert war und die Musik genoss.",Was genoss er? (die Musik / Schwindel),admired,ExpStim,7,74,2.0,-92,überzeugt,41.42,9,bewunderte,1.17,10,50.0,"Der_Liebhaber bewunderte die_Komponistin,
weil er von_Anfang_an verzaubert_war und die_Musik genoss.",Was genoss er?,die Musik,Schwindel,sie,er,F
nonamb,10,5,NP2,NP1-Causality,er,nonamb,"Der Liebhaber bewunderte den Komponist, weil er von Anfang an verzaubert war und die Musik genoss.",Was genoss er? (die Musik / Schwindel),admired,ExpStim,7,74,2.0,-92,überzeugt,41.42,9,bewunderte,1.17,10,50.0,"Der_Liebhaber bewunderte den_Komponist,
weil er von_Anfang_an verzaubert_war und die_Musik genoss.",Was genoss er?,die Musik,Schwindel,sie,er,F
nonamb,10,5,NP2,NP1-Causality,sie,nonamb,"Die Liebhaberin bewunderte die Komponistin, weil sie von Anfang an verzaubert war und die Musik genoss.",Was genoss sie? (die Musik / Schwindel),admired,ExpStim,7,74,2.0,-92,überzeugt,41.42,9,bewunderte,1.17,10,50.0,"Die_Liebhaberin bewunderte die_Komponistin,
weil sie von_Anfang_an verzaubert_war und die_Musik genoss.",Was genoss sie?,die Musik,Schwindel,sie,er,F
nonamb,10,5,NP2,NP1-Causality,sie,nonamb,"Die Liebhaberin bewunderte den Komponist, weil sie von Anfang an verzaubert war und die Musik genoss.",Was genoss sie? (die Musik / Schwindel),admired,ExpStim,7,74,2.0,-92,überzeugt,41.42,9,bewunderte,1.17,10,50.0,"Die_Liebhaberin bewunderte den_Komponist,
weil sie von_Anfang_an verzaubert_war und die_Musik genoss.",Was genoss sie?,die Musik,Schwindel,sie,er,F
nonamb,9,5,NP2,NP2-Causality,sie,nonamb,"Der Liebhaber bewunderte die Komponistin, weil sie von Anfang an talentiert war und Meisterwerke verfasste.",Was verfasste sie? (Meisterwerke / Schwindel),admired,ExpStim,7,74,2.0,-92,talentiert,2.73,10,bewunderte,1.17,10,50.0,"Der_Liebhaber bewunderte die_Komponistin,
weil sie von_Anfang_an talentiert_war und Meisterwerke verfasste.",Was verfasste sie?,Meisterwerke,Schwindel,er,er,F
nonamb,9,5,NP2,NP2-Causality,er,nonamb,"Der Liebhaber bewunderte den Komponist, weil er von Anfang an talentiert war und Meisterwerke verfasste.",Was verfasste er? (Meisterwerke / Schwindel),admired,ExpStim,7,74,2.0,-92,talentiert,2.73,10,bewunderte,1.17,10,50.0,"Der_Liebhaber bewunderte den_Komponist,
weil er von_Anfang_an talentiert_war und Meisterwerke verfasste.",Was verfasste er?,Meisterwerke,Schwindel,er,er,F
nonamb,9,5,NP2,NP2-Causality,sie,nonamb,"Die Liebhaberin bewunderte die Komponistin, weil sie von Anfang an talentiert war und Meisterwerke verfasste.",Was verfasste sie? (Meisterwerke / Schwindel),admired,ExpStim,7,74,2.0,-92,talentiert,2.73,10,bewunderte,1.17,10,50.0,"Die_Liebhaberin bewunderte die_Komponistin,
weil sie von_Anfang_an talentiert_war und Meisterwerke verfasste.",Was verfasste sie?,Meisterwerke,Schwindel,er,er,F
nonamb,9,5,NP2,NP2-Causality,er,nonamb,"Die Liebhaberin bewunderte den Komponist, weil er von Anfang an talentiert war und Meisterwerke verfasste.",Was verfasste er? (Meisterwerke / Schwindel),admired,ExpStim,7,74,2.0,-92,talentiert,2.73,10,bewunderte,1.17,10,50.0,"Die_Liebhaberin bewunderte den_Komponist,
weil er von_Anfang_an talentiert_war und Meisterwerke verfasste.",Was verfasste er?,Meisterwerke,Schwindel,er,er,F
nonamb,10,89,NP2,NP1-Causality,er,nonamb,"Der Angehörige dankte der Nonne, weil er bis zum Ende höflich war und Anstand bewahrte.",Was bewahrte er? (Anstand / die Aufklärung),thanked,AgEvo,7,37,2.31,-92,höflich,5.82,7,dankte,2.58,8,100.0,"Der_Angehörige dankte der_Nonne,
weil er bis_zum_Ende höflich_war und Anstand bewahrte.",Was bewahrte er?,Anstand,die Aufklärung,er,sie,F
nonamb,10,89,NP2,NP1-Causality,er,nonamb,"Der Angehörige dankte dem Mönch, weil er bis zum Ende höflich war und Anstand bewahrte.",Was bewahrte er? (Anstand / die Aufklärung),thanked,AgEvo,7,37,2.31,-92,höflich,5.82,7,dankte,2.58,8,100.0,"Der_Angehörige dankte dem_Mönch,
weil er bis_zum_Ende höflich_war und Anstand bewahrte.",Was bewahrte er?,Anstand,die Aufklärung,er,sie,F
nonamb,10,89,NP2,NP1-Causality,sie,nonamb,"Die Angehörige dankte der Nonne, weil sie bis zum Ende höflich war und Anstand bewahrte.",Was bewahrte sie? (Anstand / die Aufklärung),thanked,AgEvo,7,37,2.31,-92,höflich,5.82,7,dankte,2.58,8,100.0,"Die_Angehörige dankte der_Nonne,
weil sie bis_zum_Ende höflich_war und Anstand bewahrte.",Was bewahrte sie?,Anstand,die Aufklärung,er,sie,F
nonamb,10,89,NP2,NP1-Causality,sie,nonamb,"Die Angehörige dankte dem Mönch, weil sie bis zum Ende höflich war und Anstand bewahrte.",Was bewahrte sie? (Anstand / die Aufklärung),thanked,AgEvo,7,37,2.31,-92,höflich,5.82,7,dankte,2.58,8,100.0,"Die_Angehörige dankte dem_Mönch,
weil sie bis_zum_Ende höflich_war und Anstand bewahrte.",Was bewahrte sie?,Anstand,die Aufklärung,er,sie,F
nonamb,9,89,NP2,NP2-Causality,sie,nonamb,"Der Angehörige dankte der Nonne, weil sie bis zum Ende gütig war und Mitgefühl zeigte.",Was zeigte sie? (Mitgefühl / die Aufklärung),thanked,AgEvo,7,37,2.31,-92,gütig,2.94,5,dankte,2.58,8,100.0,"Der_Angehörige dankte der_Nonne,
weil sie bis_zum_Ende gütig_war und Mitgefühl zeigte.",Was zeigte sie?,Mitgefühl,die Aufklärung,er,sie,F
nonamb,9,89,NP2,NP2-Causality,er,nonamb,"Der Angehörige dankte dem Mönch, weil er bis zum Ende gütig war und Mitgefühl zeigte.",Was zeigte er? (Mitgefühl / die Aufklärung),thanked,AgEvo,7,37,2.31,-92,gütig,2.94,5,dankte,2.58,8,100.0,"Der_Angehörige dankte dem_Mönch,
weil er bis_zum_Ende gütig_war und Mitgefühl zeigte.",Was zeigte er?,Mitgefühl,die Aufklärung,er,sie,F
nonamb,9,89,NP2,NP2-Causality,sie,nonamb,"Die Angehörige dankte der Nonne, weil sie bis zum Ende gütig war und Mitgefühl zeigte.",Was zeigte sie? (Mitgefühl / die Aufklärung),thanked,AgEvo,7,37,2.31,-92,gütig,2.94,5,dankte,2.58,8,100.0,"Die_Angehörige dankte der_Nonne,
weil sie bis_zum_Ende gütig_war und Mitgefühl zeigte.",Was zeigte sie?,Mitgefühl,die Aufklärung,er,sie,F
nonamb,9,89,NP2,NP2-Causality,er,nonamb,"Die Angehörige dankte dem Mönch, weil er bis zum Ende gütig war und Mitgefühl zeigte.",Was zeigte er? (Mitgefühl / die Aufklärung),thanked,AgEvo,7,37,2.31,-92,gütig,2.94,5,dankte,2.58,8,100.0,"Die_Angehörige dankte dem_Mönch,
weil er bis_zum_Ende gütig_war und Mitgefühl zeigte.",Was zeigte er?,Mitgefühl,die Aufklärung,er,sie,F
nonamb,10,107,NP2,NP1-Causality,er,nonamb,"Der Vater trug die Tochter, weil er nachmittags energetisch war und die Zeit drängte.",Wann war er energetisch? (nachmittags / seit Jahren),carried,AgP,7,0,0.09,-92,kräftig,31.54,7,trug,22.4,4,68.75,"Der_Vater trug die_Tochter,
weil er nachmittags energetisch_war und die_Zeit drängte.",Wann war er energetisch?,nachmittags,seit Jahren,er,er,F
nonamb,10,107,NP2,NP1-Causality,er,nonamb,"Der Vater trug den Sohn, weil er nachmittags energetisch war und die Zeit drängte.",Wann war er energetisch? (nachmittags / seit Jahren),carried,AgP,7,0,0.09,-92,kräftig,31.54,7,trug,22.4,4,68.75,"Der_Vater trug den_Sohn,
weil er nachmittags energetisch_war und die_Zeit drängte.",Wann war er energetisch?,nachmittags,seit Jahren,er,er,F
nonamb,10,107,NP2,NP1-Causality,sie,nonamb,"Die Mutter trug die Tochter, weil sie nachmittags energetisch war und die Zeit drängte.",Wann war sie energetisch? (nachmittags / seit Jahren),carried,AgP,7,0,0.09,-92,kräftig,31.54,7,trug,22.4,4,68.75,"Die_Mutter trug die_Tochter,
weil sie nachmittags energetisch_war und die_Zeit drängte.",Wann war sie energetisch?,nachmittags,seit Jahren,er,er,F
nonamb,10,107,NP2,NP1-Causality,sie,nonamb,"Die Mutter trug den Sohn, weil sie nachmittags energetisch war und die Zeit drängte.",Wann war sie energetisch? (nachmittags / seit Jahren),carried,AgP,7,0,0.09,-92,kräftig,31.54,7,trug,22.4,4,68.75,"Die_Mutter trug den_Sohn,
weil sie nachmittags energetisch_war und die_Zeit drängte.",Wann war sie energetisch?,nachmittags,seit Jahren,er,er,F
nonamb,9,107,NP2,NP2-Causality,sie,nonamb,"Der Vater trug die Tochter, weil sie nachmittags erschöpft war und die Unterstützung brauchte.",Wann war sie erschöpft? (nachmittags / seit Jahren),carried,AgP,7,0,0.09,-92,erschöpft,10.12,9,trug,22.4,4,68.75,"Der_Vater trug die_Tochter,
weil sie nachmittags erschöpft_war und die_Unterstützung brauchte.",Wann war sie erschöpft?,nachmittags,seit Jahren,er,er,F
nonamb,9,107,NP2,NP2-Causality,er,nonamb,"Der Vater trug den Sohn, weil er nachmittags erschöpft war und die Unterstützung brauchte.",Wann war er erschöpft? (nachmittags / seit Jahren),carried,AgP,7,0,0.09,-92,erschöpft,10.12,9,trug,22.4,4,68.75,"Der_Vater trug den_Sohn,
weil er nachmittags erschöpft_war und die_Unterstützung brauchte.",Wann war er erschöpft?,nachmittags,seit Jahren,er,er,F
nonamb,9,107,NP2,NP2-Causality,sie,nonamb,"Die Mutter trug die Tochter, weil sie nachmittags erschöpft war und die Unterstützung brauchte.",Wann war sie erschöpft? (nachmittags / seit Jahren),carried,AgP,7,0,0.09,-92,erschöpft,10.12,9,trug,22.4,4,68.75,"Die_Mutter trug die_Tochter,
weil sie nachmittags erschöpft_war und die_Unterstützung brauchte.",Wann war sie erschöpft?,nachmittags,seit Jahren,er,er,F
nonamb,9,107,NP2,NP2-Causality,er,nonamb,"Die Mutter trug den Sohn, weil er nachmittags erschöpft war und die Unterstützung brauchte.",Wann war er erschöpft? (nachmittags / seit Jahren),carried,AgP,7,0,0.09,-92,erschöpft,10.12,9,trug,22.4,4,68.75,"Die_Mutter trug den_Sohn,
weil er nachmittags erschöpft_war und die_Unterstützung brauchte.",Wann war er erschöpft?,nachmittags,seit Jahren,er,er,F
nonamb,10,83,NP2,NP1-Causality,er,nonamb,"Der Jugendliche hasste die Lehrerin, weil er das ganze Jahr aktiv war und Demütigungen erlebte.",Wer hasste die Lehrerin? (Der Jugendliche / Der Makler),hated,ExpStim,5,263,-2.55,-91,verletzt,50.64,8,hasste,0.91,6,100.0,"Der_Jugendliche hasste die_Lehrerin,
weil er das_ganze_Jahr aktiv_war und Demütigungen erlebte.",Wer hasste die Lehrerin?,Der Jugendliche,Der Makler,er,er,F
nonamb,10,83,NP2,NP1-Causality,er,nonamb,"Der Jugendliche hasste den Lehrer, weil er das ganze Jahr aktiv war und Demütigungen erlebte.",Wer hasste den Lehrer? (Der Jugendliche / Der Akrobat),hated,ExpStim,5,263,-2.55,-91,verletzt,50.64,8,hasste,0.91,6,100.0,"Der_Jugendliche hasste den_Lehrer,
weil er das_ganze_Jahr aktiv_war und Demütigungen erlebte.",Wer hasste den Lehrer?,Der Jugendliche,Der Akrobat,er,er,F
nonamb,10,83,NP2,NP1-Causality,sie,nonamb,"Die Jugendliche hasste die Lehrerin, weil sie das ganze Jahr aktiv war und Demütigungen erlebte.",Wer hasste die Lehrerin? (Die Jugendliche / Die Schäferhündin),hated,ExpStim,5,263,-2.55,-91,verletzt,50.64,8,hasste,0.91,6,100.0,"Die_Jugendliche hasste die_Lehrerin,
weil sie das_ganze_Jahr aktiv_war und Demütigungen erlebte.",Wer hasste die Lehrerin?,Die Jugendliche,Die Schäferhündin,sie,sie,F
nonamb,10,83,NP2,NP1-Causality,sie,nonamb,"Die Jugendliche hasste den Lehrer, weil sie das ganze Jahr aktiv war und Demütigungen erlebte.",Wer hasste den Lehrer? (Die Jugendliche / Die Therapeutin),hated,ExpStim,5,263,-2.55,-91,verletzt,50.64,8,hasste,0.91,6,100.0,"Die_Jugendliche hasste den_Lehrer,
weil sie das_ganze_Jahr aktiv_war und Demütigungen erlebte.",Wer hasste den Lehrer?,Die Jugendliche,Die Therapeutin,sie,sie,F
nonamb,9,83,NP2,NP2-Causality,sie,nonamb,"Der Jugendliche hasste die Lehrerin, weil sie das ganze Jahr streng war und Geringschätzung zeigte.",Wer hasste die Lehrerin? (Der Jugendliche / Der Botaniker),hated,ExpStim,5,263,-2.55,-91,streng,39.98,6,hasste,0.91,6,100.0,"Der_Jugendliche hasste die_Lehrerin,
weil sie das_ganze_Jahr streng_war und Geringschätzung zeigte.",Wer hasste die Lehrerin?,Der Jugendliche,Der Botaniker,er,er,F
nonamb,9,83,NP2,NP2-Causality,er,nonamb,"Der Jugendliche hasste den Lehrer, weil er das ganze Jahr streng war und Geringschätzung zeigte.",Wer hasste den Lehrer? (Der Jugendliche / Der Judokämpfer),hated,ExpStim,5,263,-2.55,-91,streng,39.98,6,hasste,0.91,6,100.0,"Der_Jugendliche hasste den_Lehrer,
weil er das_ganze_Jahr streng_war und Geringschätzung zeigte.",Wer hasste den Lehrer?,Der Jugendliche,Der Judokämpfer,er,er,F
nonamb,9,83,NP2,NP2-Causality,sie,nonamb,"Die Jugendliche hasste die Lehrerin, weil sie das ganze Jahr streng war und Geringschätzung zeigte.",Wer hasste die Lehrerin? (Die Jugendliche / Die Enkelin),hated,ExpStim,5,263,-2.55,-91,streng,39.98,6,hasste,0.91,6,100.0,"Die_Jugendliche hasste die_Lehrerin,
weil sie das_ganze_Jahr streng_war und Geringschätzung zeigte.",Wer hasste die Lehrerin?,Die Jugendliche,Die Enkelin,sie,sie,F
nonamb,9,83,NP2,NP2-Causality,er,nonamb,"Die Jugendliche hasste den Lehrer, weil er das ganze Jahr streng war und Geringschätzung zeigte.",Wer hasste den Lehrer? (Die Jugendliche / Die Oma),hated,ExpStim,5,263,-2.55,-91,streng,39.98,6,hasste,0.91,6,100.0,"Die_Jugendliche hasste den_Lehrer,
weil er das_ganze_Jahr streng_war und Geringschätzung zeigte.",Wer hasste den Lehrer?,Die Jugendliche,Die Oma,sie,sie,F
nonamb,10,41,NP2,NP1-Causality,er,nonamb,"Der Kaiser mochte die Gladiatorin, weil er schon seit Langem schaulustig war und den Nervenkitzel genoss.",Wen mochte der Kaiser? (die Gladiatorin / die Nonne),liked,ExpStim,5,0,1.73,-91,mutig,13.77,5,mochte,5.94,6,18.75,"Der_Kaiser mochte die_Gladiatorin,
weil er schon_seit_Langem schaulustig_war und den_Nervenkitzel genoss.",Wen mochte der Kaiser?,die Gladiatorin,die Nonne,sie,sie,F
nonamb,10,41,NP2,NP1-Causality,er,nonamb,"Der Kaiser mochte den Gladiator, weil er schon seit Langem schaulustig war und den Nervenkitzel genoss.",Wen mochte der Kaiser? (den Gladiator / den Prinzen),liked,ExpStim,5,0,1.73,-91,mutig,13.77,5,mochte,5.94,6,18.75,"Der_Kaiser mochte den_Gladiator,
weil er schon_seit_Langem schaulustig_war und den_Nervenkitzel genoss.",Wen mochte der Kaiser?,den Gladiator,den Prinzen,er,er,F
nonamb,10,41,NP2,NP1-Causality,sie,nonamb,"Die Kaiserin mochte die Gladiatorin, weil sie schon seit Langem schaulustig war und den Nervenkitzel genoss.",Wen mochte die Kaiserin? (die Gladiatorin / die Kuh),liked,ExpStim,5,0,1.73,-91,mutig,13.77,5,mochte,5.94,6,18.75,"Die_Kaiserin mochte die_Gladiatorin,
weil sie schon_seit_Langem schaulustig_war und den_Nervenkitzel genoss.",Wen mochte die Kaiserin?,die Gladiatorin,die Kuh,sie,sie,F
nonamb,10,41,NP2,NP1-Causality,sie,nonamb,"Die Kaiserin mochte den Gladiator, weil sie schon seit Langem schaulustig war und den Nervenkitzel genoss.",Wen mochte die Kaiserin? (den Gladiator / den Patient),liked,ExpStim,5,0,1.73,-91,mutig,13.77,5,mochte,5.94,6,18.75,"Die_Kaiserin mochte den_Gladiator,
weil sie schon_seit_Langem schaulustig_war und den_Nervenkitzel genoss.",Wen mochte die Kaiserin?,den Gladiator,den Patient,er,er,F
nonamb,9,41,NP2,NP2-Causality,sie,nonamb,"Der Kaiser mochte die Gladiatorin, weil sie schon seit Langem mutig war und Gewandheit zeigte.",Wen mochte der Kaiser? (die Gladiatorin / die Bestatterin),liked,ExpStim,5,0,1.73,-91,schaulustig,0.07,11,mochte,5.94,6,18.75,"Der_Kaiser mochte die_Gladiatorin,
weil sie schon_seit_Langem mutig_war und Gewandheit zeigte.",Wen mochte der Kaiser?,die Gladiatorin,die Bestatterin,sie,sie,F
nonamb,9,41,NP2,NP2-Causality,er,nonamb,"Der Kaiser mochte den Gladiator, weil er schon seit Langem mutig war und Gewandheit zeigte.",Wen mochte der Kaiser? (den Gladiator / den Vater),liked,ExpStim,5,0,1.73,-91,schaulustig,0.07,11,mochte,5.94,6,18.75,"Der_Kaiser mochte den_Gladiator,
weil er schon_seit_Langem mutig_war und Gewandheit zeigte.",Wen mochte der Kaiser?,den Gladiator,den Vater,er,er,F
nonamb,9,41,NP2,NP2-Causality,sie,nonamb,"Die Kaiserin mochte die Gladiatorin, weil sie schon seit Langem mutig war und Gewandheit zeigte.",Wen mochte die Kaiserin? (die Gladiatorin / die Patientin),liked,ExpStim,5,0,1.73,-91,schaulustig,0.07,11,mochte,5.94,6,18.75,"Die_Kaiserin mochte die_Gladiatorin,
weil sie schon_seit_Langem mutig_war und Gewandheit zeigte.",Wen mochte die Kaiserin?,die Gladiatorin,die Patientin,sie,sie,F
nonamb,9,41,NP2,NP2-Causality,er,nonamb,"Die Kaiserin mochte den Gladiator, weil er schon seit Langem mutig war und Gewandheit zeigte.",Wen mochte die Kaiserin? (den Gladiator / den Bullen),liked,ExpStim,5,0,1.73,-91,schaulustig,0.07,11,mochte,5.94,6,18.75,"Die_Kaiserin mochte den_Gladiator,
weil er schon_seit_Langem mutig_war und Gewandheit zeigte.",Wen mochte die Kaiserin?,den Gladiator,den Bullen,er,er,F
nonamb,10,30,NP2,NP1-Causality,er,nonamb,"Der Trainer bevorzugte die Spielerin, weil er immer wieder parteiisch war und Vorteile einräumte.",Wann war er parteiisch? (immer wieder / seit Längerem),favoured,ExpStim,8,995,1.27,-89,verliebt,11.94,8,bevorzugte,3.6,10,93.75,"Der_Trainer bevorzugte die_Spielerin,
weil er immer_wieder parteiisch_war und Vorteile einräumte.",Wann war er parteiisch?,immer wieder,seit Längerem,er,er,F
nonamb,10,30,NP2,NP1-Causality,er,nonamb,"Der Trainer bevorzugte den Spieler, weil er immer wieder parteiisch war und Vorteile einräumte.",Wann war er parteiisch? (immer wieder / seit Längerem),favoured,ExpStim,8,995,1.27,-89,verliebt,11.94,8,bevorzugte,3.6,10,93.75,"Der_Trainer bevorzugte den_Spieler,
weil er immer_wieder parteiisch_war und Vorteile einräumte.",Wann war er parteiisch?,immer wieder,seit Längerem,er,er,F
nonamb,10,30,NP2,NP1-Causality,sie,nonamb,"Die Trainerin bevorzugte die Spielerin, weil sie immer wieder parteiisch war und Vorteile einräumte.",Wann war sie parteiisch? (immer wieder / seit Längerem),favoured,ExpStim,8,995,1.27,-89,verliebt,11.94,8,bevorzugte,3.6,10,93.75,"Die_Trainerin bevorzugte die_Spielerin,
weil sie immer_wieder parteiisch_war und Vorteile einräumte.",Wann war sie parteiisch?,immer wieder,seit Längerem,er,er,F
nonamb,10,30,NP2,NP1-Causality,sie,nonamb,"Die Trainerin bevorzugte den Spieler, weil sie immer wieder parteiisch war und Vorteile einräumte.",Wann war sie parteiisch? (immer wieder / seit Längerem),favoured,ExpStim,8,995,1.27,-89,verliebt,11.94,8,bevorzugte,3.6,10,93.75,"Die_Trainerin bevorzugte den_Spieler,
weil sie immer_wieder parteiisch_war und Vorteile einräumte.",Wann war sie parteiisch?,immer wieder,seit Längerem,er,er,F
nonamb,9,30,NP2,NP2-Causality,sie,nonamb,"Der Trainer bevorzugte die Spielerin, weil sie immer wieder siegreich war und Erfolgre einfuhr.",Wann war sie siegreich? (immer wieder / seit Längerem),favoured,ExpStim,8,995,1.27,-89,gewinnbringend,2.45,14,bevorzugte,3.6,10,93.75,"Der_Trainer bevorzugte die_Spielerin,
weil sie immer_wieder siegreich_war und Erfolgre einfuhr.",Wann war sie siegreich?,immer wieder,seit Längerem,er,er,F
nonamb,9,30,NP2,NP2-Causality,er,nonamb,"Der Trainer bevorzugte den Spieler, weil er immer wieder siegreich war und Erfolgre einfuhr.",Wann war er siegreich? (immer wieder / seit Längerem),favoured,ExpStim,8,995,1.27,-89,gewinnbringend,2.45,14,bevorzugte,3.6,10,93.75,"Der_Trainer bevorzugte den_Spieler,
weil er immer_wieder siegreich_war und Erfolgre einfuhr.",Wann war er siegreich?,immer wieder,seit Längerem,er,er,F
nonamb,9,30,NP2,NP2-Causality,sie,nonamb,"Die Trainerin bevorzugte die Spielerin, weil sie immer wieder siegreich war und Erfolgre einfuhr.",Wann war sie siegreich? (immer wieder / seit Längerem),favoured,ExpStim,8,995,1.27,-89,gewinnbringend,2.45,14,bevorzugte,3.6,10,93.75,"Die_Trainerin bevorzugte die_Spielerin,
weil sie immer_wieder siegreich_war und Erfolgre einfuhr.",Wann war sie siegreich?,immer wieder,seit Längerem,er,er,F
nonamb,9,30,NP2,NP2-Causality,er,nonamb,"Die Trainerin bevorzugte den Spieler, weil er immer wieder siegreich war und Erfolgre einfuhr.",Wann war er siegreich? (immer wieder / seit Längerem),favoured,ExpStim,8,995,1.27,-89,gewinnbringend,2.45,14,bevorzugte,3.6,10,93.75,"Die_Trainerin bevorzugte den_Spieler,
weil er immer_wieder siegreich_war und Erfolgre einfuhr.",Wann war er siegreich?,immer wieder,seit Längerem,er,er,F
nonamb,10,53,NP2,NP1-Causality,er,nonamb,"Der Anführer lobte die Kriegerin, weil er von Anfang an anerkennend war und die Stärke bewunderte.",Wer lobte die Kriegerin? (Der Anführer / Der Bauer),praised,AgEvo,7,226,1.82,-87,anerkennend,1.13,11,lobte,4.7,5,93.75,"Der_Anführer lobte die_Kriegerin,
weil er von_Anfang_an anerkennend_war und die_Stärke bewunderte.",Wer lobte die Kriegerin?,Der Anführer,Der Bauer,er,er,F
nonamb,10,53,NP2,NP1-Causality,er,nonamb,"Der Anführer lobte den Krieger, weil er von Anfang an anerkennend war und die Stärke bewunderte.",Wer lobte den Krieger? (Der Anführer / Der Richter),praised,AgEvo,7,226,1.82,-87,anerkennend,1.13,11,lobte,4.7,5,93.75,"Der_Anführer lobte den_Krieger,
weil er von_Anfang_an anerkennend_war und die_Stärke bewunderte.",Wer lobte den Krieger?,Der Anführer,Der Richter,er,er,F
nonamb,10,53,NP2,NP1-Causality,sie,nonamb,"Die Anführerin lobte die Kriegerin, weil sie von Anfang an anerkennend war und die Stärke bewunderte.",Wer lobte die Kriegerin? (Die Anführerin / die Politikerin),praised,AgEvo,7,226,1.82,-87,anerkennend,1.13,11,lobte,4.7,5,93.75,"Die_Anführerin lobte die_Kriegerin,
weil sie von_Anfang_an anerkennend_war und die_Stärke bewunderte.",Wer lobte die Kriegerin?,Die Anführerin,die Politikerin,sie,sie,F
nonamb,10,53,NP2,NP1-Causality,sie,nonamb,"Die Anführerin lobte den Krieger, weil sie von Anfang an anerkennend war und die Stärke bewunderte.",Wer lobte den Krieger? (Die Anführerin / Die Hündin),praised,AgEvo,7,226,1.82,-87,anerkennend,1.13,11,lobte,4.7,5,93.75,"Die_Anführerin lobte den_Krieger,
weil sie von_Anfang_an anerkennend_war und die_Stärke bewunderte.",Wer lobte den Krieger?,Die Anführerin,Die Hündin,sie,sie,F
nonamb,9,53,NP2,NP2-Causality,sie,nonamb,"Der Anführer lobte die Kriegerin, weil sie von Anfang an tapfer war und die Gefahr abwand.",Wer lobte die Kriegerin? (Der Anführer / Der Makler),praised,AgEvo,7,226,1.82,-87,tapfer,6.05,6,lobte,4.7,5,93.75,"Der_Anführer lobte die_Kriegerin,
weil sie von_Anfang_an tapfer_war und die_Gefahr abwand.",Wer lobte die Kriegerin?,Der Anführer,Der Makler,er,er,F
nonamb,9,53,NP2,NP2-Causality,er,nonamb,"Der Anführer lobte den Krieger, weil er von Anfang an tapfer war und die Gefahr abwand.",Wer lobte den Krieger? (Der Anführer / Der Freund),praised,AgEvo,7,226,1.82,-87,tapfer,6.05,6,lobte,4.7,5,93.75,"Der_Anführer lobte den_Krieger,
weil er von_Anfang_an tapfer_war und die_Gefahr abwand.",Wer lobte den Krieger?,Der Anführer,Der Freund,er,er,F
nonamb,9,53,NP2,NP2-Causality,sie,nonamb,"Die Anführerin lobte die Kriegerin, weil sie von Anfang an tapfer war und die Gefahr abwand.",Wer lobte die Kriegerin? (Die Anführerin / Die Assistentin),praised,AgEvo,7,226,1.82,-87,tapfer,6.05,6,lobte,4.7,5,93.75,"Die_Anführerin lobte die_Kriegerin,
weil sie von_Anfang_an tapfer_war und die_Gefahr abwand.",Wer lobte die Kriegerin?,Die Anführerin,Die Assistentin,sie,sie,F
nonamb,9,53,NP2,NP2-Causality,er,nonamb,"Die Anführerin lobte den Krieger, weil er von Anfang an tapfer war und die Gefahr abwand.",Wer lobte den Krieger? (Die Anführerin / Die Soldatin),praised,AgEvo,7,226,1.82,-87,tapfer,6.05,6,lobte,4.7,5,93.75,"Die_Anführerin lobte den_Krieger,
weil er von_Anfang_an tapfer_war und die_Gefahr abwand.",Wer lobte den Krieger?,Die Anführerin,Die Soldatin,sie,sie,F
nonamb,9,18,NP2,NP1-Causality,er,nonamb,"Der Senior verachtete die Dame, weil er an dem Abend gekrängt war und Demütigung erfuhr.",Was erfuhr er? (Demütigung / die Richtlinien),despised,ExpStim,8,23,-2.82,-87,vulgär,0.91,6,verachtete,0.71,8,75.0,"Der_Senior verachtete die_Dame,
weil er an_dem_Abend gekrängt_war und Demütigung erfuhr.",Was erfuhr er?,Demütigung,die Richtlinien,er,sie,F
nonamb,9,18,NP2,NP1-Causality,er,nonamb,"Der Senior verachtete den Herren, weil er an dem Abend gekrängt war und Demütigung erfuhr.",Was erfuhr er? (Demütigung / die Richtlinien),despised,ExpStim,8,23,-2.82,-87,vulgär,0.91,6,verachtete,0.71,8,75.0,"Der_Senior verachtete den_Herren,
weil er an_dem_Abend gekrängt_war und Demütigung erfuhr.",Was erfuhr er?,Demütigung,die Richtlinien,er,sie,F
nonamb,9,18,NP2,NP1-Causality,sie,nonamb,"Die Seniorin verachtete die Dame, weil sie an dem Abend gekrängt war und Demütigung erfuhr.",Was erfuhr sie? (Demütigung / die Richtlinien),despised,ExpStim,8,23,-2.82,-87,vulgär,0.91,6,verachtete,0.71,8,75.0,"Die_Seniorin verachtete die_Dame,
weil sie an_dem_Abend gekrängt_war und Demütigung erfuhr.",Was erfuhr sie?,Demütigung,die Richtlinien,er,sie,F
nonamb,9,18,NP2,NP1-Causality,sie,nonamb,"Die Seniorin verachtete den Herren, weil sie an dem Abend gekrängt war und Demütigung erfuhr.",Was erfuhr sie? (Demütigung / die Richtlinien),despised,ExpStim,8,23,-2.82,-87,vulgär,0.91,6,verachtete,0.71,8,75.0,"Die_Seniorin verachtete den_Herren,
weil sie an_dem_Abend gekrängt_war und Demütigung erfuhr.",Was erfuhr sie?,Demütigung,die Richtlinien,er,sie,F
nonamb,10,18,NP2,NP2-Causality,sie,nonamb,"Der Senior verachtete die Dame, weil sie an dem Abend vulgär war und Missgunst kommunizierte.",Was kommunizierte sie? (Missgunst / die Richtlinien),despised,ExpStim,8,23,-2.82,-87,Anstand,3.01,7,verachtete,0.71,8,75.0,"Der_Senior verachtete die_Dame,
weil sie an_dem_Abend vulgär_war und Missgunst kommunizierte.",Was kommunizierte sie?,Missgunst,die Richtlinien,er,sie,F
nonamb,10,18,NP2,NP2-Causality,er,nonamb,"Der Senior verachtete den Herren, weil er an dem Abend vulgär war und Missgunst kommunizierte.",Was kommunizierte er? (Missgunst / die Richtlinien),despised,ExpStim,8,23,-2.82,-87,Anstand,3.01,7,verachtete,0.71,8,75.0,"Der_Senior verachtete den_Herren,
weil er an_dem_Abend vulgär_war und Missgunst kommunizierte.",Was kommunizierte er?,Missgunst,die Richtlinien,er,sie,F
nonamb,10,18,NP2,NP2-Causality,sie,nonamb,"Die Seniorin verachtete die Dame, weil sie an dem Abend vulgär war und Missgunst kommunizierte.",Was kommunizierte sie? (Missgunst / die Richtlinien),despised,ExpStim,8,23,-2.82,-87,Anstand,3.01,7,verachtete,0.71,8,75.0,"Die_Seniorin verachtete die_Dame,
weil sie an_dem_Abend vulgär_war und Missgunst kommunizierte.",Was kommunizierte sie?,Missgunst,die Richtlinien,er,sie,F
nonamb,10,18,NP2,NP2-Causality,er,nonamb,"Die Seniorin verachtete den Herren, weil er an dem Abend vulgär war und Missgunst kommunizierte.",Was kommunizierte er? (Missgunst / die Richtlinien),despised,ExpStim,8,23,-2.82,-87,Anstand,3.01,7,verachtete,0.71,8,75.0,"Die_Seniorin verachtete den_Herren,
weil er an_dem_Abend vulgär_war und Missgunst kommunizierte.",Was kommunizierte er?,Missgunst,die Richtlinien,er,sie,F
nonamb,10,119,NP2,NP1-Causality,er,nonamb,"Der Versuchsleiter belohnte die Probandin, weil er seit kurzer Zeit dankbar war und den Einsatz schätzte.",Wen belohnte der Versuchsleiter? (die Probandin / der Nonne),rewarded,AgEvo,8,235,2.45,-85,dankbar,19.83,7,belohnte,0.35,8,87.5,"Der_Versuchsleiter belohnte die_Probandin,
weil er seit_kurzer_Zeit dankbar_war und den_Einsatz schätzte.",Wen belohnte der Versuchsleiter?,die Probandin,der Nonne,sie,er,F
nonamb,10,119,NP2,NP1-Causality,er,nonamb,"Der Versuchsleiter belohnte den Probanden, weil er seit kurzer Zeit dankbar war und den Einsatz schätzte.",Wen belohnte der Versuchsleiter? (den Probanden / der Besitzer),rewarded,AgEvo,8,235,2.45,-85,dankbar,19.83,7,belohnte,0.35,8,87.5,"Der_Versuchsleiter belohnte den_Probanden,
weil er seit_kurzer_Zeit dankbar_war und den_Einsatz schätzte.",Wen belohnte der Versuchsleiter?,den Probanden,der Besitzer,er,er,F
nonamb,10,119,NP2,NP1-Causality,sie,nonamb,"Die Versuchsleiterin belohnte die Probandin, weil sie seit kurzer Zeit dankbar war und den Einsatz schätzte.",Wen belohnte die Versuchsleiterin? (die Probandin / die Anwohnerin),rewarded,AgEvo,8,235,2.45,-85,dankbar,19.83,7,belohnte,0.35,8,87.5,"Die_Versuchsleiterin belohnte die_Probandin,
weil sie seit_kurzer_Zeit dankbar_war und den_Einsatz schätzte.",Wen belohnte die Versuchsleiterin?,die Probandin,die Anwohnerin,sie,sie,F
nonamb,10,119,NP2,NP1-Causality,sie,nonamb,"Die Versuchsleiterin belohnte den Probanden, weil sie seit kurzer Zeit dankbar war und den Einsatz schätzte.",Wen belohnte die Versuchsleiterin? (den Probanden / den Referenten),rewarded,AgEvo,8,235,2.45,-85,dankbar,19.83,7,belohnte,0.35,8,87.5,"Die_Versuchsleiterin belohnte den_Probanden,
weil sie seit_kurzer_Zeit dankbar_war und den_Einsatz schätzte.",Wen belohnte die Versuchsleiterin?,den Probanden,den Referenten,er,er,F
nonamb,9,119,NP2,NP2-Causality,sie,nonamb,"Der Versuchsleiter belohnte die Probandin, weil sie seit kurzer Zeit aufmerksam war und Daten lieferte.",Wen belohnte der Versuchsleiter? (die Probandin / die Kundin),rewarded,AgEvo,8,235,2.45,-85,verwendbar,2.36,10,belohnte,0.35,8,87.5,"Der_Versuchsleiter belohnte die_Probandin,
weil sie seit_kurzer_Zeit aufmerksam_war und Daten lieferte.",Wen belohnte der Versuchsleiter?,die Probandin,die Kundin,sie,sie,F
nonamb,9,119,NP2,NP2-Causality,er,nonamb,"Der Versuchsleiter belohnte den Probanden, weil er seit kurzer Zeit aufmerksam war und Daten lieferte.",Wen belohnte der Versuchsleiter? (den Probanden / den Prinzen),rewarded,AgEvo,8,235,2.45,-85,verwendbar,2.36,10,belohnte,0.35,8,87.5,"Der_Versuchsleiter belohnte den_Probanden,
weil er seit_kurzer_Zeit aufmerksam_war und Daten lieferte.",Wen belohnte der Versuchsleiter?,den Probanden,den Prinzen,er,er,F
nonamb,9,119,NP2,NP2-Causality,sie,nonamb,"Die Versuchsleiterin belohnte die Probandin, weil sie seit kurzer Zeit aufmerksam war und Daten lieferte.",Wen belohnte die Versuchsleiterin? (die Probandin / die Zuhörerin),rewarded,AgEvo,8,235,2.45,-85,verwendbar,2.36,10,belohnte,0.35,8,87.5,"Die_Versuchsleiterin belohnte die_Probandin,
weil sie seit_kurzer_Zeit aufmerksam_war und Daten lieferte.",Wen belohnte die Versuchsleiterin?,die Probandin,die Zuhörerin,sie,sie,F
nonamb,9,119,NP2,NP2-Causality,er,nonamb,"Die Versuchsleiterin belohnte den Probanden, weil er seit kurzer Zeit aufmerksam war und Daten lieferte.",Wen belohnte die Versuchsleiterin? (den Probanden / den Mönch),rewarded,AgEvo,8,235,2.45,-85,verwendbar,2.36,10,belohnte,0.35,8,87.5,"Die_Versuchsleiterin belohnte den_Probanden,
weil er seit_kurzer_Zeit aufmerksam_war und Daten lieferte.",Wen belohnte die Versuchsleiterin?,den Probanden,den Mönch,er,er,F
nonamb,10,32,NP2,NP1-Causality,er,nonamb,"Der Landwirt fürchtete die Politikerin, weil er schon immer misstrauischg war und Regularien verachtete.",Was verachtete er? (Regularien / Unhöflichkeit),feared,ExpStim,6,106,-2.09,-85,bodenständig,1.58,12,fürchtete,2.98,9,12.5,"Der_Landwirt fürchtete die_Politikerin,
weil er schon_immer misstrauischg_war und Regularien verachtete.",Was verachtete er?,Regularien,Unhöflichkeit,er,er,F
nonamb,10,32,NP2,NP1-Causality,er,nonamb,"Der Landwirt fürchtete den Politiker, weil er schon immer misstrauischg war und Regularien verachtete.",Was verachtete er? (Regularien / Unhöflichkeit),feared,ExpStim,6,106,-2.09,-85,bodenständig,1.58,12,fürchtete,2.98,9,12.5,"Der_Landwirt fürchtete den_Politiker,
weil er schon_immer misstrauischg_war und Regularien verachtete.",Was verachtete er?,Regularien,Unhöflichkeit,er,er,F
nonamb,10,32,NP2,NP1-Causality,sie,nonamb,"Die Landwirtin fürchtete die Politikerin, weil sie schon immer misstrauischg war und Regularien verachtete.",Was verachtete sie? (Regularien / Unhöflichkeit),feared,ExpStim,6,106,-2.09,-85,bodenständig,1.58,12,fürchtete,2.98,9,12.5,"Die_Landwirtin fürchtete die_Politikerin,
weil sie schon_immer misstrauischg_war und Regularien verachtete.",Was verachtete sie?,Regularien,Unhöflichkeit,er,er,F
nonamb,10,32,NP2,NP1-Causality,sie,nonamb,"Die Landwirtin fürchtete den Politiker, weil sie schon immer misstrauischg war und Regularien verachtete.",Was verachtete sie? (Regularien / Unhöflichkeit),feared,ExpStim,6,106,-2.09,-85,bodenständig,1.58,12,fürchtete,2.98,9,12.5,"Die_Landwirtin fürchtete den_Politiker,
weil sie schon_immer misstrauischg_war und Regularien verachtete.",Was verachtete sie?,Regularien,Unhöflichkeit,er,er,F
nonamb,9,32,NP2,NP2-Causality,sie,nonamb,"Der Landwirt fürchtete die Politikerin, weil sie schon immer opportunistisch war und die Lage ausnutzte.",Was nutzte sie aus? (die Lage / Unhöflichkeit),feared,ExpStim,6,106,-2.09,-85,opportunistisch,1.21,15,fürchtete,2.98,9,12.5,"Der_Landwirt fürchtete die_Politikerin,
weil sie schon_immer opportunistisch_war und die_Lage ausnutzte.",Was nutzte sie aus?,die Lage,Unhöflichkeit,sie,er,F
nonamb,9,32,NP2,NP2-Causality,er,nonamb,"Der Landwirt fürchtete den Politiker, weil er schon immer opportunistisch war und die Lage ausnutzte.",Was nutzte er aus? (die Lage / Unhöflichkeit),feared,ExpStim,6,106,-2.09,-85,opportunistisch,1.21,15,fürchtete,2.98,9,12.5,"Der_Landwirt fürchtete den_Politiker,
weil er schon_immer opportunistisch_war und die_Lage ausnutzte.",Was nutzte er aus?,die Lage,Unhöflichkeit,sie,er,F
nonamb,9,32,NP2,NP2-Causality,sie,nonamb,"Die Landwirtin fürchtete die Politikerin, weil sie schon immer opportunistisch war und die Lage ausnutzte.",Was nutzte sie aus? (die Lage / Unhöflichkeit),feared,ExpStim,6,106,-2.09,-85,opportunistisch,1.21,15,fürchtete,2.98,9,12.5,"Die_Landwirtin fürchtete die_Politikerin,
weil sie schon_immer opportunistisch_war und die_Lage ausnutzte.",Was nutzte sie aus?,die Lage,Unhöflichkeit,sie,er,F
nonamb,9,32,NP2,NP2-Causality,er,nonamb,"Die Landwirtin fürchtete den Politiker, weil er schon immer opportunistisch war und die Lage ausnutzte.",Was nutzte er aus? (die Lage / Unhöflichkeit),feared,ExpStim,6,106,-2.09,-85,opportunistisch,1.21,15,fürchtete,2.98,9,12.5,"Die_Landwirtin fürchtete den_Politiker,
weil er schon_immer opportunistisch_war und die_Lage ausnutzte.",Was nutzte er aus?,die Lage,Unhöflichkeit,sie,er,F
nonamb,10,113,NP2,NP1-Causality,er,nonamb,"Der Bauer fütterte die Kuh, weil er zu der Zeit fürsorglich war und die Aufgaben erledigte.",Wen fütterte der Bauer? (die Kuh / die Nonne),fed,AgP,3,283,1.09,-85,fürsorglich,1.5,11,fütterte,0.32,8,87.5,"Der_Bauer fütterte die_Kuh,
weil er zu_der_Zeit fürsorglich_war und die_Aufgaben erledigte.",Wen fütterte der Bauer?,die Kuh,die Nonne,sie,sie,F
nonamb,10,113,NP2,NP1-Causality,er,nonamb,"Der Bauer fütterte den Bullen, weil er zu der Zeit fürsorglich war und die Aufgaben erledigte.",Wen fütterte der Bauer? (den Bullen / mit dem Gegner),fed,AgP,3,283,1.09,-85,fürsorglich,1.5,11,fütterte,0.32,8,87.5,"Der_Bauer fütterte den_Bullen,
weil er zu_der_Zeit fürsorglich_war und die_Aufgaben erledigte.",Wen fütterte der Bauer?,den Bullen,mit dem Gegner,er,er,F
nonamb,10,113,NP2,NP1-Causality,sie,nonamb,"Die Bäuerin fütterte die Kuh, weil sie zu der Zeit fürsorglich war und die Aufgaben erledigte.",Wen fütterte die Bäuerin? (die Kuh / die Erntehelferin),fed,AgP,3,283,1.09,-85,fürsorglich,1.5,11,fütterte,0.32,8,87.5,"Die_Bäuerin fütterte die_Kuh,
weil sie zu_der_Zeit fürsorglich_war und die_Aufgaben erledigte.",Wen fütterte die Bäuerin?,die Kuh,die Erntehelferin,sie,sie,F
nonamb,10,113,NP2,NP1-Causality,sie,nonamb,"Die Bäuerin fütterte den Bullen, weil sie zu der Zeit fürsorglich war und die Aufgaben erledigte.",Wen fütterte die Bäuerin? (den Bullen / den Wissenschaftler),fed,AgP,3,283,1.09,-85,fürsorglich,1.5,11,fütterte,0.32,8,87.5,"Die_Bäuerin fütterte den_Bullen,
weil sie zu_der_Zeit fürsorglich_war und die_Aufgaben erledigte.",Wen fütterte die Bäuerin?,den Bullen,den Wissenschaftler,er,er,F
nonamb,9,113,NP2,NP2-Causality,sie,nonamb,"Der Bauer fütterte die Kuh, weil sie zu der Zeit hungrig war und eine Mahlzeit einforderte.",Wen fütterte der Bauer? (die Kuh / die Nachbarin),fed,AgP,3,283,1.09,-85,mager,5.0,5,fütterte,0.32,8,87.5,"Der_Bauer fütterte die_Kuh,
weil sie zu_der_Zeit hungrig_war und eine_Mahlzeit einforderte.",Wen fütterte der Bauer?,die Kuh,die Nachbarin,sie,sie,F
nonamb,9,113,NP2,NP2-Causality,er,nonamb,"Der Bauer fütterte den Bullen, weil er zu der Zeit hungrig war und eine Mahlzeit einforderte.",Wen fütterte der Bauer? (den Bullen / den Puppenspieler),fed,AgP,3,283,1.09,-85,mager,5.0,5,fütterte,0.32,8,87.5,"Der_Bauer fütterte den_Bullen,
weil er zu_der_Zeit hungrig_war und eine_Mahlzeit einforderte.",Wen fütterte der Bauer?,den Bullen,den Puppenspieler,er,er,F
nonamb,9,113,NP2,NP2-Causality,sie,nonamb,"Die Bäuerin fütterte die Kuh, weil sie zu der Zeit hungrig war und eine Mahlzeit einforderte.",Wen fütterte die Bäuerin? (die Kuh / die Reisende),fed,AgP,3,283,1.09,-85,mager,5.0,5,fütterte,0.32,8,87.5,"Die_Bäuerin fütterte die_Kuh,
weil sie zu_der_Zeit hungrig_war und eine_Mahlzeit einforderte.",Wen fütterte die Bäuerin?,die Kuh,die Reisende,sie,sie,F
nonamb,9,113,NP2,NP2-Causality,er,nonamb,"Die Bäuerin fütterte den Bullen, weil er zu der Zeit hungrig war und eine Mahlzeit einforderte.",Wen fütterte die Bäuerin? (den Bullen / den Mönch),fed,AgP,3,283,1.09,-85,mager,5.0,5,fütterte,0.32,8,87.5,"Die_Bäuerin fütterte den_Bullen,
weil er zu_der_Zeit hungrig_war und eine_Mahlzeit einforderte.",Wen fütterte die Bäuerin?,den Bullen,den Mönch,er,er,F
nonamb,10,6,NP2,NP1-Causality,er,nonamb,"Der Zuschauer beklatschte die Puppenspielerin, weil er während der Vorstellung begeistert war und die Bewegungen verfolgte.",Was tat der Zuschauer? (beklatschte die Puppenspielerin / beklatschte den Puppenspieler),applauded,AgEvo,9,12,1.82,-84,begeistert,34.48,10,beklatschte,0.03,11,37.5,"Der_Zuschauer beklatschte die_Puppenspielerin,
weil er während_der_Vorstellung begeistert_war und die_Bewegungen verfolgte.",Was tat der Zuschauer?,beklatschte die Puppenspielerin,beklatschte den Puppenspieler,sie,er,F
nonamb,10,6,NP2,NP1-Causality,er,nonamb,"Der Zuschauer beklatschte den Puppenspieler, weil er während der Vorstellung begeistert war und die Bewegungen verfolgte.",Was tat der Zuschauer? (beklatschte den Puppenspieler / beklatschte die Puppenspielerin),applauded,AgEvo,9,12,1.82,-84,begeistert,34.48,10,beklatschte,0.03,11,37.5,"Der_Zuschauer beklatschte den_Puppenspieler,
weil er während_der_Vorstellung begeistert_war und die_Bewegungen verfolgte.",Was tat der Zuschauer?,beklatschte den Puppenspieler,beklatschte die Puppenspielerin,er,sie,F
nonamb,10,6,NP2,NP1-Causality,sie,nonamb,"Die Zuschauerin beklatschte die Puppenspielerin, weil sie während der Vorstellung begeistert war und die Bewegungen verfolgte.",Was tat die Zuschauerin? (beklatschte die Puppenspielerin / beklatschte den Puppenspieler),applauded,AgEvo,9,12,1.82,-84,begeistert,34.48,10,beklatschte,0.03,11,37.5,"Die_Zuschauerin beklatschte die_Puppenspielerin,
weil sie während_der_Vorstellung begeistert_war und die_Bewegungen verfolgte.",Was tat die Zuschauerin?,beklatschte die Puppenspielerin,beklatschte den Puppenspieler,sie,er,F
nonamb,10,6,NP2,NP1-Causality,sie,nonamb,"Die Zuschauerin beklatschte den Puppenspieler, weil sie während der Vorstellung begeistert war und die Bewegungen verfolgte.",Was tat die Zuschauerin? (beklatschte den Puppenspieler / beklatschte die Puppenspielerin),applauded,AgEvo,9,12,1.82,-84,begeistert,34.48,10,beklatschte,0.03,11,37.5,"Die_Zuschauerin beklatschte den_Puppenspieler,
weil sie während_der_Vorstellung begeistert_war und die_Bewegungen verfolgte.",Was tat die Zuschauerin?,beklatschte den Puppenspieler,beklatschte die Puppenspielerin,er,sie,F
nonamb,9,6,NP2,NP2-Causality,sie,nonamb,"Der Zuschauer beklatschte die Puppenspielerin, weil sie während der Vorstellung großartig war und Kunststücke vollbrachte.",Was tat der Zuschauer? (beklatschte die Puppenspielerin / beklatschte den Puppenspieler),applauded,AgEvo,9,12,1.82,-84,großartig,19.01,10,beklatschte,0.03,11,37.5,"Der_Zuschauer beklatschte die_Puppenspielerin,
weil sie während_der_Vorstellung großartig_war und Kunststücke vollbrachte.",Was tat der Zuschauer?,beklatschte die Puppenspielerin,beklatschte den Puppenspieler,sie,er,F
nonamb,9,6,NP2,NP2-Causality,er,nonamb,"Der Zuschauer beklatschte den Puppenspieler, weil er während der Vorstellung großartig war und Kunststücke vollbrachte.",Was tat der Zuschauer? (beklatschte den Puppenspieler / beklatschte die Puppenspielerin),applauded,AgEvo,9,12,1.82,-84,großartig,19.01,10,beklatschte,0.03,11,37.5,"Der_Zuschauer beklatschte den_Puppenspieler,
weil er während_der_Vorstellung großartig_war und Kunststücke vollbrachte.",Was tat der Zuschauer?,beklatschte den Puppenspieler,beklatschte die Puppenspielerin,er,sie,F
nonamb,9,6,NP2,NP2-Causality,sie,nonamb,"Die Zuschauerin beklatschte die Puppenspielerin, weil sie während der Vorstellung großartig war und Kunststücke vollbrachte.",Was tat die Zuschauerin? (beklatschte die Puppenspielerin / beklatschte den Puppenspieler),applauded,AgEvo,9,12,1.82,-84,großartig,19.01,10,beklatschte,0.03,11,37.5,"Die_Zuschauerin beklatschte die_Puppenspielerin,
weil sie während_der_Vorstellung großartig_war und Kunststücke vollbrachte.",Was tat die Zuschauerin?,beklatschte die Puppenspielerin,beklatschte den Puppenspieler,sie,er,F
nonamb,9,6,NP2,NP2-Causality,er,nonamb,"Die Zuschauerin beklatschte den Puppenspieler, weil er während der Vorstellung großartig war und Kunststücke vollbrachte.",Was tat die Zuschauerin? (beklatschte den Puppenspieler / beklatschte die Puppenspielerin),applauded,AgEvo,9,12,1.82,-84,großartig,19.01,10,beklatschte,0.03,11,37.5,"Die_Zuschauerin beklatschte den_Puppenspieler,
weil er während_der_Vorstellung großartig_war und Kunststücke vollbrachte.",Was tat die Zuschauerin?,beklatschte den Puppenspieler,beklatschte die Puppenspielerin,er,sie,F
nonamb,10,71,NP2,NP1-Causality,er,nonamb,"Der Arzt bedauerte die Patientin, weil er an dem Tag machtlos war und die Situation auswegslos.",Wer war an dem Tag machtlos? (Der Arzt / die Patientin),pitied,ExpStim,6,512,-1.55,-83,machtlos,2.68,8,bedauerte,1.89,9,68.75,"Der_Arzt bedauerte die_Patientin,
weil er an_dem_Tag machtlos_war und die_Situation auswegslos.",Wer war an dem Tag machtlos?,Der Arzt,die Patientin,er,sie,F
nonamb,10,71,NP2,NP1-Causality,er,nonamb,"Der Arzt bedauerte den Patienten, weil er an dem Tag machtlos war und die Situation auswegslos.",Wer war an dem Tag machtlos? (Der Arzt / den Patienten),pitied,ExpStim,6,512,-1.55,-83,machtlos,2.68,8,bedauerte,1.89,9,68.75,"Der_Arzt bedauerte den_Patienten,
weil er an_dem_Tag machtlos_war und die_Situation auswegslos.",Wer war an dem Tag machtlos?,Der Arzt,den Patienten,er,er,F
nonamb,10,71,NP2,NP1-Causality,sie,nonamb,"Die Ärztin bedauerte die Patientin, weil sie an dem Tag machtlos war und die Situation auswegslos.",Wer war an dem Tag machtlos? (Die Ärztin / die Patientin),pitied,ExpStim,6,512,-1.55,-83,machtlos,2.68,8,bedauerte,1.89,9,68.75,"Die_Ärztin bedauerte die_Patientin,
weil sie an_dem_Tag machtlos_war und die_Situation auswegslos.",Wer war an dem Tag machtlos?,Die Ärztin,die Patientin,sie,sie,F
nonamb,10,71,NP2,NP1-Causality,sie,nonamb,"Die Ärztin bedauerte den Patienten, weil sie an dem Tag machtlos war und die Situation auswegslos.",Wer war an dem Tag machtlos? (Die Ärztin / den Patienten),pitied,ExpStim,6,512,-1.55,-83,machtlos,2.68,8,bedauerte,1.89,9,68.75,"Die_Ärztin bedauerte den_Patienten,
weil sie an_dem_Tag machtlos_war und die_Situation auswegslos.",Wer war an dem Tag machtlos?,Die Ärztin,den Patienten,sie,er,F
nonamb,9,71,NP2,NP2-Causality,sie,nonamb,"Der Arzt bedauerte die Patientin, weil sie an dem Tag kraftlos war und die Heilung stagnierte.",Wer war an dem Tag kraftlos? (Der Arzt / die Patientin),pitied,ExpStim,6,512,-1.55,-83,unheilbar,2.86,9,bedauerte,1.89,9,68.75,"Der_Arzt bedauerte die_Patientin,
weil sie an_dem_Tag kraftlos_war und die_Heilung stagnierte.",Wer war an dem Tag kraftlos?,Der Arzt,die Patientin,er,sie,J
nonamb,9,71,NP2,NP2-Causality,er,nonamb,"Der Arzt bedauerte den Patienten, weil er an dem Tag kraftlos war und die Heilung stagnierte.",Wer war an dem Tag kraftlos? (Der Arzt / den Patienten),pitied,ExpStim,6,512,-1.55,-83,unheilbar,2.86,9,bedauerte,1.89,9,68.75,"Der_Arzt bedauerte den_Patienten,
weil er an_dem_Tag kraftlos_war und die_Heilung stagnierte.",Wer war an dem Tag kraftlos?,Der Arzt,den Patienten,er,er,J
nonamb,9,71,NP2,NP2-Causality,sie,nonamb,"Die Ärztin bedauerte die Patientin, weil sie an dem Tag kraftlos war und die Heilung stagnierte.",Wer war an dem Tag kraftlos? (Die Ärztin / die Patientin),pitied,ExpStim,6,512,-1.55,-83,unheilbar,2.86,9,bedauerte,1.89,9,68.75,"Die_Ärztin bedauerte die_Patientin,
weil sie an_dem_Tag kraftlos_war und die_Heilung stagnierte.",Wer war an dem Tag kraftlos?,Die Ärztin,die Patientin,sie,sie,J
nonamb,9,71,NP2,NP2-Causality,er,nonamb,"Die Ärztin bedauerte den Patienten, weil er an dem Tag kraftlos war und die Heilung stagnierte.",Wer war an dem Tag kraftlos? (Die Ärztin / den Patienten),pitied,ExpStim,6,512,-1.55,-83,unheilbar,2.86,9,bedauerte,1.89,9,68.75,"Die_Ärztin bedauerte den_Patienten,
weil er an_dem_Tag kraftlos_war und die_Heilung stagnierte.",Wer war an dem Tag kraftlos?,Die Ärztin,den Patienten,sie,er,J
nonamb,10,42,NP2,NP1-Causality,er,nonamb,"Der Opa liebte die Eselin, weil er von Anfang an hilfsbedürftig war und die Hilfe benötigte.",Wer war von Anfang an hilfsbedürftig? (Der Opa / die Eselin),loved,ExpStim,5,284,2.45,-80,senil,0.45,5,liebte,5.2,6,56.25,"Der_Opa liebte die_Eselin,
weil er von_Anfang_an hilfsbedürftig_war und die_Hilfe benötigte.",Wer war von Anfang an hilfsbedürftig?,Der Opa,die Eselin,er,sie,F
nonamb,10,42,NP2,NP1-Causality,er,nonamb,"Der Opa liebte den Esel, weil er von Anfang an hilfsbedürftig war und die Hilfe benötigte.",Wer war von Anfang an hilfsbedürftig? (Der Opa / den Esel),loved,ExpStim,5,284,2.45,-80,senil,0.45,5,liebte,5.2,6,56.25,"Der_Opa liebte den_Esel,
weil er von_Anfang_an hilfsbedürftig_war und die_Hilfe benötigte.",Wer war von Anfang an hilfsbedürftig?,Der Opa,den Esel,er,er,F
nonamb,10,42,NP2,NP1-Causality,sie,nonamb,"Die Oma liebte die Eselin, weil sie von Anfang an hilfsbedürftig war und die Hilfe benötigte.",Wer war von Anfang an hilfsbedürftig? (Die Oma / die Eselin),loved,ExpStim,5,284,2.45,-80,senil,0.45,5,liebte,5.2,6,56.25,"Die_Oma liebte die_Eselin,
weil sie von_Anfang_an hilfsbedürftig_war und die_Hilfe benötigte.",Wer war von Anfang an hilfsbedürftig?,Die Oma,die Eselin,sie,sie,F
nonamb,10,42,NP2,NP1-Causality,sie,nonamb,"Die Oma liebte den Esel, weil sie von Anfang an hilfsbedürftig war und die Hilfe benötigte.",Wer war von Anfang an hilfsbedürftig? (Die Oma / den Esel),loved,ExpStim,5,284,2.45,-80,senil,0.45,5,liebte,5.2,6,56.25,"Die_Oma liebte den_Esel,
weil sie von_Anfang_an hilfsbedürftig_war und die_Hilfe benötigte.",Wer war von Anfang an hilfsbedürftig?,Die Oma,den Esel,sie,er,F
nonamb,9,42,NP2,NP2-Causality,sie,nonamb,"Der Opa liebte die Eselin, weil sie von Anfang an treu war und Zuneigung signalisierte.",Wer war von Anfang an treu? (Der Opa / die Eselin),loved,ExpStim,5,284,2.45,-80,treu,23.52,4,liebte,5.2,6,56.25,"Der_Opa liebte die_Eselin,
weil sie von_Anfang_an treu_war und Zuneigung signalisierte.",Wer war von Anfang an treu?,Der Opa,die Eselin,er,sie,J
nonamb,9,42,NP2,NP2-Causality,er,nonamb,"Der Opa liebte den Esel, weil er von Anfang an treu war und Zuneigung signalisierte.",Wer war von Anfang an treu? (Der Opa / den Esel),loved,ExpStim,5,284,2.45,-80,treu,23.52,4,liebte,5.2,6,56.25,"Der_Opa liebte den_Esel,
weil er von_Anfang_an treu_war und Zuneigung signalisierte.",Wer war von Anfang an treu?,Der Opa,den Esel,er,er,J
nonamb,9,42,NP2,NP2-Causality,sie,nonamb,"Die Oma liebte die Eselin, weil sie von Anfang an treu war und Zuneigung signalisierte.",Wer war von Anfang an treu? (Die Oma / die Eselin),loved,ExpStim,5,284,2.45,-80,treu,23.52,4,liebte,5.2,6,56.25,"Die_Oma liebte die_Eselin,
weil sie von_Anfang_an treu_war und Zuneigung signalisierte.",Wer war von Anfang an treu?,Die Oma,die Eselin,sie,sie,J
nonamb,9,42,NP2,NP2-Causality,er,nonamb,"Die Oma liebte den Esel, weil er von Anfang an treu war und Zuneigung signalisierte.",Wer war von Anfang an treu? (Die Oma / den Esel),loved,ExpStim,5,284,2.45,-80,treu,23.52,4,liebte,5.2,6,56.25,"Die_Oma liebte den_Esel,
weil er von_Anfang_an treu_war und Zuneigung signalisierte.",Wer war von Anfang an treu?,Die Oma,den Esel,sie,er,J
nonamb,9,8,NP2,NP1-Causality,er,nonamb,"Der Krankenpfleger beruhigte die Patientin, weil er in der Nacht fürsorglich war und Sicherheit ausstrahlte.",Wer beruhigte die Patientin? (Der Krankenpfleger / Der Freund),calmed down,AgP,6,0,0.27,-79,besorgt,15.02,7,beruhigte,1.31,9,31.25,"Der_Krankenpfleger beruhigte die_Patientin,
weil er in_der_Nacht fürsorglich_war und Sicherheit ausstrahlte.",Wer beruhigte die Patientin?,Der Krankenpfleger,Der Freund,er,er,F
nonamb,9,8,NP2,NP1-Causality,er,nonamb,"Der Krankenpfleger beruhigte den Patient, weil er in der Nacht fürsorglich war und Sicherheit ausstrahlte.",Wer beruhigte den Patient? (Der Krankenpfleger / Der Mann),calmed down,AgP,6,0,0.27,-79,besorgt,15.02,7,beruhigte,1.31,9,31.25,"Der_Krankenpfleger beruhigte den_Patient,
weil er in_der_Nacht fürsorglich_war und Sicherheit ausstrahlte.",Wer beruhigte den Patient?,Der Krankenpfleger,Der Mann,er,er,F
nonamb,9,8,NP2,NP1-Causality,sie,nonamb,"Die Krankenpflegerin beruhigte die Patientin, weil sie in der Nacht fürsorglich war und Sicherheit ausstrahlte.",Wer beruhigte die Patientin? (Die Krankenpflegerin / Die Gutsherrin),calmed down,AgP,6,0,0.27,-79,besorgt,15.02,7,beruhigte,1.31,9,31.25,"Die_Krankenpflegerin beruhigte die_Patientin,
weil sie in_der_Nacht fürsorglich_war und Sicherheit ausstrahlte.",Wer beruhigte die Patientin?,Die Krankenpflegerin,Die Gutsherrin,sie,sie,F
nonamb,9,8,NP2,NP1-Causality,sie,nonamb,"Die Krankenpflegerin beruhigte den Patient, weil sie in der Nacht fürsorglich war und Sicherheit ausstrahlte.",Wer beruhigte den Patient? (Die Krankenpflegerin / Die Teilnehmerin),calmed down,AgP,6,0,0.27,-79,besorgt,15.02,7,beruhigte,1.31,9,31.25,"Die_Krankenpflegerin beruhigte den_Patient,
weil sie in_der_Nacht fürsorglich_war und Sicherheit ausstrahlte.",Wer beruhigte den Patient?,Die Krankenpflegerin,Die Teilnehmerin,sie,sie,F
nonamb,10,8,NP2,NP2-Causality,sie,nonamb,"Der Krankenpfleger beruhigte die Patientin, weil sie in der Nacht hilflos war und Tränen vergoss.",Wer beruhigte die Patientin? (Der Krankenpfleger / Der Bär),calmed down,AgP,6,0,0.27,-79,professionell,30.71,13,beruhigte,1.31,9,31.25,"Der_Krankenpfleger beruhigte die_Patientin,
weil sie in_der_Nacht hilflos_war und Tränen vergoss.",Wer beruhigte die Patientin?,Der Krankenpfleger,Der Bär,er,er,F
nonamb,10,8,NP2,NP2-Causality,er,nonamb,"Der Krankenpfleger beruhigte den Patient, weil er in der Nacht hilflos war und Tränen vergoss.",Wer beruhigte den Patient? (Der Krankenpfleger / Der Passant),calmed down,AgP,6,0,0.27,-79,professionell,30.71,13,beruhigte,1.31,9,31.25,"Der_Krankenpfleger beruhigte den_Patient,
weil er in_der_Nacht hilflos_war und Tränen vergoss.",Wer beruhigte den Patient?,Der Krankenpfleger,Der Passant,er,er,F
nonamb,10,8,NP2,NP2-Causality,sie,nonamb,"Die Krankenpflegerin beruhigte die Patientin, weil sie in der Nacht hilflos war und Tränen vergoss.",Wer beruhigte die Patientin? (Die Krankenpflegerin / Die Assistentin),calmed down,AgP,6,0,0.27,-79,professionell,30.71,13,beruhigte,1.31,9,31.25,"Die_Krankenpflegerin beruhigte die_Patientin,
weil sie in_der_Nacht hilflos_war und Tränen vergoss.",Wer beruhigte die Patientin?,Die Krankenpflegerin,Die Assistentin,sie,sie,F
nonamb,10,8,NP2,NP2-Causality,er,nonamb,"Die Krankenpflegerin beruhigte den Patient, weil er in der Nacht hilflos war und Tränen vergoss.",Wer beruhigte den Patient? (Die Krankenpflegerin / Die Bäuerin),calmed down,AgP,6,0,0.27,-79,professionell,30.71,13,beruhigte,1.31,9,31.25,"Die_Krankenpflegerin beruhigte den_Patient,
weil er in_der_Nacht hilflos_war und Tränen vergoss.",Wer beruhigte den Patient?,Die Krankenpflegerin,Die Bäuerin,sie,sie,F
nonamb,10,20,NP2,NP1-Causality,er,nonamb,"Der Soldat verabscheute die Feindin, weil er seit Monaten friedliebend war und Frieden suchte.",Was tat der Soldat? (verabscheute die Feindin / verabscheute den Feind),detested,ExpStim,8,10,-2.55,-78,friedliebend,0.97,12,verabscheute,0.3,12,56.25,"Der_Soldat verabscheute die_Feindin,
weil er seit_Monaten friedliebend_war und Frieden suchte.",Was tat der Soldat?,verabscheute die Feindin,verabscheute den Feind,sie,er,F
nonamb,10,20,NP2,NP1-Causality,er,nonamb,"Der Soldat verabscheute den Feind, weil er seit Monaten friedliebend war und Frieden suchte.",Was tat der Soldat? (verabscheute den Feind / verabscheute die Feindin),detested,ExpStim,8,10,-2.55,-78,friedliebend,0.97,12,verabscheute,0.3,12,56.25,"Der_Soldat verabscheute den_Feind,
weil er seit_Monaten friedliebend_war und Frieden suchte.",Was tat der Soldat?,verabscheute den Feind,verabscheute die Feindin,er,sie,F
nonamb,10,20,NP2,NP1-Causality,sie,nonamb,"Die Soldatin verabscheute die Feindin, weil sie seit Monaten friedliebend war und Frieden suchte.",Was tat die Soldatin? (verabscheute die Feindin / verabscheute den Feind),detested,ExpStim,8,10,-2.55,-78,friedliebend,0.97,12,verabscheute,0.3,12,56.25,"Die_Soldatin verabscheute die_Feindin,
weil sie seit_Monaten friedliebend_war und Frieden suchte.",Was tat die Soldatin?,verabscheute die Feindin,verabscheute den Feind,sie,er,F
nonamb,10,20,NP2,NP1-Causality,sie,nonamb,"Die Soldatin verabscheute den Feind, weil sie seit Monaten friedliebend war und Frieden suchte.",Was tat die Soldatin? (verabscheute den Feind / verabscheute die Feindin),detested,ExpStim,8,10,-2.55,-78,friedliebend,0.97,12,verabscheute,0.3,12,56.25,"Die_Soldatin verabscheute den_Feind,
weil sie seit_Monaten friedliebend_war und Frieden suchte.",Was tat die Soldatin?,verabscheute den Feind,verabscheute die Feindin,er,sie,F
nonamb,9,20,NP2,NP2-Causality,sie,nonamb,"Der Soldat verabscheute die Feindin, weil sie seit Monaten grausam war und Verhandlungen ablehnte.",Was tat der Soldat? (verabscheute die Feindin / verabscheute den Feind),detested,ExpStim,8,10,-2.55,-78,grausam,16.26,7,verabscheute,0.3,12,56.25,"Der_Soldat verabscheute die_Feindin,
weil sie seit_Monaten grausam_war und Verhandlungen ablehnte.",Was tat der Soldat?,verabscheute die Feindin,verabscheute den Feind,sie,er,F
nonamb,9,20,NP2,NP2-Causality,er,nonamb,"Der Soldat verabscheute den Feind, weil er seit Monaten grausam war und Verhandlungen ablehnte.",Was tat der Soldat? (verabscheute den Feind / verabscheute die Feindin),detested,ExpStim,8,10,-2.55,-78,grausam,16.26,7,verabscheute,0.3,12,56.25,"Der_Soldat verabscheute den_Feind,
weil er seit_Monaten grausam_war und Verhandlungen ablehnte.",Was tat der Soldat?,verabscheute den Feind,verabscheute die Feindin,er,sie,F
nonamb,9,20,NP2,NP2-Causality,sie,nonamb,"Die Soldatin verabscheute die Feindin, weil sie seit Monaten grausam war und Verhandlungen ablehnte.",Was tat die Soldatin? (verabscheute die Feindin / verabscheute den Feind),detested,ExpStim,8,10,-2.55,-78,grausam,16.26,7,verabscheute,0.3,12,56.25,"Die_Soldatin verabscheute die_Feindin,
weil sie seit_Monaten grausam_war und Verhandlungen ablehnte.",Was tat die Soldatin?,verabscheute die Feindin,verabscheute den Feind,sie,er,F
nonamb,9,20,NP2,NP2-Causality,er,nonamb,"Die Soldatin verabscheute den Feind, weil er seit Monaten grausam war und Verhandlungen ablehnte.",Was tat die Soldatin? (verabscheute den Feind / verabscheute die Feindin),detested,ExpStim,8,10,-2.55,-78,grausam,16.26,7,verabscheute,0.3,12,56.25,"Die_Soldatin verabscheute den_Feind,
weil er seit_Monaten grausam_war und Verhandlungen ablehnte.",Was tat die Soldatin?,verabscheute den Feind,verabscheute die Feindin,er,sie,F
nonamb,10,101,NP2,NP1-Causality,er,nonamb,"Der Abt bestrafte die Nonne, weil er an dem Abend sittenstreng war und die Regeln durchsetzte.",Was tat der Abt? (bestrafte die Nonne / bestrafte den Mönch),penalized,AgEvo,9,3,-2.0,-77,sittenstreng,0.08,12,bestrafte,0.47,9,75.0,"Der_Abt bestrafte die_Nonne,
weil er an_dem_Abend sittenstreng_war und die_Regeln durchsetzte.",Was tat der Abt?,bestrafte die Nonne,bestrafte den Mönch,sie,er,F
nonamb,10,101,NP2,NP1-Causality,er,nonamb,"Der Abt bestrafte den Mönch, weil er an dem Abend sittenstreng war und die Regeln durchsetzte.",Was tat der Abt? (bestrafte den Mönch / bestrafte die Nonne),penalized,AgEvo,9,3,-2.0,-77,sittenstreng,0.08,12,bestrafte,0.47,9,75.0,"Der_Abt bestrafte den_Mönch,
weil er an_dem_Abend sittenstreng_war und die_Regeln durchsetzte.",Was tat der Abt?,bestrafte den Mönch,bestrafte die Nonne,er,sie,F
nonamb,10,101,NP2,NP1-Causality,sie,nonamb,"Die Abtissin bestrafte die Nonne, weil sie an dem Abend sittenstreng war und die Regeln durchsetzte.",Was tat die Abtissin? (bestrafte die Nonne / bestrafte den Mönch),penalized,AgEvo,9,3,-2.0,-77,sittenstreng,0.08,12,bestrafte,0.47,9,75.0,"Die_Abtissin bestrafte die_Nonne,
weil sie an_dem_Abend sittenstreng_war und die_Regeln durchsetzte.",Was tat die Abtissin?,bestrafte die Nonne,bestrafte den Mönch,sie,er,F
nonamb,10,101,NP2,NP1-Causality,sie,nonamb,"Die Abtissin bestrafte den Mönch, weil sie an dem Abend sittenstreng war und die Regeln durchsetzte.",Was tat die Abtissin? (bestrafte den Mönch / bestrafte die Nonne),penalized,AgEvo,9,3,-2.0,-77,sittenstreng,0.08,12,bestrafte,0.47,9,75.0,"Die_Abtissin bestrafte den_Mönch,
weil sie an_dem_Abend sittenstreng_war und die_Regeln durchsetzte.",Was tat die Abtissin?,bestrafte den Mönch,bestrafte die Nonne,er,sie,F
nonamb,9,101,NP2,NP2-Causality,sie,nonamb,"Der Abt bestrafte die Nonne, weil sie an dem Abend unkeusch war und die Regeln verletzte.",Was tat der Abt? (bestrafte die Nonne / bestrafte den Mönch),penalized,AgEvo,9,3,-2.0,-77,unkeusch,0.12,8,bestrafte,0.47,9,75.0,"Der_Abt bestrafte die_Nonne,
weil sie an_dem_Abend unkeusch_war und die_Regeln verletzte.",Was tat der Abt?,bestrafte die Nonne,bestrafte den Mönch,sie,er,F
nonamb,9,101,NP2,NP2-Causality,er,nonamb,"Der Abt bestrafte den Mönch, weil er an dem Abend unkeusch war und die Regeln verletzte.",Was tat der Abt? (bestrafte den Mönch / bestrafte die Nonne),penalized,AgEvo,9,3,-2.0,-77,unkeusch,0.12,8,bestrafte,0.47,9,75.0,"Der_Abt bestrafte den_Mönch,
weil er an_dem_Abend unkeusch_war und die_Regeln verletzte.",Was tat der Abt?,bestrafte den Mönch,bestrafte die Nonne,er,sie,F
nonamb,9,101,NP2,NP2-Causality,sie,nonamb,"Die Abtissin bestrafte die Nonne, weil sie an dem Abend unkeusch war und die Regeln verletzte.",Was tat die Abtissin? (bestrafte die Nonne / bestrafte den Mönch),penalized,AgEvo,9,3,-2.0,-77,unkeusch,0.12,8,bestrafte,0.47,9,75.0,"Die_Abtissin bestrafte die_Nonne,
weil sie an_dem_Abend unkeusch_war und die_Regeln verletzte.",Was tat die Abtissin?,bestrafte die Nonne,bestrafte den Mönch,sie,er,F
nonamb,9,101,NP2,NP2-Causality,er,nonamb,"Die Abtissin bestrafte den Mönch, weil er an dem Abend unkeusch war und die Regeln verletzte.",Was tat die Abtissin? (bestrafte den Mönch / bestrafte die Nonne),penalized,AgEvo,9,3,-2.0,-77,unkeusch,0.12,8,bestrafte,0.47,9,75.0,"Die_Abtissin bestrafte den_Mönch,
weil er an_dem_Abend unkeusch_war und die_Regeln verletzte.",Was tat die Abtissin?,bestrafte den Mönch,bestrafte die Nonne,er,sie,F
nonamb,10,77,NP2,NP1-Causality,er,nonamb,"Der Anwohner munterte die Obdachlose auf, weil er im Morgengrauen hilfsbereit war und Zuversicht ausstrahlte.",Wer munterte die Obdachlose auf? (Der Anwohner / Der Student),comforted,StimExp,9,612,2.36,-77,hilfsbereit,4.33,11,munterte,0.02,11,31.25,"Der_Anwohner munterte die_Obdachlose_auf,
weil er im_Morgengrauen hilfsbereit_war und Zuversicht ausstrahlte.",Wer munterte die Obdachlose auf?,Der Anwohner,Der Student,er,er,F
nonamb,10,77,NP2,NP1-Causality,er,nonamb,"Der Anwohner munterte den Obdachlosen auf, weil er im Morgengrauen hilfsbereit war und Zuversicht ausstrahlte.",Wer munterte den Obdachlosen auf? (Der Anwohner / Der Akrobat),comforted,StimExp,9,612,2.36,-77,hilfsbereit,4.33,11,munterte,0.02,11,31.25,"Der_Anwohner munterte den_Obdachlosen_auf,
weil er im_Morgengrauen hilfsbereit_war und Zuversicht ausstrahlte.",Wer munterte den Obdachlosen auf?,Der Anwohner,Der Akrobat,er,er,F
nonamb,10,77,NP2,NP1-Causality,sie,nonamb,"Die Anwohnerin munterte die Obdachlose auf, weil sie im Morgengrauen hilfsbereit war und Zuversicht ausstrahlte.",Wer munterte die Obdachlose auf? (Die Anwohnerin / Die Ehefrau),comforted,StimExp,9,612,2.36,-77,hilfsbereit,4.33,11,munterte,0.02,11,31.25,"Die_Anwohnerin munterte die_Obdachlose_auf,
weil sie im_Morgengrauen hilfsbereit_war und Zuversicht ausstrahlte.",Wer munterte die Obdachlose auf?,Die Anwohnerin,Die Ehefrau,sie,sie,F
nonamb,10,77,NP2,NP1-Causality,sie,nonamb,"Die Anwohnerin munterte den Obdachlosen auf, weil sie im Morgengrauen hilfsbereit war und Zuversicht ausstrahlte.",Wer munterte den Obdachlosen auf? (Die Anwohnerin / Die Schaffnerin),comforted,StimExp,9,612,2.36,-77,hilfsbereit,4.33,11,munterte,0.02,11,31.25,"Die_Anwohnerin munterte den_Obdachlosen_auf,
weil sie im_Morgengrauen hilfsbereit_war und Zuversicht ausstrahlte.",Wer munterte den Obdachlosen auf?,Die Anwohnerin,Die Schaffnerin,sie,sie,F
nonamb,9,77,NP2,NP2-Causality,sie,nonamb,"Der Anwohner munterte die Obdachlose auf, weil sie im Morgengrauen verzweifelt war und Zukunftsängste hatte.",Wer munterte die Obdachlose auf? (Der Anwohner / Der Unternehmer),comforted,StimExp,9,612,2.36,-77,hilfsbedürftig,0.9,14,munterte,0.02,11,31.25,"Der_Anwohner munterte die_Obdachlose_auf,
weil sie im_Morgengrauen verzweifelt_war und Zukunftsängste hatte.",Wer munterte die Obdachlose auf?,Der Anwohner,Der Unternehmer,er,er,F
nonamb,9,77,NP2,NP2-Causality,er,nonamb,"Der Anwohner munterte den Obdachlosen auf, weil er im Morgengrauen verzweifelt war und Zukunftsängste hatte.",Wer munterte den Obdachlosen auf? (Der Anwohner / Der Jugendbetreuer),comforted,StimExp,9,612,2.36,-77,hilfsbedürftig,0.9,14,munterte,0.02,11,31.25,"Der_Anwohner munterte den_Obdachlosen_auf,
weil er im_Morgengrauen verzweifelt_war und Zukunftsängste hatte.",Wer munterte den Obdachlosen auf?,Der Anwohner,Der Jugendbetreuer,er,er,F
nonamb,9,77,NP2,NP2-Causality,sie,nonamb,"Die Anwohnerin munterte die Obdachlose auf, weil sie im Morgengrauen verzweifelt war und Zukunftsängste hatte.",Wer munterte die Obdachlose auf? (Die Anwohnerin / Die Schamanin),comforted,StimExp,9,612,2.36,-77,hilfsbedürftig,0.9,14,munterte,0.02,11,31.25,"Die_Anwohnerin munterte die_Obdachlose_auf,
weil sie im_Morgengrauen verzweifelt_war und Zukunftsängste hatte.",Wer munterte die Obdachlose auf?,Die Anwohnerin,Die Schamanin,sie,sie,F
nonamb,9,77,NP2,NP2-Causality,er,nonamb,"Die Anwohnerin munterte den Obdachlosen auf, weil er im Morgengrauen verzweifelt war und Zukunftsängste hatte.",Wer munterte den Obdachlosen auf? (Die Anwohnerin / Die Fahrradfahrerin),comforted,StimExp,9,612,2.36,-77,hilfsbedürftig,0.9,14,munterte,0.02,11,31.25,"Die_Anwohnerin munterte den_Obdachlosen_auf,
weil er im_Morgengrauen verzweifelt_war und Zukunftsängste hatte.",Wer munterte den Obdachlosen auf?,Die Anwohnerin,Die Fahrradfahrerin,sie,sie,F
nonamb,10,65,NP2,NP1-Causality,er,nonamb,"Der Onkel beschäftigte die Nichte, weil er schon immer unternehmerisch war und Stellen vergab.",Wer war schon immer unternehmerisch? (Der Onkel / die Nichte),employed,AgP,8,27,1.0,-76,unternehmerisch,11.44,15,beschäftigte,61.28,12,50.0,"Der_Onkel beschäftigte die_Nichte,
weil er schon_immer unternehmerisch_war und Stellen vergab.",Wer war schon immer unternehmerisch?,Der Onkel,die Nichte,er,sie,F
nonamb,10,65,NP2,NP1-Causality,er,nonamb,"Der Onkel beschäftigte den Neffen, weil er schon immer unternehmerisch war und Stellen vergab.",Wer war schon immer unternehmerisch? (Der Onkel / den Neffen),employed,AgP,8,27,1.0,-76,unternehmerisch,11.44,15,beschäftigte,61.28,12,50.0,"Der_Onkel beschäftigte den_Neffen,
weil er schon_immer unternehmerisch_war und Stellen vergab.",Wer war schon immer unternehmerisch?,Der Onkel,den Neffen,er,er,F
nonamb,10,65,NP2,NP1-Causality,sie,nonamb,"Die Tante beschäftigte die Nichte, weil sie schon immer unternehmerisch war und Stellen vergab.",Wer war schon immer unternehmerisch? (Die Tante / die Nichte),employed,AgP,8,27,1.0,-76,unternehmerisch,11.44,15,beschäftigte,61.28,12,50.0,"Die_Tante beschäftigte die_Nichte,
weil sie schon_immer unternehmerisch_war und Stellen vergab.",Wer war schon immer unternehmerisch?,Die Tante,die Nichte,sie,sie,F
nonamb,10,65,NP2,NP1-Causality,sie,nonamb,"Die Tante beschäftigte den Neffen, weil sie schon immer unternehmerisch war und Stellen vergab.",Wer war schon immer unternehmerisch? (Die Tante / den Neffen),employed,AgP,8,27,1.0,-76,unternehmerisch,11.44,15,beschäftigte,61.28,12,50.0,"Die_Tante beschäftigte den_Neffen,
weil sie schon_immer unternehmerisch_war und Stellen vergab.",Wer war schon immer unternehmerisch?,Die Tante,den Neffen,sie,er,F
nonamb,9,65,NP2,NP2-Causality,sie,nonamb,"Der Onkel beschäftigte die Nichte, weil sie schon immer zuverlässig war und Aufgaben erledigte.",Wer war schon immer zuverlässig? (Der Onkel / die Nichte),employed,AgP,8,27,1.0,-76,zuverlässig,17.21,11,beschäftigte,61.28,12,50.0,"Der_Onkel beschäftigte die_Nichte,
weil sie schon_immer zuverlässig_war und Aufgaben erledigte.",Wer war schon immer zuverlässig?,Der Onkel,die Nichte,er,sie,J
nonamb,9,65,NP2,NP2-Causality,er,nonamb,"Der Onkel beschäftigte den Neffen, weil er schon immer zuverlässig war und Aufgaben erledigte.",Wer war schon immer zuverlässig? (Der Onkel / den Neffen),employed,AgP,8,27,1.0,-76,zuverlässig,17.21,11,beschäftigte,61.28,12,50.0,"Der_Onkel beschäftigte den_Neffen,
weil er schon_immer zuverlässig_war und Aufgaben erledigte.",Wer war schon immer zuverlässig?,Der Onkel,den Neffen,er,er,J
nonamb,9,65,NP2,NP2-Causality,sie,nonamb,"Die Tante beschäftigte die Nichte, weil sie schon immer zuverlässig war und Aufgaben erledigte.",Wer war schon immer zuverlässig? (Die Tante / die Nichte),employed,AgP,8,27,1.0,-76,zuverlässig,17.21,11,beschäftigte,61.28,12,50.0,"Die_Tante beschäftigte die_Nichte,
weil sie schon_immer zuverlässig_war und Aufgaben erledigte.",Wer war schon immer zuverlässig?,Die Tante,die Nichte,sie,sie,J
nonamb,9,65,NP2,NP2-Causality,er,nonamb,"Die Tante beschäftigte den Neffen, weil er schon immer zuverlässig war und Aufgaben erledigte.",Wer war schon immer zuverlässig? (Die Tante / den Neffen),employed,AgP,8,27,1.0,-76,zuverlässig,17.21,11,beschäftigte,61.28,12,50.0,"Die_Tante beschäftigte den_Neffen,
weil er schon_immer zuverlässig_war und Aufgaben erledigte.",Wer war schon immer zuverlässig?,Die Tante,den Neffen,sie,er,J
nonamb,10,54,NP2,NP1-Causality,er,nonamb,"Der Unternehmer grollte der Bewerberin, weil er in den Aufgaben gewinnorientiert war und Fehler bemerkte.",Wer grollte der Bewerberin? (Der Unternehmer / Der Schaffner),resented,ExpStim,8,41,-2.09,-76,fachfremd,0.52,9,grollte,0.21,8,56.25,"Der_Unternehmer grollte der_Bewerberin,
weil er in_den_Aufgaben gewinnorientiert_war und Fehler bemerkte.",Wer grollte der Bewerberin?,Der Unternehmer,Der Schaffner,er,er,F
nonamb,10,54,NP2,NP1-Causality,er,nonamb,"Der Unternehmer grollte dem Bewerber, weil er in den Aufgaben gewinnorientiert war und Fehler bemerkte.",Wer grollte dem Bewerber? (Der Unternehmer / Der Unteroffizier),resented,ExpStim,8,41,-2.09,-76,fachfremd,0.52,9,grollte,0.21,8,56.25,"Der_Unternehmer grollte dem_Bewerber,
weil er in_den_Aufgaben gewinnorientiert_war und Fehler bemerkte.",Wer grollte dem Bewerber?,Der Unternehmer,Der Unteroffizier,er,er,F
nonamb,10,54,NP2,NP1-Causality,sie,nonamb,"Die Unternehmerin grollte der Bewerberin, weil sie in den Aufgaben gewinnorientiert war und Fehler bemerkte.",Wer grollte der Bewerberin? (Die Unternehmerin / Die Botanikerin),resented,ExpStim,8,41,-2.09,-76,fachfremd,0.52,9,grollte,0.21,8,56.25,"Die_Unternehmerin grollte der_Bewerberin,
weil sie in_den_Aufgaben gewinnorientiert_war und Fehler bemerkte.",Wer grollte der Bewerberin?,Die Unternehmerin,Die Botanikerin,sie,sie,F
nonamb,10,54,NP2,NP1-Causality,sie,nonamb,"Die Unternehmerin grollte dem Bewerber, weil sie in den Aufgaben gewinnorientiert war und Fehler bemerkte.",Wer grollte dem Bewerber? (Die Unternehmerin / Die Versuchsleiterin),resented,ExpStim,8,41,-2.09,-76,fachfremd,0.52,9,grollte,0.21,8,56.25,"Die_Unternehmerin grollte dem_Bewerber,
weil sie in_den_Aufgaben gewinnorientiert_war und Fehler bemerkte.",Wer grollte dem Bewerber?,Die Unternehmerin,Die Versuchsleiterin,sie,sie,F
nonamb,9,54,NP2,NP2-Causality,sie,nonamb,"Der Unternehmer grollte der Bewerberin, weil sie in den Aufgaben fachfremd war und die Anforderungen verfehlte.",Wer grollte der Bewerberin? (Der Unternehmer / Der Witwer),resented,ExpStim,8,41,-2.09,-76,gewinnorientiert,0.7,16,grollte,0.21,8,56.25,"Der_Unternehmer grollte der_Bewerberin,
weil sie in_den_Aufgaben fachfremd_war und die_Anforderungen verfehlte.",Wer grollte der Bewerberin?,Der Unternehmer,Der Witwer,er,er,F
nonamb,9,54,NP2,NP2-Causality,er,nonamb,"Der Unternehmer grollte dem Bewerber, weil er in den Aufgaben fachfremd war und die Anforderungen verfehlte.",Wer grollte dem Bewerber? (Der Unternehmer / Der Stiefsohn),resented,ExpStim,8,41,-2.09,-76,gewinnorientiert,0.7,16,grollte,0.21,8,56.25,"Der_Unternehmer grollte dem_Bewerber,
weil er in_den_Aufgaben fachfremd_war und die_Anforderungen verfehlte.",Wer grollte dem Bewerber?,Der Unternehmer,Der Stiefsohn,er,er,F
nonamb,9,54,NP2,NP2-Causality,sie,nonamb,"Die Unternehmerin grollte der Bewerberin, weil sie in den Aufgaben fachfremd war und die Anforderungen verfehlte.",Wer grollte der Bewerberin? (Die Unternehmerin / Die Oma),resented,ExpStim,8,41,-2.09,-76,gewinnorientiert,0.7,16,grollte,0.21,8,56.25,"Die_Unternehmerin grollte der_Bewerberin,
weil sie in_den_Aufgaben fachfremd_war und die_Anforderungen verfehlte.",Wer grollte der Bewerberin?,Die Unternehmerin,Die Oma,sie,sie,F
nonamb,9,54,NP2,NP2-Causality,er,nonamb,"Die Unternehmerin grollte dem Bewerber, weil er in den Aufgaben fachfremd war und die Anforderungen verfehlte.",Wer grollte dem Bewerber? (Die Unternehmerin / Die Leistungssportlerin),resented,ExpStim,8,41,-2.09,-76,gewinnorientiert,0.7,16,grollte,0.21,8,56.25,"Die_Unternehmerin grollte dem_Bewerber,
weil er in_den_Aufgaben fachfremd_war und die_Anforderungen verfehlte.",Wer grollte dem Bewerber?,Die Unternehmerin,Die Leistungssportlerin,sie,sie,F
nonamb,10,95,NP2,NP1-Causality,er,nonamb,"Der Hund misstraute der Tochter, weil er von Anfang an unsozialisiert war und Kinder scheute.",Wem misstraute der Hund? (der Tochter / die Maus),distrusted,ExpStim,10,63,-2.09,-75,sozialisiert,0.95,12,misstraute,0.11,10,37.5,"Der_Hund misstraute der_Tochter,
weil er von_Anfang_an unsozialisiert_war und Kinder scheute.",Wem misstraute der Hund?,der Tochter,die Maus,er,sie,F
nonamb,10,95,NP2,NP1-Causality,er,nonamb,"Der Hund misstraute dem Sohn, weil er von Anfang an unsozialisiert war und Kinder scheute.",Wem misstraute der Hund? (dem Sohn / den Prinzen),distrusted,ExpStim,10,63,-2.09,-75,sozialisiert,0.95,12,misstraute,0.11,10,37.5,"Der_Hund misstraute dem_Sohn,
weil er von_Anfang_an unsozialisiert_war und Kinder scheute.",Wem misstraute der Hund?,dem Sohn,den Prinzen,er,er,F
nonamb,10,95,NP2,NP1-Causality,sie,nonamb,"Die Hündin misstraute der Tochter, weil sie von Anfang an unsozialisiert war und Kinder scheute.",Wem misstraute die Hündin? (der Tochter / die Eselin),distrusted,ExpStim,10,63,-2.09,-75,sozialisiert,0.95,12,misstraute,0.11,10,37.5,"Die_Hündin misstraute der_Tochter,
weil sie von_Anfang_an unsozialisiert_war und Kinder scheute.",Wem misstraute die Hündin?,der Tochter,die Eselin,er,sie,F
nonamb,10,95,NP2,NP1-Causality,sie,nonamb,"Die Hündin misstraute dem Sohn, weil sie von Anfang an unsozialisiert war und Kinder scheute.",Wem misstraute die Hündin? (dem Sohn / den Probanden),distrusted,ExpStim,10,63,-2.09,-75,sozialisiert,0.95,12,misstraute,0.11,10,37.5,"Die_Hündin misstraute dem_Sohn,
weil sie von_Anfang_an unsozialisiert_war und Kinder scheute.",Wem misstraute die Hündin?,dem Sohn,den Probanden,er,er,F
nonamb,9,95,NP2,NP2-Causality,sie,nonamb,"Der Hund misstraute der Tochter, weil sie von Anfang an unvorhersagbar war und Hinterhalte generierte.",Wem misstraute der Hund? (der Tochter / die Schiedsrichterin),distrusted,ExpStim,10,63,-2.09,-75,unzuverlässig,1.72,13,misstraute,0.11,10,37.5,"Der_Hund misstraute der_Tochter,
weil sie von_Anfang_an unvorhersagbar_war und Hinterhalte generierte.",Wem misstraute der Hund?,der Tochter,die Schiedsrichterin,er,sie,F
nonamb,9,95,NP2,NP2-Causality,er,nonamb,"Der Hund misstraute dem Sohn, weil er von Anfang an unvorhersagbar war und Hinterhalte generierte.",Wem misstraute der Hund? (dem Sohn / den Randalierer),distrusted,ExpStim,10,63,-2.09,-75,unzuverlässig,1.72,13,misstraute,0.11,10,37.5,"Der_Hund misstraute dem_Sohn,
weil er von_Anfang_an unvorhersagbar_war und Hinterhalte generierte.",Wem misstraute der Hund?,dem Sohn,den Randalierer,er,er,F
nonamb,9,95,NP2,NP2-Causality,sie,nonamb,"Die Hündin misstraute der Tochter, weil sie von Anfang an unvorhersagbar war und Hinterhalte generierte.",Wem misstraute die Hündin? (der Tochter / die Liebste),distrusted,ExpStim,10,63,-2.09,-75,unzuverlässig,1.72,13,misstraute,0.11,10,37.5,"Die_Hündin misstraute der_Tochter,
weil sie von_Anfang_an unvorhersagbar_war und Hinterhalte generierte.",Wem misstraute die Hündin?,der Tochter,die Liebste,er,sie,F
nonamb,9,95,NP2,NP2-Causality,er,nonamb,"Die Hündin misstraute dem Sohn, weil er von Anfang an unvorhersagbar war und Hinterhalte generierte.",Wem misstraute die Hündin? (dem Sohn / den Mitarbeiter),distrusted,ExpStim,10,63,-2.09,-75,unzuverlässig,1.72,13,misstraute,0.11,10,37.5,"Die_Hündin misstraute dem_Sohn,
weil er von_Anfang_an unvorhersagbar_war und Hinterhalte generierte.",Wem misstraute die Hündin?,dem Sohn,den Mitarbeiter,er,er,F
nonamb,10,19,NP2,NP1-Causality,er,nonamb,"Der Lehrer korrigierte die Schülerin, weil er in der Stunde fachkundig agierte und einen Fehler entdeckte.",Was tat der Lehrer? (korrigierte die Schülerin / korrigierte den Schüler),corrected,AgP,9,37,0.91,-74,fachkundig,4.0,10,korrigierte,1.04,11,68.75,"Der_Lehrer korrigierte die_Schülerin,
weil er in_der_Stunde fachkundig_agierte und einen_Fehler entdeckte.",Was tat der Lehrer?,korrigierte die Schülerin,korrigierte den Schüler,sie,er,F
nonamb,10,19,NP2,NP1-Causality,er,nonamb,"Der Lehrer korrigierte den Schüler, weil er in der Stunde fachkundig agierte und einen Fehler entdeckte.",Was tat der Lehrer? (korrigierte den Schüler / korrigierte die Schülerin),corrected,AgP,9,37,0.91,-74,fachkundig,4.0,10,korrigierte,1.04,11,68.75,"Der_Lehrer korrigierte den_Schüler,
weil er in_der_Stunde fachkundig_agierte und einen_Fehler entdeckte.",Was tat der Lehrer?,korrigierte den Schüler,korrigierte die Schülerin,er,sie,F
nonamb,10,19,NP2,NP1-Causality,sie,nonamb,"Die Lehrerin korrigierte die Schülerin, weil sie in der Stunde fachkundig agierte und einen Fehler entdeckte.",Was tat die Lehrerin? (korrigierte die Schülerin / korrigierte den Schüler),corrected,AgP,9,37,0.91,-74,fachkundig,4.0,10,korrigierte,1.04,11,68.75,"Die_Lehrerin korrigierte die_Schülerin,
weil sie in_der_Stunde fachkundig_agierte und einen_Fehler entdeckte.",Was tat die Lehrerin?,korrigierte die Schülerin,korrigierte den Schüler,sie,er,F
nonamb,10,19,NP2,NP1-Causality,sie,nonamb,"Die Lehrerin korrigierte den Schüler, weil sie in der Stunde fachkundig agierte und einen Fehler entdeckte.",Was tat die Lehrerin? (korrigierte den Schüler / korrigierte die Schülerin),corrected,AgP,9,37,0.91,-74,fachkundig,4.0,10,korrigierte,1.04,11,68.75,"Die_Lehrerin korrigierte den_Schüler,
weil sie in_der_Stunde fachkundig_agierte und einen_Fehler entdeckte.",Was tat die Lehrerin?,korrigierte den Schüler,korrigierte die Schülerin,er,sie,F
nonamb,9,19,NP2,NP2-Causality,sie,nonamb,"Der Lehrer korrigierte die Schülerin, weil sie in der Stunde ungeschickt war und Fehler produzierte.",Was tat der Lehrer? (korrigierte die Schülerin / korrigierte den Schüler),corrected,AgP,9,37,0.91,-74,unehrlich,0.77,9,korrigierte,1.04,11,68.75,"Der_Lehrer korrigierte die_Schülerin,
weil sie in_der_Stunde ungeschickt_war und Fehler produzierte.",Was tat der Lehrer?,korrigierte die Schülerin,korrigierte den Schüler,sie,er,F
nonamb,9,19,NP2,NP2-Causality,er,nonamb,"Der Lehrer korrigierte den Schüler, weil er in der Stunde ungeschickt war und Fehler produzierte.",Was tat der Lehrer? (korrigierte den Schüler / korrigierte die Schülerin),corrected,AgP,9,37,0.91,-74,unehrlich,0.77,9,korrigierte,1.04,11,68.75,"Der_Lehrer korrigierte den_Schüler,
weil er in_der_Stunde ungeschickt_war und Fehler produzierte.",Was tat der Lehrer?,korrigierte den Schüler,korrigierte die Schülerin,er,sie,F
nonamb,9,19,NP2,NP2-Causality,sie,nonamb,"Die Lehrerin korrigierte die Schülerin, weil sie in der Stunde ungeschickt war und Fehler produzierte.",Was tat die Lehrerin? (korrigierte die Schülerin / korrigierte den Schüler),corrected,AgP,9,37,0.91,-74,unehrlich,0.77,9,korrigierte,1.04,11,68.75,"Die_Lehrerin korrigierte die_Schülerin,
weil sie in_der_Stunde ungeschickt_war und Fehler produzierte.",Was tat die Lehrerin?,korrigierte die Schülerin,korrigierte den Schüler,sie,er,F
nonamb,9,19,NP2,NP2-Causality,er,nonamb,"Die Lehrerin korrigierte den Schüler, weil er in der Stunde ungeschickt war und Fehler produzierte.",Was tat die Lehrerin? (korrigierte den Schüler / korrigierte die Schülerin),corrected,AgP,9,37,0.91,-74,unehrlich,0.77,9,korrigierte,1.04,11,68.75,"Die_Lehrerin korrigierte den_Schüler,
weil er in_der_Stunde ungeschickt_war und Fehler produzierte.",Was tat die Lehrerin?,korrigierte den Schüler,korrigierte die Schülerin,er,sie,F
nonamb,10,55,NP2,NP1-Causality,er,nonamb,"Der Gutsherr schätzte die Magd, weil er seit Jahren alleine war und die Unterstützung benötigte.",Seit wann war er alleine? (seit Jahren / seit langer Zeit),prized,ExpStim,6,330,1.36,-74,hilfsbedürftig,0.9,14,schätzte,2.11,8,56.25,"Der_Gutsherr schätzte die_Magd,
weil er seit_Jahren alleine_war und die_Unterstützung benötigte.",Seit wann war er alleine?,seit Jahren,seit langer Zeit,er,er,F
nonamb,10,55,NP2,NP1-Causality,er,nonamb,"Der Gutsherr schätzte den Knecht, weil er seit Jahren alleine war und die Unterstützung benötigte.",Seit wann war er alleine? (seit Jahren / seit langer Zeit),prized,ExpStim,6,330,1.36,-74,hilfsbedürftig,0.9,14,schätzte,2.11,8,56.25,"Der_Gutsherr schätzte den_Knecht,
weil er seit_Jahren alleine_war und die_Unterstützung benötigte.",Seit wann war er alleine?,seit Jahren,seit langer Zeit,er,er,F
nonamb,10,55,NP2,NP1-Causality,sie,nonamb,"Die Gutsherrin schätzte die Magd, weil sie seit Jahren alleine war und die Unterstützung benötigte.",Seit wann war sie alleine? (seit Jahren / seit langer Zeit),prized,ExpStim,6,330,1.36,-74,hilfsbedürftig,0.9,14,schätzte,2.11,8,56.25,"Die_Gutsherrin schätzte die_Magd,
weil sie seit_Jahren alleine_war und die_Unterstützung benötigte.",Seit wann war sie alleine?,seit Jahren,seit langer Zeit,er,er,F
nonamb,10,55,NP2,NP1-Causality,sie,nonamb,"Die Gutsherrin schätzte den Knecht, weil sie seit Jahren alleine war und die Unterstützung benötigte.",Seit wann war sie alleine? (seit Jahren / seit langer Zeit),prized,ExpStim,6,330,1.36,-74,hilfsbedürftig,0.9,14,schätzte,2.11,8,56.25,"Die_Gutsherrin schätzte den_Knecht,
weil sie seit_Jahren alleine_war und die_Unterstützung benötigte.",Seit wann war sie alleine?,seit Jahren,seit langer Zeit,er,er,F
nonamb,9,55,NP2,NP2-Causality,sie,nonamb,"Der Gutsherr schätzte die Magd, weil sie seit Jahren fleißig war und Lösungen erdachte.",Seit wann war sie fleißig? (seit Jahren / seit langer Zeit),prized,ExpStim,6,330,1.36,-74,fleißig,9.08,8,schätzte,2.11,8,56.25,"Der_Gutsherr schätzte die_Magd,
weil sie seit_Jahren fleißig_war und Lösungen erdachte.",Seit wann war sie fleißig?,seit Jahren,seit langer Zeit,er,er,F
nonamb,9,55,NP2,NP2-Causality,er,nonamb,"Der Gutsherr schätzte den Knecht, weil er seit Jahren fleißig war und Lösungen erdachte.",Seit wann war er fleißig? (seit Jahren / seit langer Zeit),prized,ExpStim,6,330,1.36,-74,fleißig,9.08,8,schätzte,2.11,8,56.25,"Der_Gutsherr schätzte den_Knecht,
weil er seit_Jahren fleißig_war und Lösungen erdachte.",Seit wann war er fleißig?,seit Jahren,seit langer Zeit,er,er,F
nonamb,9,55,NP2,NP2-Causality,sie,nonamb,"Die Gutsherrin schätzte die Magd, weil sie seit Jahren fleißig war und Lösungen erdachte.",Seit wann war sie fleißig? (seit Jahren / seit langer Zeit),prized,ExpStim,6,330,1.36,-74,fleißig,9.08,8,schätzte,2.11,8,56.25,"Die_Gutsherrin schätzte die_Magd,
weil sie seit_Jahren fleißig_war und Lösungen erdachte.",Seit wann war sie fleißig?,seit Jahren,seit langer Zeit,er,er,F
nonamb,9,55,NP2,NP2-Causality,er,nonamb,"Die Gutsherrin schätzte den Knecht, weil er seit Jahren fleißig war und Lösungen erdachte.",Seit wann war er fleißig? (seit Jahren / seit langer Zeit),prized,ExpStim,6,330,1.36,-74,fleißig,9.08,8,schätzte,2.11,8,56.25,"Die_Gutsherrin schätzte den_Knecht,
weil er seit_Jahren fleißig_war und Lösungen erdachte.",Seit wann war er fleißig?,seit Jahren,seit langer Zeit,er,er,F
nonamb,10,17,NP2,NP1-Causality,er,nonamb,"Der Therapeut tröstete die Soldatin, weil er nach den Erlebnissen hilfsbereit war und Schutz gewährte.",Wer war nach den Erlebnissen hilfsbereit? (Der Therapeut / die Soldatin),consoled,StimExp,8,34,1.45,-74,mitfühlend,1.08,10,tröstete,0.77,8,50.0,"Der_Therapeut tröstete die_Soldatin,
weil er nach_den_Erlebnissen hilfsbereit_war und Schutz gewährte.",Wer war nach den Erlebnissen hilfsbereit?,Der Therapeut,die Soldatin,er,sie,F
nonamb,10,17,NP2,NP1-Causality,er,nonamb,"Der Therapeut tröstete den Soldaten, weil er nach den Erlebnissen hilfsbereit war und Schutz gewährte.",Wer war nach den Erlebnissen hilfsbereit? (Der Therapeut / den Soldaten),consoled,StimExp,8,34,1.45,-74,mitfühlend,1.08,10,tröstete,0.77,8,50.0,"Der_Therapeut tröstete den_Soldaten,
weil er nach_den_Erlebnissen hilfsbereit_war und Schutz gewährte.",Wer war nach den Erlebnissen hilfsbereit?,Der Therapeut,den Soldaten,er,er,F
nonamb,10,17,NP2,NP1-Causality,sie,nonamb,"Die Therapeutin tröstete die Soldatin, weil sie nach den Erlebnissen hilfsbereit war und Schutz gewährte.",Wer war nach den Erlebnissen hilfsbereit? (Die Therapeutin / die Soldatin),consoled,StimExp,8,34,1.45,-74,mitfühlend,1.08,10,tröstete,0.77,8,50.0,"Die_Therapeutin tröstete die_Soldatin,
weil sie nach_den_Erlebnissen hilfsbereit_war und Schutz gewährte.",Wer war nach den Erlebnissen hilfsbereit?,Die Therapeutin,die Soldatin,sie,sie,F
nonamb,10,17,NP2,NP1-Causality,sie,nonamb,"Die Therapeutin tröstete den Soldaten, weil sie nach den Erlebnissen hilfsbereit war und Schutz gewährte.",Wer war nach den Erlebnissen hilfsbereit? (Die Therapeutin / den Soldaten),consoled,StimExp,8,34,1.45,-74,mitfühlend,1.08,10,tröstete,0.77,8,50.0,"Die_Therapeutin tröstete den_Soldaten,
weil sie nach_den_Erlebnissen hilfsbereit_war und Schutz gewährte.",Wer war nach den Erlebnissen hilfsbereit?,Die Therapeutin,den Soldaten,sie,er,F
nonamb,9,17,NP2,NP2-Causality,sie,nonamb,"Der Therapeut tröstete die Soldatin, weil sie nach den Erlebnissen hoffnungslos war und Mitgefühl benötigte.",Wer war nach den Erlebnissen hoffnungslos? (Der Therapeut / die Soldatin),consoled,StimExp,8,34,1.45,-74,traumatisiert,1.01,13,tröstete,0.77,8,50.0,"Der_Therapeut tröstete die_Soldatin,
weil sie nach_den_Erlebnissen hoffnungslos_war und Mitgefühl benötigte.",Wer war nach den Erlebnissen hoffnungslos?,Der Therapeut,die Soldatin,er,sie,J
nonamb,9,17,NP2,NP2-Causality,er,nonamb,"Der Therapeut tröstete den Soldaten, weil er nach den Erlebnissen hoffnungslos war und Mitgefühl benötigte.",Wer war nach den Erlebnissen hoffnungslos? (Der Therapeut / den Soldaten),consoled,StimExp,8,34,1.45,-74,traumatisiert,1.01,13,tröstete,0.77,8,50.0,"Der_Therapeut tröstete den_Soldaten,
weil er nach_den_Erlebnissen hoffnungslos_war und Mitgefühl benötigte.",Wer war nach den Erlebnissen hoffnungslos?,Der Therapeut,den Soldaten,er,er,J
nonamb,9,17,NP2,NP2-Causality,sie,nonamb,"Die Therapeutin tröstete die Soldatin, weil sie nach den Erlebnissen hoffnungslos war und Mitgefühl benötigte.",Wer war nach den Erlebnissen hoffnungslos? (Die Therapeutin / die Soldatin),consoled,StimExp,8,34,1.45,-74,traumatisiert,1.01,13,tröstete,0.77,8,50.0,"Die_Therapeutin tröstete die_Soldatin,
weil sie nach_den_Erlebnissen hoffnungslos_war und Mitgefühl benötigte.",Wer war nach den Erlebnissen hoffnungslos?,Die Therapeutin,die Soldatin,sie,sie,J
nonamb,9,17,NP2,NP2-Causality,er,nonamb,"Die Therapeutin tröstete den Soldaten, weil er nach den Erlebnissen hoffnungslos war und Mitgefühl benötigte.",Wer war nach den Erlebnissen hoffnungslos? (Die Therapeutin / den Soldaten),consoled,StimExp,8,34,1.45,-74,traumatisiert,1.01,13,tröstete,0.77,8,50.0,"Die_Therapeutin tröstete den_Soldaten,
weil er nach_den_Erlebnissen hoffnungslos_war und Mitgefühl benötigte.",Wer war nach den Erlebnissen hoffnungslos?,Die Therapeutin,den Soldaten,sie,er,J
nonamb,10,7,NP2,NP1-Causality,er,nonamb,"Der Schamane verehrte die Göttin, weil er von Anfang an empfänglich war und einen Zugang spührte.",Wen verehrte der Schamane? (die Göttin / die Wissenschaftlerin),adored,ExpStim,6,18,2.54,-74,schwach,51.17,7,verehrte,2.75,8,93.75,"Der_Schamane verehrte die_Göttin,
weil er von_Anfang_an empfänglich_war und einen_Zugang spührte.",Wen verehrte der Schamane?,die Göttin,die Wissenschaftlerin,sie,sie,F
nonamb,10,7,NP2,NP1-Causality,er,nonamb,"Der Schamane verehrte den Gott, weil er von Anfang an empfänglich war und einen Zugang spührte.",Wen verehrte der Schamane? (den Gott / den Senioren),adored,ExpStim,6,18,2.54,-74,schwach,51.17,7,verehrte,2.75,8,93.75,"Der_Schamane verehrte den_Gott,
weil er von_Anfang_an empfänglich_war und einen_Zugang spührte.",Wen verehrte der Schamane?,den Gott,den Senioren,er,er,F
nonamb,10,7,NP2,NP1-Causality,sie,nonamb,"Die Schamanin verehrte die Göttin, weil sie von Anfang an empfänglich war und einen Zugang spührte.",Wen verehrte die Schamanin? (die Göttin / die Kollegin),adored,ExpStim,6,18,2.54,-74,schwach,51.17,7,verehrte,2.75,8,93.75,"Die_Schamanin verehrte die_Göttin,
weil sie von_Anfang_an empfänglich_war und einen_Zugang spührte.",Wen verehrte die Schamanin?,die Göttin,die Kollegin,sie,sie,F
nonamb,10,7,NP2,NP1-Causality,sie,nonamb,"Die Schamanin verehrte den Gott, weil sie von Anfang an empfänglich war und einen Zugang spührte.",Wen verehrte die Schamanin? (den Gott / den Knecht),adored,ExpStim,6,18,2.54,-74,schwach,51.17,7,verehrte,2.75,8,93.75,"Die_Schamanin verehrte den_Gott,
weil sie von_Anfang_an empfänglich_war und einen_Zugang spührte.",Wen verehrte die Schamanin?,den Gott,den Knecht,er,er,F
nonamb,9,7,NP2,NP2-Causality,sie,nonamb,"Der Schamane verehrte die Göttin, weil sie von Anfang an mächtig war und Zeichen setzte.",Wen verehrte der Schamane? (die Göttin / die Spielerin),adored,ExpStim,6,18,2.54,-74,mächtig,34.16,7,verehrte,2.75,8,93.75,"Der_Schamane verehrte die_Göttin,
weil sie von_Anfang_an mächtig_war und Zeichen setzte.",Wen verehrte der Schamane?,die Göttin,die Spielerin,sie,sie,F
nonamb,9,7,NP2,NP2-Causality,er,nonamb,"Der Schamane verehrte den Gott, weil er von Anfang an mächtig war und Zeichen setzte.",Wen verehrte der Schamane? (den Gott / den Reisende),adored,ExpStim,6,18,2.54,-74,mächtig,34.16,7,verehrte,2.75,8,93.75,"Der_Schamane verehrte den_Gott,
weil er von_Anfang_an mächtig_war und Zeichen setzte.",Wen verehrte der Schamane?,den Gott,den Reisende,er,er,F
nonamb,9,7,NP2,NP2-Causality,sie,nonamb,"Die Schamanin verehrte die Göttin, weil sie von Anfang an mächtig war und Zeichen setzte.",Wen verehrte die Schamanin? (die Göttin / die Erntehelferin),adored,ExpStim,6,18,2.54,-74,mächtig,34.16,7,verehrte,2.75,8,93.75,"Die_Schamanin verehrte die_Göttin,
weil sie von_Anfang_an mächtig_war und Zeichen setzte.",Wen verehrte die Schamanin?,die Göttin,die Erntehelferin,sie,sie,F
nonamb,9,7,NP2,NP2-Causality,er,nonamb,"Die Schamanin verehrte den Gott, weil er von Anfang an mächtig war und Zeichen setzte.",Wen verehrte die Schamanin? (den Gott / der Kunde),adored,ExpStim,6,18,2.54,-74,mächtig,34.16,7,verehrte,2.75,8,93.75,"Die_Schamanin verehrte den_Gott,
weil er von_Anfang_an mächtig_war und Zeichen setzte.",Wen verehrte die Schamanin?,den Gott,der Kunde,er,er,F
nonamb,10,80,NP2,NP1-Causality,er,nonamb,"Der Enkel ängstigte sich vor der Großmutter, weil er in letzter Zeit eingeschüchtert wurde und Tadel erhielt.",Wann wurde er eingeschüchtert? (in letzter Zeit / schon seit Langem),dreaded,ExpStim,7,99,-2.73,-73,ängstlich,7.09,9,ängstigte sich vor,0.1,9,43.75,"Der_Enkel ängstigte_sich_vor der_Großmutter,
weil er in_letzter_Zeit eingeschüchtert_wurde und Tadel erhielt.",Wann wurde er eingeschüchtert?,in letzter Zeit,schon seit Langem,er,er,F
nonamb,10,80,NP2,NP1-Causality,er,nonamb,"Der Enkel ängstigte sich vor dem Großvater, weil er in letzter Zeit eingeschüchtert wurde und Tadel erhielt.",Wann wurde er eingeschüchtert? (in letzter Zeit / schon seit Langem),dreaded,ExpStim,7,99,-2.73,-73,ängstlich,7.09,9,ängstigte sich vor,0.1,9,43.75,"Der_Enkel ängstigte_sich_vor dem_Großvater,
weil er in_letzter_Zeit eingeschüchtert_wurde und Tadel erhielt.",Wann wurde er eingeschüchtert?,in letzter Zeit,schon seit Langem,er,er,F
nonamb,10,80,NP2,NP1-Causality,sie,nonamb,"Die Enkelin ängstigte sich vor der Großmutter, weil sie in letzter Zeit eingeschüchtert wurde und Tadel erhielt.",Wann wurde sie eingeschüchtert? (in letzter Zeit / schon seit Langem),dreaded,ExpStim,7,99,-2.73,-73,ängstlich,7.09,9,ängstigte sich vor,0.1,9,43.75,"Die_Enkelin ängstigte_sich_vor der_Großmutter,
weil sie in_letzter_Zeit eingeschüchtert_wurde und Tadel erhielt.",Wann wurde sie eingeschüchtert?,in letzter Zeit,schon seit Langem,er,er,F
nonamb,10,80,NP2,NP1-Causality,sie,nonamb,"Die Enkelin ängstigte sich vor dem Großvater, weil sie in letzter Zeit eingeschüchtert wurde und Tadel erhielt.",Wann wurde sie eingeschüchtert? (in letzter Zeit / schon seit Langem),dreaded,ExpStim,7,99,-2.73,-73,ängstlich,7.09,9,ängstigte sich vor,0.1,9,43.75,"Die_Enkelin ängstigte_sich_vor dem_Großvater,
weil sie in_letzter_Zeit eingeschüchtert_wurde und Tadel erhielt.",Wann wurde sie eingeschüchtert?,in letzter Zeit,schon seit Langem,er,er,F
nonamb,9,80,NP2,NP2-Causality,sie,nonamb,"Der Enkel ängstigte sich vor der Großmutter, weil sie in letzter Zeit streng war und Tadel austeilte.",Wann war sie streng? (in letzter Zeit / schon seit Langem),dreaded,ExpStim,7,99,-2.73,-73,unberechenbar,2.85,13,ängstigte sich vor,0.1,9,43.75,"Der_Enkel ängstigte_sich_vor der_Großmutter,
weil sie in_letzter_Zeit streng_war und Tadel austeilte.",Wann war sie streng?,in letzter Zeit,schon seit Langem,er,er,F
nonamb,9,80,NP2,NP2-Causality,er,nonamb,"Der Enkel ängstigte sich vor dem Großvater, weil er in letzter Zeit streng war und Tadel austeilte.",Wann war er streng? (in letzter Zeit / schon seit Langem),dreaded,ExpStim,7,99,-2.73,-73,unberechenbar,2.85,13,ängstigte sich vor,0.1,9,43.75,"Der_Enkel ängstigte_sich_vor dem_Großvater,
weil er in_letzter_Zeit streng_war und Tadel austeilte.",Wann war er streng?,in letzter Zeit,schon seit Langem,er,er,F
nonamb,9,80,NP2,NP2-Causality,sie,nonamb,"Die Enkelin ängstigte sich vor der Großmutter, weil sie in letzter Zeit streng war und Tadel austeilte.",Wann war sie streng? (in letzter Zeit / schon seit Langem),dreaded,ExpStim,7,99,-2.73,-73,unberechenbar,2.85,13,ängstigte sich vor,0.1,9,43.75,"Die_Enkelin ängstigte_sich_vor der_Großmutter,
weil sie in_letzter_Zeit streng_war und Tadel austeilte.",Wann war sie streng?,in letzter Zeit,schon seit Langem,er,er,F
nonamb,9,80,NP2,NP2-Causality,er,nonamb,"Die Enkelin ängstigte sich vor dem Großvater, weil er in letzter Zeit streng war und Tadel austeilte.",Wann war er streng? (in letzter Zeit / schon seit Langem),dreaded,ExpStim,7,99,-2.73,-73,unberechenbar,2.85,13,ängstigte sich vor,0.1,9,43.75,"Die_Enkelin ängstigte_sich_vor dem_Großvater,
weil er in_letzter_Zeit streng_war und Tadel austeilte.",Wann war er streng?,in letzter Zeit,schon seit Langem,er,er,F
nonamb,10,98,NP2,NP1-Causality,er,nonamb,"Der Kunsthistoriker führte die Touristin, weil er an dieser Stelle fachkundig war und Wissen weitergab.",Wen führte der Kunsthistoriker? (die Touristin / die Professorin),guided,AgP,6,475,1.27,-73,vom Fach,0.49,7,führte,68.41,6,56.25,"Der_Kunsthistoriker führte die_Touristin,
weil er an_dieser_Stelle fachkundig_war und Wissen weitergab.",Wen führte der Kunsthistoriker?,die Touristin,die Professorin,sie,sie,F
nonamb,10,98,NP2,NP1-Causality,er,nonamb,"Der Kunsthistoriker führte den Touristen, weil er an dieser Stelle fachkundig war und Wissen weitergab.",Wen führte der Kunsthistoriker? (den Touristen / den Komponist),guided,AgP,6,475,1.27,-73,vom Fach,0.49,7,führte,68.41,6,56.25,"Der_Kunsthistoriker führte den_Touristen,
weil er an_dieser_Stelle fachkundig_war und Wissen weitergab.",Wen führte der Kunsthistoriker?,den Touristen,den Komponist,er,er,F
nonamb,10,98,NP2,NP1-Causality,sie,nonamb,"Die Kunsthistorikerin führte die Touristin, weil sie an dieser Stelle fachkundig war und Wissen weitergab.",Wen führte die Kunsthistorikerin? (die Touristin / die Gefangene),guided,AgP,6,475,1.27,-73,vom Fach,0.49,7,führte,68.41,6,56.25,"Die_Kunsthistorikerin führte die_Touristin,
weil sie an_dieser_Stelle fachkundig_war und Wissen weitergab.",Wen führte die Kunsthistorikerin?,die Touristin,die Gefangene,sie,sie,F
nonamb,10,98,NP2,NP1-Causality,sie,nonamb,"Die Kunsthistorikerin führte den Touristen, weil sie an dieser Stelle fachkundig war und Wissen weitergab.",Wen führte die Kunsthistorikerin? (den Touristen / den Anführer),guided,AgP,6,475,1.27,-73,vom Fach,0.49,7,führte,68.41,6,56.25,"Die_Kunsthistorikerin führte den_Touristen,
weil sie an_dieser_Stelle fachkundig_war und Wissen weitergab.",Wen führte die Kunsthistorikerin?,den Touristen,den Anführer,er,er,F
nonamb,9,98,NP2,NP2-Causality,sie,nonamb,"Der Kunsthistoriker führte die Touristin, weil sie an dieser Stelle interessiert war und Erklärungen suchte.",Wen führte der Kunsthistoriker? (die Touristin / die Politikerin),guided,AgP,6,475,1.27,-73,neugierig,12.44,9,führte,68.41,6,56.25,"Der_Kunsthistoriker führte die_Touristin,
weil sie an_dieser_Stelle interessiert_war und Erklärungen suchte.",Wen führte der Kunsthistoriker?,die Touristin,die Politikerin,sie,sie,F
nonamb,9,98,NP2,NP2-Causality,er,nonamb,"Der Kunsthistoriker führte den Touristen, weil er an dieser Stelle interessiert war und Erklärungen suchte.",Wen führte der Kunsthistoriker? (den Touristen / den Chef),guided,AgP,6,475,1.27,-73,neugierig,12.44,9,führte,68.41,6,56.25,"Der_Kunsthistoriker führte den_Touristen,
weil er an_dieser_Stelle interessiert_war und Erklärungen suchte.",Wen führte der Kunsthistoriker?,den Touristen,den Chef,er,er,F
nonamb,9,98,NP2,NP2-Causality,sie,nonamb,"Die Kunsthistorikerin führte die Touristin, weil sie an dieser Stelle interessiert war und Erklärungen suchte.",Wen führte die Kunsthistorikerin? (die Touristin / die Tutorin),guided,AgP,6,475,1.27,-73,neugierig,12.44,9,führte,68.41,6,56.25,"Die_Kunsthistorikerin führte die_Touristin,
weil sie an_dieser_Stelle interessiert_war und Erklärungen suchte.",Wen führte die Kunsthistorikerin?,die Touristin,die Tutorin,sie,sie,F
nonamb,9,98,NP2,NP2-Causality,er,nonamb,"Die Kunsthistorikerin führte den Touristen, weil er an dieser Stelle interessiert war und Erklärungen suchte.",Wen führte die Kunsthistorikerin? (den Touristen / den Erntehelfer),guided,AgP,6,475,1.27,-73,neugierig,12.44,9,führte,68.41,6,56.25,"Die_Kunsthistorikerin führte den_Touristen,
weil er an_dieser_Stelle interessiert_war und Erklärungen suchte.",Wen führte die Kunsthistorikerin?,den Touristen,den Erntehelfer,er,er,F
nonamb,9,92,NP2,NP1-Causality,er,nonamb,"Der Wettkämpfer jubelte der Trainerin zu, weil er bei dem Event erfolgreich war und den Wettkampf gewann.",Wann war er erfolgreich? (bei dem Event / zu jedem Zeitpunkt),celebrated,AgEvo,10,48,2.73,-72,im Urlaub,6.0,8,jubelte,7.28,7,75.0,"Der_Wettkämpfer jubelte der_Trainerin_zu,
weil er bei_dem_Event erfolgreich_war und den_Wettkampf gewann.",Wann war er erfolgreich?,bei dem Event,zu jedem Zeitpunkt,er,er,F
nonamb,9,92,NP2,NP1-Causality,er,nonamb,"Der Wettkämpfer jubelte dem Trainer zu, weil er bei dem Event erfolgreich war und den Wettkampf gewann.",Wann war er erfolgreich? (bei dem Event / zu jedem Zeitpunkt),celebrated,AgEvo,10,48,2.73,-72,im Urlaub,6.0,8,jubelte,7.28,7,75.0,"Der_Wettkämpfer jubelte dem_Trainer_zu,
weil er bei_dem_Event erfolgreich_war und den_Wettkampf gewann.",Wann war er erfolgreich?,bei dem Event,zu jedem Zeitpunkt,er,er,F
nonamb,9,92,NP2,NP1-Causality,sie,nonamb,"Die Wettkämpferin jubelte der Trainerin zu, weil sie bei dem Event erfolgreich war und den Wettkampf gewann.",Wann war sie erfolgreich? (bei dem Event / zu jedem Zeitpunkt),celebrated,AgEvo,10,48,2.73,-72,im Urlaub,6.0,8,jubelte,7.28,7,75.0,"Die_Wettkämpferin jubelte der_Trainerin_zu,
weil sie bei_dem_Event erfolgreich_war und den_Wettkampf gewann.",Wann war sie erfolgreich?,bei dem Event,zu jedem Zeitpunkt,er,er,F
nonamb,9,92,NP2,NP1-Causality,sie,nonamb,"Die Wettkämpferin jubelte dem Trainer zu, weil sie bei dem Event erfolgreich war und den Wettkampf gewann.",Wann war sie erfolgreich? (bei dem Event / zu jedem Zeitpunkt),celebrated,AgEvo,10,48,2.73,-72,im Urlaub,6.0,8,jubelte,7.28,7,75.0,"Die_Wettkämpferin jubelte dem_Trainer_zu,
weil sie bei_dem_Event erfolgreich_war und den_Wettkampf gewann.",Wann war sie erfolgreich?,bei dem Event,zu jedem Zeitpunkt,er,er,F
nonamb,10,92,NP2,NP2-Causality,sie,nonamb,"Der Wettkämpfer jubelte der Trainerin zu, weil sie bei dem Event unterstützend war und zum Sieg beitrug.",Wann war sie unterstützend? (bei dem Event / zu jedem Zeitpunkt),celebrated,AgEvo,10,48,2.73,-72,gewonnen,55.06,8,jubelte,7.28,7,75.0,"Der_Wettkämpfer jubelte der_Trainerin_zu,
weil sie bei_dem_Event unterstützend_war und zum_Sieg beitrug.",Wann war sie unterstützend?,bei dem Event,zu jedem Zeitpunkt,er,er,F
nonamb,10,92,NP2,NP2-Causality,er,nonamb,"Der Wettkämpfer jubelte dem Trainer zu, weil er bei dem Event unterstützend war und zum Sieg beitrug.",Wann war er unterstützend? (bei dem Event / zu jedem Zeitpunkt),celebrated,AgEvo,10,48,2.73,-72,gewonnen,55.06,8,jubelte,7.28,7,75.0,"Der_Wettkämpfer jubelte dem_Trainer_zu,
weil er bei_dem_Event unterstützend_war und zum_Sieg beitrug.",Wann war er unterstützend?,bei dem Event,zu jedem Zeitpunkt,er,er,F
nonamb,10,92,NP2,NP2-Causality,sie,nonamb,"Die Wettkämpferin jubelte der Trainerin zu, weil sie bei dem Event unterstützend war und zum Sieg beitrug.",Wann war sie unterstützend? (bei dem Event / zu jedem Zeitpunkt),celebrated,AgEvo,10,48,2.73,-72,gewonnen,55.06,8,jubelte,7.28,7,75.0,"Die_Wettkämpferin jubelte der_Trainerin_zu,
weil sie bei_dem_Event unterstützend_war und zum_Sieg beitrug.",Wann war sie unterstützend?,bei dem Event,zu jedem Zeitpunkt,er,er,F
nonamb,10,92,NP2,NP2-Causality,er,nonamb,"Die Wettkämpferin jubelte dem Trainer zu, weil er bei dem Event unterstützend war und zum Sieg beitrug.",Wann war er unterstützend? (bei dem Event / zu jedem Zeitpunkt),celebrated,AgEvo,10,48,2.73,-72,gewonnen,55.06,8,jubelte,7.28,7,75.0,"Die_Wettkämpferin jubelte dem_Trainer_zu,
weil er bei_dem_Event unterstützend_war und zum_Sieg beitrug.",Wann war er unterstützend?,bei dem Event,zu jedem Zeitpunkt,er,er,F
nonamb,10,44,NP2,NP1-Causality,er,nonamb,"Der Mann trauerte um die Kollegin, weil er vor kurzer Zeit einsam wurde und die Güte vermisste.",Wen trauerte um der Mann? (die Kollegin / der Priesterin),mourned,ExpStim,7,10,-2.73,-72,mitfühlend,1.08,10,trauerte um,0.3,8,68.75,"Der_Mann trauerte_um die_Kollegin,
weil er vor_kurzer_Zeit einsam_wurde und die_Güte vermisste.",Wen trauerte um der Mann?,die Kollegin,der Priesterin,sie,er,F
nonamb,10,44,NP2,NP1-Causality,er,nonamb,"Der Mann trauerte um den Kollegen, weil er vor kurzer Zeit einsam wurde und die Güte vermisste.",Wen trauerte um der Mann? (den Kollegen / den Obdachlosen),mourned,ExpStim,7,10,-2.73,-72,mitfühlend,1.08,10,trauerte um,0.3,8,68.75,"Der_Mann trauerte_um den_Kollegen,
weil er vor_kurzer_Zeit einsam_wurde und die_Güte vermisste.",Wen trauerte um der Mann?,den Kollegen,den Obdachlosen,er,er,F
nonamb,10,44,NP2,NP1-Causality,sie,nonamb,"Die Frau trauerte um die Kollegin, weil sie vor kurzer Zeit einsam wurde und die Güte vermisste.",Wen trauerte um die Frau? (die Kollegin / die Interessentin),mourned,ExpStim,7,10,-2.73,-72,mitfühlend,1.08,10,trauerte um,0.3,8,68.75,"Die_Frau trauerte_um die_Kollegin,
weil sie vor_kurzer_Zeit einsam_wurde und die_Güte vermisste.",Wen trauerte um die Frau?,die Kollegin,die Interessentin,sie,sie,F
nonamb,10,44,NP2,NP1-Causality,sie,nonamb,"Die Frau trauerte um den Kollegen, weil sie vor kurzer Zeit einsam wurde und die Güte vermisste.",Wen trauerte um die Frau? (den Kollegen / den Einbrecher),mourned,ExpStim,7,10,-2.73,-72,mitfühlend,1.08,10,trauerte um,0.3,8,68.75,"Die_Frau trauerte_um den_Kollegen,
weil sie vor_kurzer_Zeit einsam_wurde und die_Güte vermisste.",Wen trauerte um die Frau?,den Kollegen,den Einbrecher,er,er,F
nonamb,9,44,NP2,NP2-Causality,sie,nonamb,"Der Mann trauerte um die Kollegin, weil sie vor kurzer Zeit verstorben war und ein Engel gewesen war.",Wen trauerte um der Mann? (die Kollegin / der Nonne),mourned,ExpStim,7,10,-2.73,-72,verstorben,16.86,10,trauerte um,0.3,8,68.75,"Der_Mann trauerte_um die_Kollegin,
weil sie vor_kurzer_Zeit verstorben_war und ein_Engel gewesen_war.",Wen trauerte um der Mann?,die Kollegin,der Nonne,sie,er,F
nonamb,9,44,NP2,NP2-Causality,er,nonamb,"Der Mann trauerte um den Kollegen, weil er vor kurzer Zeit verstorben war und ein Engel gewesen war.",Wen trauerte um der Mann? (den Kollegen / den Pagen),mourned,ExpStim,7,10,-2.73,-72,verstorben,16.86,10,trauerte um,0.3,8,68.75,"Der_Mann trauerte_um den_Kollegen,
weil er vor_kurzer_Zeit verstorben_war und ein_Engel gewesen_war.",Wen trauerte um der Mann?,den Kollegen,den Pagen,er,er,F
nonamb,9,44,NP2,NP2-Causality,sie,nonamb,"Die Frau trauerte um die Kollegin, weil sie vor kurzer Zeit verstorben war und ein Engel gewesen war.",Wen trauerte um die Frau? (die Kollegin / die Ministrantin),mourned,ExpStim,7,10,-2.73,-72,verstorben,16.86,10,trauerte um,0.3,8,68.75,"Die_Frau trauerte_um die_Kollegin,
weil sie vor_kurzer_Zeit verstorben_war und ein_Engel gewesen_war.",Wen trauerte um die Frau?,die Kollegin,die Ministrantin,sie,sie,F
nonamb,9,44,NP2,NP2-Causality,er,nonamb,"Die Frau trauerte um den Kollegen, weil er vor kurzer Zeit verstorben war und ein Engel gewesen war.",Wen trauerte um die Frau? (den Kollegen / den Bullen),mourned,ExpStim,7,10,-2.73,-72,verstorben,16.86,10,trauerte um,0.3,8,68.75,"Die_Frau trauerte_um den_Kollegen,
weil er vor_kurzer_Zeit verstorben_war und ein_Engel gewesen_war.",Wen trauerte um die Frau?,den Kollegen,den Bullen,er,er,F
nonamb,10,104,NP2,NP1-Causality,er,nonamb,"Der Jugendbetreuer versohlte die Tochter, weil er immer wieder autoritär war und Macht ausnutzte.",Wann war er autoritär? (immer wieder / mittlerweile),spanked,AgP,7,6,-1.64,-72,überlegen,40.21,9,versohlte,0.01,9,31.25,"Der_Jugendbetreuer versohlte die_Tochter,
weil er immer_wieder autoritär_war und Macht ausnutzte.",Wann war er autoritär?,immer wieder,mittlerweile,er,er,F
nonamb,10,104,NP2,NP1-Causality,er,nonamb,"Der Jugendbetreuer versohlte den Sohn, weil er immer wieder autoritär war und Macht ausnutzte.",Wann war er autoritär? (immer wieder / mittlerweile),spanked,AgP,7,6,-1.64,-72,überlegen,40.21,9,versohlte,0.01,9,31.25,"Der_Jugendbetreuer versohlte den_Sohn,
weil er immer_wieder autoritär_war und Macht ausnutzte.",Wann war er autoritär?,immer wieder,mittlerweile,er,er,F
nonamb,10,104,NP2,NP1-Causality,sie,nonamb,"Die Jugendbetreuerin versohlte die Tochter, weil sie immer wieder autoritär war und Macht ausnutzte.",Wann war sie autoritär? (immer wieder / mittlerweile),spanked,AgP,7,6,-1.64,-72,überlegen,40.21,9,versohlte,0.01,9,31.25,"Die_Jugendbetreuerin versohlte die_Tochter,
weil sie immer_wieder autoritär_war und Macht ausnutzte.",Wann war sie autoritär?,immer wieder,mittlerweile,er,er,F
nonamb,10,104,NP2,NP1-Causality,sie,nonamb,"Die Jugendbetreuerin versohlte den Sohn, weil sie immer wieder autoritär war und Macht ausnutzte.",Wann war sie autoritär? (immer wieder / mittlerweile),spanked,AgP,7,6,-1.64,-72,überlegen,40.21,9,versohlte,0.01,9,31.25,"Die_Jugendbetreuerin versohlte den_Sohn,
weil sie immer_wieder autoritär_war und Macht ausnutzte.",Wann war sie autoritär?,immer wieder,mittlerweile,er,er,F
nonamb,9,104,NP2,NP2-Causality,sie,nonamb,"Der Jugendbetreuer versohlte die Tochter, weil sie immer wieder ungezogen war und die Regeln missachtete.",Wann war sie ungezogen? (immer wieder / mittlerweile),spanked,AgP,7,6,-1.64,-72,ungezogen,0.32,9,versohlte,0.01,9,31.25,"Der_Jugendbetreuer versohlte die_Tochter,
weil sie immer_wieder ungezogen_war und die_Regeln missachtete.",Wann war sie ungezogen?,immer wieder,mittlerweile,er,er,F
nonamb,9,104,NP2,NP2-Causality,er,nonamb,"Der Jugendbetreuer versohlte den Sohn, weil er immer wieder ungezogen war und die Regeln missachtete.",Wann war er ungezogen? (immer wieder / mittlerweile),spanked,AgP,7,6,-1.64,-72,ungezogen,0.32,9,versohlte,0.01,9,31.25,"Der_Jugendbetreuer versohlte den_Sohn,
weil er immer_wieder ungezogen_war und die_Regeln missachtete.",Wann war er ungezogen?,immer wieder,mittlerweile,er,er,F
nonamb,9,104,NP2,NP2-Causality,sie,nonamb,"Die Jugendbetreuerin versohlte die Tochter, weil sie immer wieder ungezogen war und die Regeln missachtete.",Wann war sie ungezogen? (immer wieder / mittlerweile),spanked,AgP,7,6,-1.64,-72,ungezogen,0.32,9,versohlte,0.01,9,31.25,"Die_Jugendbetreuerin versohlte die_Tochter,
weil sie immer_wieder ungezogen_war und die_Regeln missachtete.",Wann war sie ungezogen?,immer wieder,mittlerweile,er,er,F
nonamb,9,104,NP2,NP2-Causality,er,nonamb,"Die Jugendbetreuerin versohlte den Sohn, weil er immer wieder ungezogen war und die Regeln missachtete.",Wann war er ungezogen? (immer wieder / mittlerweile),spanked,AgP,7,6,-1.64,-72,ungezogen,0.32,9,versohlte,0.01,9,31.25,"Die_Jugendbetreuerin versohlte den_Sohn,
weil er immer_wieder ungezogen_war und die_Regeln missachtete.",Wann war er ungezogen?,immer wieder,mittlerweile,er,er,F
nonamb,10,86,NP2,NP1-Causality,er,nonamb,"Der Taxifahrer holte die Passagierin ab, weil er am frühen Morgen tatkräftig war und die Anfrage übernahm.",Wann war er tatkräftig? (am frühen Morgen / in der Vorlesung),picked up,AgP,6,0,0.45,-71,profitorientiert,0.44,16,holte,0.27,7,43.75,"Der_Taxifahrer holte die_Passagierin_ab,
weil er am_frühen_Morgen tatkräftig_war und die_Anfrage übernahm.",Wann war er tatkräftig?,am frühen Morgen,in der Vorlesung,er,er,F
nonamb,10,86,NP2,NP1-Causality,er,nonamb,"Der Taxifahrer holte den Passagier ab, weil er am frühen Morgen tatkräftig war und die Anfrage übernahm.",Wann war er tatkräftig? (am frühen Morgen / in der Vorlesung),picked up,AgP,6,0,0.45,-71,profitorientiert,0.44,16,holte,0.27,7,43.75,"Der_Taxifahrer holte den_Passagier_ab,
weil er am_frühen_Morgen tatkräftig_war und die_Anfrage übernahm.",Wann war er tatkräftig?,am frühen Morgen,in der Vorlesung,er,er,F
nonamb,10,86,NP2,NP1-Causality,sie,nonamb,"Die Taxifahrerin holte die Passagierin ab, weil sie am frühen Morgen tatkräftig war und die Anfrage übernahm.",Wann war sie tatkräftig? (am frühen Morgen / in der Vorlesung),picked up,AgP,6,0,0.45,-71,profitorientiert,0.44,16,holte,0.27,7,43.75,"Die_Taxifahrerin holte die_Passagierin_ab,
weil sie am_frühen_Morgen tatkräftig_war und die_Anfrage übernahm.",Wann war sie tatkräftig?,am frühen Morgen,in der Vorlesung,er,er,F
nonamb,10,86,NP2,NP1-Causality,sie,nonamb,"Die Taxifahrerin holte den Passagier ab, weil sie am frühen Morgen tatkräftig war und die Anfrage übernahm.",Wann war sie tatkräftig? (am frühen Morgen / in der Vorlesung),picked up,AgP,6,0,0.45,-71,profitorientiert,0.44,16,holte,0.27,7,43.75,"Die_Taxifahrerin holte den_Passagier_ab,
weil sie am_frühen_Morgen tatkräftig_war und die_Anfrage übernahm.",Wann war sie tatkräftig?,am frühen Morgen,in der Vorlesung,er,er,F
nonamb,9,86,NP2,NP2-Causality,sie,nonamb,"Der Taxifahrer holte die Passagierin ab, weil sie am frühen Morgen führerscheinlos war und die Kosten bezahlte.",Wann war sie führerscheinlos? (am frühen Morgen / in der Vorlesung),picked up,AgP,6,0,0.45,-71,führerscheinlos,0.01,15,holte,0.27,7,43.75,"Der_Taxifahrer holte die_Passagierin_ab,
weil sie am_frühen_Morgen führerscheinlos_war und die_Kosten bezahlte.",Wann war sie führerscheinlos?,am frühen Morgen,in der Vorlesung,er,er,F
nonamb,9,86,NP2,NP2-Causality,er,nonamb,"Der Taxifahrer holte den Passagier ab, weil er am frühen Morgen führerscheinlos war und die Kosten bezahlte.",Wann war er führerscheinlos? (am frühen Morgen / in der Vorlesung),picked up,AgP,6,0,0.45,-71,führerscheinlos,0.01,15,holte,0.27,7,43.75,"Der_Taxifahrer holte den_Passagier_ab,
weil er am_frühen_Morgen führerscheinlos_war und die_Kosten bezahlte.",Wann war er führerscheinlos?,am frühen Morgen,in der Vorlesung,er,er,F
nonamb,9,86,NP2,NP2-Causality,sie,nonamb,"Die Taxifahrerin holte die Passagierin ab, weil sie am frühen Morgen führerscheinlos war und die Kosten bezahlte.",Wann war sie führerscheinlos? (am frühen Morgen / in der Vorlesung),picked up,AgP,6,0,0.45,-71,führerscheinlos,0.01,15,holte,0.27,7,43.75,"Die_Taxifahrerin holte die_Passagierin_ab,
weil sie am_frühen_Morgen führerscheinlos_war und die_Kosten bezahlte.",Wann war sie führerscheinlos?,am frühen Morgen,in der Vorlesung,er,er,F
nonamb,9,86,NP2,NP2-Causality,er,nonamb,"Die Taxifahrerin holte den Passagier ab, weil er am frühen Morgen führerscheinlos war und die Kosten bezahlte.",Wann war er führerscheinlos? (am frühen Morgen / in der Vorlesung),picked up,AgP,6,0,0.45,-71,führerscheinlos,0.01,15,holte,0.27,7,43.75,"Die_Taxifahrerin holte den_Passagier_ab,
weil er am_frühen_Morgen führerscheinlos_war und die_Kosten bezahlte.",Wann war er führerscheinlos?,am frühen Morgen,in der Vorlesung,er,er,F
nonamb,10,74,NP2,NP1-Causality,er,nonamb,"Der Vater war besorgt um die Tochter, weil er seit kurzer Zeit ängstlich war und Gefahren sah.",Seit wann war er ängstlich? (seit kurzer Zeit / in den Aufgaben),worried about,ExpStim,7,51,-1.91,-71,lebenserfahren,0.13,14,war besorgt um,0.09,10,68.75,"Der_Vater war_besorgt_um die_Tochter,
weil er seit_kurzer_Zeit ängstlich_war und Gefahren sah.",Seit wann war er ängstlich?,seit kurzer Zeit,in den Aufgaben,er,er,F
nonamb,10,74,NP2,NP1-Causality,er,nonamb,"Der Vater war besorgt um den Sohn, weil er seit kurzer Zeit ängstlich war und Gefahren sah.",Seit wann war er ängstlich? (seit kurzer Zeit / in den Aufgaben),worried about,ExpStim,7,51,-1.91,-71,lebenserfahren,0.13,14,war besorgt um,0.09,10,68.75,"Der_Vater war_besorgt_um den_Sohn,
weil er seit_kurzer_Zeit ängstlich_war und Gefahren sah.",Seit wann war er ängstlich?,seit kurzer Zeit,in den Aufgaben,er,er,F
nonamb,10,74,NP2,NP1-Causality,sie,nonamb,"Die Mutter war besorgt um die Tochter, weil sie seit kurzer Zeit ängstlich war und Gefahren sah.",Seit wann war sie ängstlich? (seit kurzer Zeit / in den Aufgaben),worried about,ExpStim,7,51,-1.91,-71,lebenserfahren,0.13,14,war besorgt um,0.09,10,68.75,"Die_Mutter war_besorgt_um die_Tochter,
weil sie seit_kurzer_Zeit ängstlich_war und Gefahren sah.",Seit wann war sie ängstlich?,seit kurzer Zeit,in den Aufgaben,er,er,F
nonamb,10,74,NP2,NP1-Causality,sie,nonamb,"Die Mutter war besorgt um den Sohn, weil sie seit kurzer Zeit ängstlich war und Gefahren sah.",Seit wann war sie ängstlich? (seit kurzer Zeit / in den Aufgaben),worried about,ExpStim,7,51,-1.91,-71,lebenserfahren,0.13,14,war besorgt um,0.09,10,68.75,"Die_Mutter war_besorgt_um den_Sohn,
weil sie seit_kurzer_Zeit ängstlich_war und Gefahren sah.",Seit wann war sie ängstlich?,seit kurzer Zeit,in den Aufgaben,er,er,F
nonamb,9,74,NP2,NP2-Causality,sie,nonamb,"Der Vater war besorgt um die Tochter, weil sie seit kurzer Zeit achtzehn war und die Freiheit genoss.",Seit wann war sie achtzehn? (seit kurzer Zeit / in den Aufgaben),worried about,ExpStim,7,51,-1.91,-71,erst achtzehn,0.03,8,war besorgt um,0.09,10,68.75,"Der_Vater war_besorgt_um die_Tochter,
weil sie seit_kurzer_Zeit achtzehn_war und die_Freiheit genoss.",Seit wann war sie achtzehn?,seit kurzer Zeit,in den Aufgaben,er,er,F
nonamb,9,74,NP2,NP2-Causality,er,nonamb,"Der Vater war besorgt um den Sohn, weil er seit kurzer Zeit achtzehn war und die Freiheit genoss.",Seit wann war er achtzehn? (seit kurzer Zeit / in den Aufgaben),worried about,ExpStim,7,51,-1.91,-71,erst achtzehn,0.03,8,war besorgt um,0.09,10,68.75,"Der_Vater war_besorgt_um den_Sohn,
weil er seit_kurzer_Zeit achtzehn_war und die_Freiheit genoss.",Seit wann war er achtzehn?,seit kurzer Zeit,in den Aufgaben,er,er,F
nonamb,9,74,NP2,NP2-Causality,sie,nonamb,"Die Mutter war besorgt um die Tochter, weil sie seit kurzer Zeit achtzehn war und die Freiheit genoss.",Seit wann war sie achtzehn? (seit kurzer Zeit / in den Aufgaben),worried about,ExpStim,7,51,-1.91,-71,erst achtzehn,0.03,8,war besorgt um,0.09,10,68.75,"Die_Mutter war_besorgt_um die_Tochter,
weil sie seit_kurzer_Zeit achtzehn_war und die_Freiheit genoss.",Seit wann war sie achtzehn?,seit kurzer Zeit,in den Aufgaben,er,er,F
nonamb,9,74,NP2,NP2-Causality,er,nonamb,"Die Mutter war besorgt um den Sohn, weil er seit kurzer Zeit achtzehn war und die Freiheit genoss.",Seit wann war er achtzehn? (seit kurzer Zeit / in den Aufgaben),worried about,ExpStim,7,51,-1.91,-71,erst achtzehn,0.03,8,war besorgt um,0.09,10,68.75,"Die_Mutter war_besorgt_um den_Sohn,
weil er seit_kurzer_Zeit achtzehn_war und die_Freiheit genoss.",Seit wann war er achtzehn?,seit kurzer Zeit,in den Aufgaben,er,er,F
nonamb,9,120,neutral,NP1-Causality,er,nonamb,"Der Kater starrte die Maus an, weil er in dem Moment hungrig war und den Sprung vorbereitete.",Wer starrte die Maus an? (Der Kater / Der Erzieher),stared at,AgP,6,106,-0.36,-15,hungrig,4.51,7,starrte,3.03,7,12.5,"Der_Kater starrte die_Maus_an,
weil er in_dem_Moment hungrig_war und den_Sprung vorbereitete.",Wer starrte die Maus an?,Der Kater,Der Erzieher,er,er,F
nonamb,9,120,neutral,NP1-Causality,er,nonamb,"Der Kater starrte den Mäuserich an, weil er in dem Moment hungrig war und den Sprung vorbereitete.",Wer starrte den Mäuserich an? (Der Kater / Der Redner),stared at,AgP,6,106,-0.36,-15,hungrig,4.51,7,starrte,3.03,7,12.5,"Der_Kater starrte den_Mäuserich_an,
weil er in_dem_Moment hungrig_war und den_Sprung vorbereitete.",Wer starrte den Mäuserich an?,Der Kater,Der Redner,er,er,F
nonamb,9,120,neutral,NP1-Causality,sie,nonamb,"Die Katze starrte die Maus an, weil sie in dem Moment hungrig war und den Sprung vorbereitete.",Wer starrte die Maus an? (Die Katze / Die Diebin),stared at,AgP,6,106,-0.36,-15,hungrig,4.51,7,starrte,3.03,7,12.5,"Die_Katze starrte die_Maus_an,
weil sie in_dem_Moment hungrig_war und den_Sprung vorbereitete.",Wer starrte die Maus an?,Die Katze,Die Diebin,sie,sie,F
nonamb,9,120,neutral,NP1-Causality,sie,nonamb,"Die Katze starrte den Mäuserich an, weil sie in dem Moment hungrig war und den Sprung vorbereitete.",Wer starrte den Mäuserich an? (Die Katze / Die Nichte),stared at,AgP,6,106,-0.36,-15,hungrig,4.51,7,starrte,3.03,7,12.5,"Die_Katze starrte den_Mäuserich_an,
weil sie in_dem_Moment hungrig_war und den_Sprung vorbereitete.",Wer starrte den Mäuserich an?,Die Katze,Die Nichte,sie,sie,F
nonamb,10,120,neutral,NP2-Causality,sie,nonamb,"Der Kater starrte die Maus an, weil sie in dem Moment unaufmerksam war und die Gefahr übersah.",Wer starrte die Maus an? (Der Kater / Der Verwandte),stared at,AgP,6,106,-0.36,-15,unaufmerksam,0.41,12,starrte,3.03,7,12.5,"Der_Kater starrte die_Maus_an,
weil sie in_dem_Moment unaufmerksam_war und die_Gefahr übersah.",Wer starrte die Maus an?,Der Kater,Der Verwandte,er,er,F
nonamb,10,120,neutral,NP2-Causality,er,nonamb,"Der Kater starrte den Mäuserich an, weil er in dem Moment unaufmerksam war und die Gefahr übersah.",Wer starrte den Mäuserich an? (Der Kater / Der Magier),stared at,AgP,6,106,-0.36,-15,unaufmerksam,0.41,12,starrte,3.03,7,12.5,"Der_Kater starrte den_Mäuserich_an,
weil er in_dem_Moment unaufmerksam_war und die_Gefahr übersah.",Wer starrte den Mäuserich an?,Der Kater,Der Magier,er,er,F
nonamb,10,120,neutral,NP2-Causality,sie,nonamb,"Die Katze starrte die Maus an, weil sie in dem Moment unaufmerksam war und die Gefahr übersah.",Wer starrte die Maus an? (Die Katze / Die Diebin),stared at,AgP,6,106,-0.36,-15,unaufmerksam,0.41,12,starrte,3.03,7,12.5,"Die_Katze starrte die_Maus_an,
weil sie in_dem_Moment unaufmerksam_war und die_Gefahr übersah.",Wer starrte die Maus an?,Die Katze,Die Diebin,sie,sie,F
nonamb,10,120,neutral,NP2-Causality,er,nonamb,"Die Katze starrte den Mäuserich an, weil er in dem Moment unaufmerksam war und die Gefahr übersah.",Wer starrte den Mäuserich an? (Die Katze / Die Rednerin),stared at,AgP,6,106,-0.36,-15,unaufmerksam,0.41,12,starrte,3.03,7,12.5,"Die_Katze starrte den_Mäuserich_an,
weil er in_dem_Moment unaufmerksam_war und die_Gefahr übersah.",Wer starrte den Mäuserich an?,Die Katze,Die Rednerin,sie,sie,F
nonamb,9,36,neutral,NP1-Causality,er,nonamb,"Der Mieter schlug die Einbrecherin, weil er zu dem Zeitpunkt erbost war und Hass empfand.",Was empfand er? (Hass / ein Ende),hit,AgP,3,164,-1.82,-14,empört,5.68,6,schlug,21.29,6,62.5,"Der_Mieter schlug die_Einbrecherin,
weil er zu_dem_Zeitpunkt erbost_war und Hass empfand.",Was empfand er?,Hass,ein Ende,er,er,F
nonamb,9,36,neutral,NP1-Causality,er,nonamb,"Der Mieter schlug den Einbrecher, weil er zu dem Zeitpunkt erbost war und Hass empfand.",Was empfand er? (Hass / ein Ende),hit,AgP,3,164,-1.82,-14,empört,5.68,6,schlug,21.29,6,62.5,"Der_Mieter schlug den_Einbrecher,
weil er zu_dem_Zeitpunkt erbost_war und Hass empfand.",Was empfand er?,Hass,ein Ende,er,er,F
nonamb,9,36,neutral,NP1-Causality,sie,nonamb,"Die Mieterin schlug die Einbrecherin, weil sie zu dem Zeitpunkt erbost war und Hass empfand.",Was empfand sie? (Hass / ein Ende),hit,AgP,3,164,-1.82,-14,empört,5.68,6,schlug,21.29,6,62.5,"Die_Mieterin schlug die_Einbrecherin,
weil sie zu_dem_Zeitpunkt erbost_war und Hass empfand.",Was empfand sie?,Hass,ein Ende,er,er,F
nonamb,9,36,neutral,NP1-Causality,sie,nonamb,"Die Mieterin schlug den Einbrecher, weil sie zu dem Zeitpunkt erbost war und Hass empfand.",Was empfand sie? (Hass / ein Ende),hit,AgP,3,164,-1.82,-14,empört,5.68,6,schlug,21.29,6,62.5,"Die_Mieterin schlug den_Einbrecher,
weil sie zu_dem_Zeitpunkt erbost_war und Hass empfand.",Was empfand sie?,Hass,ein Ende,er,er,F
nonamb,10,36,neutral,NP2-Causality,sie,nonamb,"Der Mieter schlug die Einbrecherin, weil sie zu dem Zeitpunkt unaufmerksam war und die Gegenwehr überraschte.",Was raschte sie über? (die Gegenwehr / ein Ende),hit,AgP,3,164,-1.82,-14,unaufmerksam,6.9,8,schlug,21.29,6,62.5,"Der_Mieter schlug die_Einbrecherin,
weil sie zu_dem_Zeitpunkt unaufmerksam_war und die_Gegenwehr überraschte.",Was raschte sie über?,die Gegenwehr,ein Ende,sie,er,F
nonamb,10,36,neutral,NP2-Causality,er,nonamb,"Der Mieter schlug den Einbrecher, weil er zu dem Zeitpunkt unaufmerksam war und die Gegenwehr überraschte.",Was raschte er über? (die Gegenwehr / ein Ende),hit,AgP,3,164,-1.82,-14,unaufmerksam,6.9,8,schlug,21.29,6,62.5,"Der_Mieter schlug den_Einbrecher,
weil er zu_dem_Zeitpunkt unaufmerksam_war und die_Gegenwehr überraschte.",Was raschte er über?,die Gegenwehr,ein Ende,sie,er,F
nonamb,10,36,neutral,NP2-Causality,sie,nonamb,"Die Mieterin schlug die Einbrecherin, weil sie zu dem Zeitpunkt unaufmerksam war und die Gegenwehr überraschte.",Was raschte sie über? (die Gegenwehr / ein Ende),hit,AgP,3,164,-1.82,-14,unaufmerksam,6.9,8,schlug,21.29,6,62.5,"Die_Mieterin schlug die_Einbrecherin,
weil sie zu_dem_Zeitpunkt unaufmerksam_war und die_Gegenwehr überraschte.",Was raschte sie über?,die Gegenwehr,ein Ende,sie,er,F
nonamb,10,36,neutral,NP2-Causality,er,nonamb,"Die Mieterin schlug den Einbrecher, weil er zu dem Zeitpunkt unaufmerksam war und die Gegenwehr überraschte.",Was raschte er über? (die Gegenwehr / ein Ende),hit,AgP,3,164,-1.82,-14,unaufmerksam,6.9,8,schlug,21.29,6,62.5,"Die_Mieterin schlug den_Einbrecher,
weil er zu_dem_Zeitpunkt unaufmerksam_war und die_Gegenwehr überraschte.",Was raschte er über?,die Gegenwehr,ein Ende,sie,er,F
nonamb,9,72,neutral,NP1-Causality,er,nonamb,"Der Herr tadelte die Zofe, weil er am dem Nachmittag verärgert war und Kleinigkeitein bemerkte.",Was bemerkte er? (Kleinigkeitein / die Güte),reproved,AgEvo,8,61,-0.36,-14,genervt,3.82,7,tadelte,0.23,7,43.75,"Der_Herr tadelte die_Zofe,
weil er am_dem_Nachmittag verärgert_war und Kleinigkeitein bemerkte.",Was bemerkte er?,Kleinigkeitein,die Güte,er,sie,F
nonamb,9,72,neutral,NP1-Causality,er,nonamb,"Der Herr tadelte den Pagen, weil er am dem Nachmittag verärgert war und Kleinigkeitein bemerkte.",Was bemerkte er? (Kleinigkeitein / die Güte),reproved,AgEvo,8,61,-0.36,-14,genervt,3.82,7,tadelte,0.23,7,43.75,"Der_Herr tadelte den_Pagen,
weil er am_dem_Nachmittag verärgert_war und Kleinigkeitein bemerkte.",Was bemerkte er?,Kleinigkeitein,die Güte,er,sie,F
nonamb,9,72,neutral,NP1-Causality,sie,nonamb,"Die Herrin tadelte die Zofe, weil sie am dem Nachmittag verärgert war und Kleinigkeitein bemerkte.",Was bemerkte sie? (Kleinigkeitein / die Güte),reproved,AgEvo,8,61,-0.36,-14,genervt,3.82,7,tadelte,0.23,7,43.75,"Die_Herrin tadelte die_Zofe,
weil sie am_dem_Nachmittag verärgert_war und Kleinigkeitein bemerkte.",Was bemerkte sie?,Kleinigkeitein,die Güte,er,sie,F
nonamb,9,72,neutral,NP1-Causality,sie,nonamb,"Die Herrin tadelte den Pagen, weil sie am dem Nachmittag verärgert war und Kleinigkeitein bemerkte.",Was bemerkte sie? (Kleinigkeitein / die Güte),reproved,AgEvo,8,61,-0.36,-14,genervt,3.82,7,tadelte,0.23,7,43.75,"Die_Herrin tadelte den_Pagen,
weil sie am_dem_Nachmittag verärgert_war und Kleinigkeitein bemerkte.",Was bemerkte sie?,Kleinigkeitein,die Güte,er,sie,F
nonamb,10,72,neutral,NP2-Causality,sie,nonamb,"Der Herr tadelte die Zofe, weil sie am dem Nachmittag unpünktlich war und Fehler machte.",Was machte sie? (Fehler / die Güte),reproved,AgEvo,8,61,-0.36,-14,unpünktlich,0.28,11,tadelte,0.23,7,43.75,"Der_Herr tadelte die_Zofe,
weil sie am_dem_Nachmittag unpünktlich_war und Fehler machte.",Was machte sie?,Fehler,die Güte,er,sie,F
nonamb,10,72,neutral,NP2-Causality,er,nonamb,"Der Herr tadelte den Pagen, weil er am dem Nachmittag unpünktlich war und Fehler machte.",Was machte er? (Fehler / die Güte),reproved,AgEvo,8,61,-0.36,-14,unpünktlich,0.28,11,tadelte,0.23,7,43.75,"Der_Herr tadelte den_Pagen,
weil er am_dem_Nachmittag unpünktlich_war und Fehler machte.",Was machte er?,Fehler,die Güte,er,sie,F
nonamb,10,72,neutral,NP2-Causality,sie,nonamb,"Die Herrin tadelte die Zofe, weil sie am dem Nachmittag unpünktlich war und Fehler machte.",Was machte sie? (Fehler / die Güte),reproved,AgEvo,8,61,-0.36,-14,unpünktlich,0.28,11,tadelte,0.23,7,43.75,"Die_Herrin tadelte die_Zofe,
weil sie am_dem_Nachmittag unpünktlich_war und Fehler machte.",Was machte sie?,Fehler,die Güte,er,sie,F
nonamb,10,72,neutral,NP2-Causality,er,nonamb,"Die Herrin tadelte den Pagen, weil er am dem Nachmittag unpünktlich war und Fehler machte.",Was machte er? (Fehler / die Güte),reproved,AgEvo,8,61,-0.36,-14,unpünktlich,0.28,11,tadelte,0.23,7,43.75,"Die_Herrin tadelte den_Pagen,
weil er am_dem_Nachmittag unpünktlich_war und Fehler machte.",Was machte er?,Fehler,die Güte,er,sie,F
nonamb,9,102,neutral,NP1-Causality,er,nonamb,"Der Schachspieler spielte mit der Gegnerin, weil er bei den Partien überrrascht wurde und die Züge analysierte.",Wann wurde er überrrascht? (bei den Partien / auf der Tournee),played with,AgP,6,0,1.27,-13,überrascht,21.94,10,spielte,25.51,7,81.25,"Der_Schachspieler spielte mit_der_Gegnerin,
weil er bei_den_Partien überrrascht_wurde und die_Züge analysierte.",Wann wurde er überrrascht?,bei den Partien,auf der Tournee,er,er,F
nonamb,9,102,neutral,NP1-Causality,er,nonamb,"Der Schachspieler spielte mit dem Gegner, weil er bei den Partien überrrascht wurde und die Züge analysierte.",Wann wurde er überrrascht? (bei den Partien / auf der Tournee),played with,AgP,6,0,1.27,-13,überrascht,21.94,10,spielte,25.51,7,81.25,"Der_Schachspieler spielte mit_dem_Gegner,
weil er bei_den_Partien überrrascht_wurde und die_Züge analysierte.",Wann wurde er überrrascht?,bei den Partien,auf der Tournee,er,er,F
nonamb,9,102,neutral,NP1-Causality,sie,nonamb,"Die Schachspielerin spielte mit der Gegnerin, weil sie bei den Partien überrrascht wurde und die Züge analysierte.",Wann wurde sie überrrascht? (bei den Partien / auf der Tournee),played with,AgP,6,0,1.27,-13,überrascht,21.94,10,spielte,25.51,7,81.25,"Die_Schachspielerin spielte mit_der_Gegnerin,
weil sie bei_den_Partien überrrascht_wurde und die_Züge analysierte.",Wann wurde sie überrrascht?,bei den Partien,auf der Tournee,er,er,F
nonamb,9,102,neutral,NP1-Causality,sie,nonamb,"Die Schachspielerin spielte mit dem Gegner, weil sie bei den Partien überrrascht wurde und die Züge analysierte.",Wann wurde sie überrrascht? (bei den Partien / auf der Tournee),played with,AgP,6,0,1.27,-13,überrascht,21.94,10,spielte,25.51,7,81.25,"Die_Schachspielerin spielte mit_dem_Gegner,
weil sie bei_den_Partien überrrascht_wurde und die_Züge analysierte.",Wann wurde sie überrrascht?,bei den Partien,auf der Tournee,er,er,F
nonamb,10,102,neutral,NP2-Causality,sie,nonamb,"Der Schachspieler spielte mit der Gegnerin, weil sie bei den Partien durchdacht spielte und die Strategie prägte.",Wann spielte sie durchdacht? (bei den Partien / auf der Tournee),played with,AgP,6,0,1.27,-13,bemerkenswert,18.77,13,spielte,25.51,7,81.25,"Der_Schachspieler spielte mit_der_Gegnerin,
weil sie bei_den_Partien durchdacht_spielte und die_Strategie prägte.",Wann spielte sie durchdacht?,bei den Partien,auf der Tournee,er,er,F
nonamb,10,102,neutral,NP2-Causality,er,nonamb,"Der Schachspieler spielte mit dem Gegner, weil er bei den Partien durchdacht spielte und die Strategie prägte.",Wann spielte er durchdacht? (bei den Partien / auf der Tournee),played with,AgP,6,0,1.27,-13,bemerkenswert,18.77,13,spielte,25.51,7,81.25,"Der_Schachspieler spielte mit_dem_Gegner,
weil er bei_den_Partien durchdacht_spielte und die_Strategie prägte.",Wann spielte er durchdacht?,bei den Partien,auf der Tournee,er,er,F
nonamb,10,102,neutral,NP2-Causality,sie,nonamb,"Die Schachspielerin spielte mit der Gegnerin, weil sie bei den Partien durchdacht spielte und die Strategie prägte.",Wann spielte sie durchdacht? (bei den Partien / auf der Tournee),played with,AgP,6,0,1.27,-13,bemerkenswert,18.77,13,spielte,25.51,7,81.25,"Die_Schachspielerin spielte mit_der_Gegnerin,
weil sie bei_den_Partien durchdacht_spielte und die_Strategie prägte.",Wann spielte sie durchdacht?,bei den Partien,auf der Tournee,er,er,F
nonamb,10,102,neutral,NP2-Causality,er,nonamb,"Die Schachspielerin spielte mit dem Gegner, weil er bei den Partien durchdacht spielte und die Strategie prägte.",Wann spielte er durchdacht? (bei den Partien / auf der Tournee),played with,AgP,6,0,1.27,-13,bemerkenswert,18.77,13,spielte,25.51,7,81.25,"Die_Schachspielerin spielte mit_dem_Gegner,
weil er bei_den_Partien durchdacht_spielte und die_Strategie prägte.",Wann spielte er durchdacht?,bei den Partien,auf der Tournee,er,er,F
nonamb,9,24,neutral,NP1-Causality,er,nonamb,"Der Trainer ermutigte die Spielerin, weil er in diesen Tagen hoffnungsvoll war und Fortschritte erwartete.",Wen ermutigte der Trainer? (die Spielerin / die Kollegin),encouraged,StimExp,10,2,2.27,-12,hoffnungsvoll,3.35,13,ermutigte,0.93,9,75.0,"Der_Trainer ermutigte die_Spielerin,
weil er in_diesen_Tagen hoffnungsvoll_war und Fortschritte erwartete.",Wen ermutigte der Trainer?,die Spielerin,die Kollegin,sie,sie,F
nonamb,9,24,neutral,NP1-Causality,er,nonamb,"Der Trainer ermutigte den Spieler, weil er in diesen Tagen hoffnungsvoll war und Fortschritte erwartete.",Wen ermutigte der Trainer? (den Spieler / den Senioren),encouraged,StimExp,10,2,2.27,-12,hoffnungsvoll,3.35,13,ermutigte,0.93,9,75.0,"Der_Trainer ermutigte den_Spieler,
weil er in_diesen_Tagen hoffnungsvoll_war und Fortschritte erwartete.",Wen ermutigte der Trainer?,den Spieler,den Senioren,er,er,F
nonamb,9,24,neutral,NP1-Causality,sie,nonamb,"Die Trainerin ermutigte die Spielerin, weil sie in diesen Tagen hoffnungsvoll war und Fortschritte erwartete.",Wen ermutigte die Trainerin? (die Spielerin / die Professorin),encouraged,StimExp,10,2,2.27,-12,hoffnungsvoll,3.35,13,ermutigte,0.93,9,75.0,"Die_Trainerin ermutigte die_Spielerin,
weil sie in_diesen_Tagen hoffnungsvoll_war und Fortschritte erwartete.",Wen ermutigte die Trainerin?,die Spielerin,die Professorin,sie,sie,F
nonamb,9,24,neutral,NP1-Causality,sie,nonamb,"Die Trainerin ermutigte den Spieler, weil sie in diesen Tagen hoffnungsvoll war und Fortschritte erwartete.",Wen ermutigte die Trainerin? (den Spieler / den Bürgermeister),encouraged,StimExp,10,2,2.27,-12,hoffnungsvoll,3.35,13,ermutigte,0.93,9,75.0,"Die_Trainerin ermutigte den_Spieler,
weil sie in_diesen_Tagen hoffnungsvoll_war und Fortschritte erwartete.",Wen ermutigte die Trainerin?,den Spieler,den Bürgermeister,er,er,F
nonamb,10,24,neutral,NP2-Causality,sie,nonamb,"Der Trainer ermutigte die Spielerin, weil sie in diesen Tagen unglücklich war und Pech hatte.",Wen ermutigte der Trainer? (die Spielerin / die Gefangene),encouraged,StimExp,10,2,2.27,-12,deprimiert,1.23,10,ermutigte,0.93,9,75.0,"Der_Trainer ermutigte die_Spielerin,
weil sie in_diesen_Tagen unglücklich_war und Pech hatte.",Wen ermutigte der Trainer?,die Spielerin,die Gefangene,sie,sie,F
nonamb,10,24,neutral,NP2-Causality,er,nonamb,"Der Trainer ermutigte den Spieler, weil er in diesen Tagen unglücklich war und Pech hatte.",Wen ermutigte der Trainer? (den Spieler / den Kater),encouraged,StimExp,10,2,2.27,-12,deprimiert,1.23,10,ermutigte,0.93,9,75.0,"Der_Trainer ermutigte den_Spieler,
weil er in_diesen_Tagen unglücklich_war und Pech hatte.",Wen ermutigte der Trainer?,den Spieler,den Kater,er,er,F
nonamb,10,24,neutral,NP2-Causality,sie,nonamb,"Die Trainerin ermutigte die Spielerin, weil sie in diesen Tagen unglücklich war und Pech hatte.",Wen ermutigte die Trainerin? (die Spielerin / die Touristin),encouraged,StimExp,10,2,2.27,-12,deprimiert,1.23,10,ermutigte,0.93,9,75.0,"Die_Trainerin ermutigte die_Spielerin,
weil sie in_diesen_Tagen unglücklich_war und Pech hatte.",Wen ermutigte die Trainerin?,die Spielerin,die Touristin,sie,sie,F
nonamb,10,24,neutral,NP2-Causality,er,nonamb,"Die Trainerin ermutigte den Spieler, weil er in diesen Tagen unglücklich war und Pech hatte.",Wen ermutigte die Trainerin? (den Spieler / den Passagier),encouraged,StimExp,10,2,2.27,-12,deprimiert,1.23,10,ermutigte,0.93,9,75.0,"Die_Trainerin ermutigte den_Spieler,
weil er in_diesen_Tagen unglücklich_war und Pech hatte.",Wen ermutigte die Trainerin?,den Spieler,den Passagier,er,er,F
nonamb,9,21,neutral,NP1-Causality,er,nonamb,"Der Chef missbilligte die Mitarbeiterin, weil er seit Jahren enttäuscht war und Stagnation wahrnahm.",Seit wann war er enttäuscht? (seit Jahren / immervort),deprecated,AgEvo,10,0,-1.55,-12,enttäuscht,19.36,10,missbilligte,0.07,12,62.5,"Der_Chef missbilligte die_Mitarbeiterin,
weil er seit_Jahren enttäuscht_war und Stagnation wahrnahm.",Seit wann war er enttäuscht?,seit Jahren,immervort,er,er,F
nonamb,9,21,neutral,NP1-Causality,er,nonamb,"Der Chef missbilligte den Mitarbeiter, weil er seit Jahren enttäuscht war und Stagnation wahrnahm.",Seit wann war er enttäuscht? (seit Jahren / immervort),deprecated,AgEvo,10,0,-1.55,-12,enttäuscht,19.36,10,missbilligte,0.07,12,62.5,"Der_Chef missbilligte den_Mitarbeiter,
weil er seit_Jahren enttäuscht_war und Stagnation wahrnahm.",Seit wann war er enttäuscht?,seit Jahren,immervort,er,er,F
nonamb,9,21,neutral,NP1-Causality,sie,nonamb,"Die Chefin missbilligte die Mitarbeiterin, weil sie seit Jahren enttäuscht war und Stagnation wahrnahm.",Seit wann war sie enttäuscht? (seit Jahren / immervort),deprecated,AgEvo,10,0,-1.55,-12,enttäuscht,19.36,10,missbilligte,0.07,12,62.5,"Die_Chefin missbilligte die_Mitarbeiterin,
weil sie seit_Jahren enttäuscht_war und Stagnation wahrnahm.",Seit wann war sie enttäuscht?,seit Jahren,immervort,er,er,F
nonamb,9,21,neutral,NP1-Causality,sie,nonamb,"Die Chefin missbilligte den Mitarbeiter, weil sie seit Jahren enttäuscht war und Stagnation wahrnahm.",Seit wann war sie enttäuscht? (seit Jahren / immervort),deprecated,AgEvo,10,0,-1.55,-12,enttäuscht,19.36,10,missbilligte,0.07,12,62.5,"Die_Chefin missbilligte den_Mitarbeiter,
weil sie seit_Jahren enttäuscht_war und Stagnation wahrnahm.",Seit wann war sie enttäuscht?,seit Jahren,immervort,er,er,F
nonamb,10,21,neutral,NP2-Causality,sie,nonamb,"Der Chef missbilligte die Mitarbeiterin, weil sie seit Jahren faul war und Aufgaben verweigerte.",Seit wann war sie faul? (seit Jahren / immervort),deprecated,AgEvo,10,0,-1.55,-12,untätig,1.83,7,missbilligte,0.07,12,62.5,"Der_Chef missbilligte die_Mitarbeiterin,
weil sie seit_Jahren faul_war und Aufgaben verweigerte.",Seit wann war sie faul?,seit Jahren,immervort,er,er,F
nonamb,10,21,neutral,NP2-Causality,er,nonamb,"Der Chef missbilligte den Mitarbeiter, weil er seit Jahren faul war und Aufgaben verweigerte.",Seit wann war er faul? (seit Jahren / immervort),deprecated,AgEvo,10,0,-1.55,-12,untätig,1.83,7,missbilligte,0.07,12,62.5,"Der_Chef missbilligte den_Mitarbeiter,
weil er seit_Jahren faul_war und Aufgaben verweigerte.",Seit wann war er faul?,seit Jahren,immervort,er,er,F
nonamb,10,21,neutral,NP2-Causality,sie,nonamb,"Die Chefin missbilligte die Mitarbeiterin, weil sie seit Jahren faul war und Aufgaben verweigerte.",Seit wann war sie faul? (seit Jahren / immervort),deprecated,AgEvo,10,0,-1.55,-12,untätig,1.83,7,missbilligte,0.07,12,62.5,"Die_Chefin missbilligte die_Mitarbeiterin,
weil sie seit_Jahren faul_war und Aufgaben verweigerte.",Seit wann war sie faul?,seit Jahren,immervort,er,er,F
nonamb,10,21,neutral,NP2-Causality,er,nonamb,"Die Chefin missbilligte den Mitarbeiter, weil er seit Jahren faul war und Aufgaben verweigerte.",Seit wann war er faul? (seit Jahren / immervort),deprecated,AgEvo,10,0,-1.55,-12,untätig,1.83,7,missbilligte,0.07,12,62.5,"Die_Chefin missbilligte den_Mitarbeiter,
weil er seit_Jahren faul_war und Aufgaben verweigerte.",Seit wann war er faul?,seit Jahren,immervort,er,er,F
nonamb,9,78,neutral,NP1-Causality,er,nonamb,"Der Onkel beschimpfte die Tochter, weil er mittlerweile dement war und die Orientierung verlor.",Was verlor er? (die Orientierung / Knurren),decried,AgEvo,7,0,-0.55,-11,dement,0.09,6,beschimpfte,0.62,11,75.0,"Der_Onkel beschimpfte die_Tochter,
weil er mittlerweile dement_war und die_Orientierung verlor.",Was verlor er?,die Orientierung,Knurren,sie,er,F
nonamb,9,78,neutral,NP1-Causality,er,nonamb,"Der Onkel beschimpfte den Sohn, weil er mittlerweile dement war und die Orientierung verlor.",Was verlor er? (die Orientierung / Knurren),decried,AgEvo,7,0,-0.55,-11,dement,0.09,6,beschimpfte,0.62,11,75.0,"Der_Onkel beschimpfte den_Sohn,
weil er mittlerweile dement_war und die_Orientierung verlor.",Was verlor er?,die Orientierung,Knurren,sie,er,F
nonamb,9,78,neutral,NP1-Causality,sie,nonamb,"Die Tante beschimpfte die Tochter, weil sie mittlerweile dement war und die Orientierung verlor.",Was verlor sie? (die Orientierung / Knurren),decried,AgEvo,7,0,-0.55,-11,dement,0.09,6,beschimpfte,0.62,11,75.0,"Die_Tante beschimpfte die_Tochter,
weil sie mittlerweile dement_war und die_Orientierung verlor.",Was verlor sie?,die Orientierung,Knurren,sie,er,F
nonamb,9,78,neutral,NP1-Causality,sie,nonamb,"Die Tante beschimpfte den Sohn, weil sie mittlerweile dement war und die Orientierung verlor.",Was verlor sie? (die Orientierung / Knurren),decried,AgEvo,7,0,-0.55,-11,dement,0.09,6,beschimpfte,0.62,11,75.0,"Die_Tante beschimpfte den_Sohn,
weil sie mittlerweile dement_war und die_Orientierung verlor.",Was verlor sie?,die Orientierung,Knurren,sie,er,F
nonamb,10,78,neutral,NP2-Causality,sie,nonamb,"Der Onkel beschimpfte die Tochter, weil sie mittlerweile frech war und Unbarmherzigkeit signalisierte.",Was signalisierte sie? (Unbarmherzigkeit / Knurren),decried,AgEvo,7,0,-0.55,-11,zu spät,18.87,6,beschimpfte,0.62,11,75.0,"Der_Onkel beschimpfte die_Tochter,
weil sie mittlerweile frech_war und Unbarmherzigkeit signalisierte.",Was signalisierte sie?,Unbarmherzigkeit,Knurren,er,er,F
nonamb,10,78,neutral,NP2-Causality,er,nonamb,"Der Onkel beschimpfte den Sohn, weil er mittlerweile frech war und Unbarmherzigkeit signalisierte.",Was signalisierte er? (Unbarmherzigkeit / Knurren),decried,AgEvo,7,0,-0.55,-11,zu spät,18.87,6,beschimpfte,0.62,11,75.0,"Der_Onkel beschimpfte den_Sohn,
weil er mittlerweile frech_war und Unbarmherzigkeit signalisierte.",Was signalisierte er?,Unbarmherzigkeit,Knurren,er,er,F
nonamb,10,78,neutral,NP2-Causality,sie,nonamb,"Die Tante beschimpfte die Tochter, weil sie mittlerweile frech war und Unbarmherzigkeit signalisierte.",Was signalisierte sie? (Unbarmherzigkeit / Knurren),decried,AgEvo,7,0,-0.55,-11,zu spät,18.87,6,beschimpfte,0.62,11,75.0,"Die_Tante beschimpfte die_Tochter,
weil sie mittlerweile frech_war und Unbarmherzigkeit signalisierte.",Was signalisierte sie?,Unbarmherzigkeit,Knurren,er,er,F
nonamb,10,78,neutral,NP2-Causality,er,nonamb,"Die Tante beschimpfte den Sohn, weil er mittlerweile frech war und Unbarmherzigkeit signalisierte.",Was signalisierte er? (Unbarmherzigkeit / Knurren),decried,AgEvo,7,0,-0.55,-11,zu spät,18.87,6,beschimpfte,0.62,11,75.0,"Die_Tante beschimpfte den_Sohn,
weil er mittlerweile frech_war und Unbarmherzigkeit signalisierte.",Was signalisierte er?,Unbarmherzigkeit,Knurren,er,er,F
nonamb,9,93,neutral,NP1-Causality,er,nonamb,"Der Witwer kuschelte die Katze, weil er über Jahre fürsorglich war und das Tier liebte.",Was tat der Witwer? (kuschelte die Katze / kuschelte den Kater),cuddled,AgP,7,5,2.54,-10,fürsorglich,1.5,11,kuschelte,0.17,9,60.0,"Der_Witwer kuschelte die_Katze,
weil er über_Jahre fürsorglich_war und das_Tier liebte.",Was tat der Witwer?,kuschelte die Katze,kuschelte den Kater,sie,er,F
nonamb,9,93,neutral,NP1-Causality,er,nonamb,"Der Witwer kuschelte den Kater, weil er über Jahre fürsorglich war und das Tier liebte.",Was tat der Witwer? (kuschelte den Kater / kuschelte die Katze),cuddled,AgP,7,5,2.54,-10,fürsorglich,1.5,11,kuschelte,0.17,9,60.0,"Der_Witwer kuschelte den_Kater,
weil er über_Jahre fürsorglich_war und das_Tier liebte.",Was tat der Witwer?,kuschelte den Kater,kuschelte die Katze,er,sie,F
nonamb,9,93,neutral,NP1-Causality,sie,nonamb,"Die Witwe kuschelte die Katze, weil sie über Jahre fürsorglich war und das Tier liebte.",Was tat die Witwe? (kuschelte die Katze / kuschelte den Kater),cuddled,AgP,7,5,2.54,-10,fürsorglich,1.5,11,kuschelte,0.17,9,60.0,"Die_Witwe kuschelte die_Katze,
weil sie über_Jahre fürsorglich_war und das_Tier liebte.",Was tat die Witwe?,kuschelte die Katze,kuschelte den Kater,sie,er,F
nonamb,9,93,neutral,NP1-Causality,sie,nonamb,"Die Witwe kuschelte den Kater, weil sie über Jahre fürsorglich war und das Tier liebte.",Was tat die Witwe? (kuschelte den Kater / kuschelte die Katze),cuddled,AgP,7,5,2.54,-10,fürsorglich,1.5,11,kuschelte,0.17,9,60.0,"Die_Witwe kuschelte den_Kater,
weil sie über_Jahre fürsorglich_war und das_Tier liebte.",Was tat die Witwe?,kuschelte den Kater,kuschelte die Katze,er,sie,F
nonamb,10,93,neutral,NP2-Causality,sie,nonamb,"Der Witwer kuschelte die Katze, weil sie über Jahre anhänglich war und Wärme spendete.",Was tat der Witwer? (kuschelte die Katze / kuschelte den Kater),cuddled,AgP,7,5,2.54,-10,weich,22.09,5,kuschelte,0.17,9,60.0,"Der_Witwer kuschelte die_Katze,
weil sie über_Jahre anhänglich_war und Wärme spendete.",Was tat der Witwer?,kuschelte die Katze,kuschelte den Kater,sie,er,F
nonamb,10,93,neutral,NP2-Causality,er,nonamb,"Der Witwer kuschelte den Kater, weil er über Jahre anhänglich war und Wärme spendete.",Was tat der Witwer? (kuschelte den Kater / kuschelte die Katze),cuddled,AgP,7,5,2.54,-10,weich,22.09,5,kuschelte,0.17,9,60.0,"Der_Witwer kuschelte den_Kater,
weil er über_Jahre anhänglich_war und Wärme spendete.",Was tat der Witwer?,kuschelte den Kater,kuschelte die Katze,er,sie,F
nonamb,10,93,neutral,NP2-Causality,sie,nonamb,"Die Witwe kuschelte die Katze, weil sie über Jahre anhänglich war und Wärme spendete.",Was tat die Witwe? (kuschelte die Katze / kuschelte den Kater),cuddled,AgP,7,5,2.54,-10,weich,22.09,5,kuschelte,0.17,9,60.0,"Die_Witwe kuschelte die_Katze,
weil sie über_Jahre anhänglich_war und Wärme spendete.",Was tat die Witwe?,kuschelte die Katze,kuschelte den Kater,sie,er,F
nonamb,10,93,neutral,NP2-Causality,er,nonamb,"Die Witwe kuschelte den Kater, weil er über Jahre anhänglich war und Wärme spendete.",Was tat die Witwe? (kuschelte den Kater / kuschelte die Katze),cuddled,AgP,7,5,2.54,-10,weich,22.09,5,kuschelte,0.17,9,60.0,"Die_Witwe kuschelte den_Kater,
weil er über_Jahre anhänglich_war und Wärme spendete.",Was tat die Witwe?,kuschelte den Kater,kuschelte die Katze,er,sie,F
nonamb,9,57,neutral,NP1-Causality,er,nonamb,"Der Politiker schmähte die Parteigenossin, weil er bis zum Ende verärgert war und Unterstützung vermisste.",Was vermisste er? (Unterstützung / ein Ende),reviled,AgEvo,7,23,-1.73,-9,verärgert,3.91,9,schmähte,0.06,8,68.75,"Der_Politiker schmähte die_Parteigenossin,
weil er bis_zum_Ende verärgert_war und Unterstützung vermisste.",Was vermisste er?,Unterstützung,ein Ende,er,er,F
nonamb,9,57,neutral,NP1-Causality,er,nonamb,"Der Politiker schmähte den Parteigenossen, weil er bis zum Ende verärgert war und Unterstützung vermisste.",Was vermisste er? (Unterstützung / ein Ende),reviled,AgEvo,7,23,-1.73,-9,verärgert,3.91,9,schmähte,0.06,8,68.75,"Der_Politiker schmähte den_Parteigenossen,
weil er bis_zum_Ende verärgert_war und Unterstützung vermisste.",Was vermisste er?,Unterstützung,ein Ende,er,er,F
nonamb,9,57,neutral,NP1-Causality,sie,nonamb,"die Politikerin schmähte die Parteigenossin, weil sie bis zum Ende verärgert war und Unterstützung vermisste.",Was vermisste sie? (Unterstützung / ein Ende),reviled,AgEvo,7,23,-1.73,-9,verärgert,3.91,9,schmähte,0.06,8,68.75,"die_Politikerin schmähte die_Parteigenossin,
weil sie bis_zum_Ende verärgert_war und Unterstützung vermisste.",Was vermisste sie?,Unterstützung,ein Ende,er,er,F
nonamb,9,57,neutral,NP1-Causality,sie,nonamb,"die Politikerin schmähte den Parteigenossen, weil sie bis zum Ende verärgert war und Unterstützung vermisste.",Was vermisste sie? (Unterstützung / ein Ende),reviled,AgEvo,7,23,-1.73,-9,verärgert,3.91,9,schmähte,0.06,8,68.75,"die_Politikerin schmähte den_Parteigenossen,
weil sie bis_zum_Ende verärgert_war und Unterstützung vermisste.",Was vermisste sie?,Unterstützung,ein Ende,er,er,F
nonamb,10,57,neutral,NP2-Causality,sie,nonamb,"Der Politiker schmähte die Parteigenossin, weil sie bis zum Ende hilflos war und Selbstbewusstsein fehlte.",Was fehlte sie? (Selbstbewusstsein / ein Ende),reviled,AgEvo,7,23,-1.73,-9,besiegt,7.28,7,schmähte,0.06,8,68.75,"Der_Politiker schmähte die_Parteigenossin,
weil sie bis_zum_Ende hilflos_war und Selbstbewusstsein fehlte.",Was fehlte sie?,Selbstbewusstsein,ein Ende,er,er,F
nonamb,10,57,neutral,NP2-Causality,er,nonamb,"Der Politiker schmähte den Parteigenossen, weil er bis zum Ende hilflos war und Selbstbewusstsein fehlte.",Was fehlte er? (Selbstbewusstsein / ein Ende),reviled,AgEvo,7,23,-1.73,-9,besiegt,7.28,7,schmähte,0.06,8,68.75,"Der_Politiker schmähte den_Parteigenossen,
weil er bis_zum_Ende hilflos_war und Selbstbewusstsein fehlte.",Was fehlte er?,Selbstbewusstsein,ein Ende,er,er,F
nonamb,10,57,neutral,NP2-Causality,sie,nonamb,"die Politikerin schmähte die Parteigenossin, weil sie bis zum Ende hilflos war und Selbstbewusstsein fehlte.",Was fehlte sie? (Selbstbewusstsein / ein Ende),reviled,AgEvo,7,23,-1.73,-9,besiegt,7.28,7,schmähte,0.06,8,68.75,"die_Politikerin schmähte die_Parteigenossin,
weil sie bis_zum_Ende hilflos_war und Selbstbewusstsein fehlte.",Was fehlte sie?,Selbstbewusstsein,ein Ende,er,er,F
nonamb,10,57,neutral,NP2-Causality,er,nonamb,"die Politikerin schmähte den Parteigenossen, weil er bis zum Ende hilflos war und Selbstbewusstsein fehlte.",Was fehlte er? (Selbstbewusstsein / ein Ende),reviled,AgEvo,7,23,-1.73,-9,besiegt,7.28,7,schmähte,0.06,8,68.75,"die_Politikerin schmähte den_Parteigenossen,
weil er bis_zum_Ende hilflos_war und Selbstbewusstsein fehlte.",Was fehlte er?,Selbstbewusstsein,ein Ende,er,er,F
nonamb,9,34,neutral,NP1-Causality,er,nonamb,"Der Dörfler grüßte die Bürgermeisterin, weil er seit jeher wohlerzogen war und Umgangsregeln achtete.",Was tat der Dörfler? (grüßte die Bürgermeisterin / grüßte den Bürgermeister),greeted,AgP,7,68,1.27,-8,wohlerzogen,0.27,11,grüßte,0.76,7,68.75,"Der_Dörfler grüßte die_Bürgermeisterin,
weil er seit_jeher wohlerzogen_war und Umgangsregeln achtete.",Was tat der Dörfler?,grüßte die Bürgermeisterin,grüßte den Bürgermeister,sie,er,F
nonamb,9,34,neutral,NP1-Causality,er,nonamb,"Der Dörfler grüßte den Bürgermeister, weil er seit jeher wohlerzogen war und Umgangsregeln achtete.",Was tat der Dörfler? (grüßte den Bürgermeister / grüßte die Bürgermeisterin),greeted,AgP,7,68,1.27,-8,wohlerzogen,0.27,11,grüßte,0.76,7,68.75,"Der_Dörfler grüßte den_Bürgermeister,
weil er seit_jeher wohlerzogen_war und Umgangsregeln achtete.",Was tat der Dörfler?,grüßte den Bürgermeister,grüßte die Bürgermeisterin,er,sie,F
nonamb,9,34,neutral,NP1-Causality,sie,nonamb,"Die Dörflerin grüßte die Bürgermeisterin, weil sie seit jeher wohlerzogen war und Umgangsregeln achtete.",Was tat die Dörflerin? (grüßte die Bürgermeisterin / grüßte den Bürgermeister),greeted,AgP,7,68,1.27,-8,wohlerzogen,0.27,11,grüßte,0.76,7,68.75,"Die_Dörflerin grüßte die_Bürgermeisterin,
weil sie seit_jeher wohlerzogen_war und Umgangsregeln achtete.",Was tat die Dörflerin?,grüßte die Bürgermeisterin,grüßte den Bürgermeister,sie,er,F
nonamb,9,34,neutral,NP1-Causality,sie,nonamb,"Die Dörflerin grüßte den Bürgermeister, weil sie seit jeher wohlerzogen war und Umgangsregeln achtete.",Was tat die Dörflerin? (grüßte den Bürgermeister / grüßte die Bürgermeisterin),greeted,AgP,7,68,1.27,-8,wohlerzogen,0.27,11,grüßte,0.76,7,68.75,"Die_Dörflerin grüßte den_Bürgermeister,
weil sie seit_jeher wohlerzogen_war und Umgangsregeln achtete.",Was tat die Dörflerin?,grüßte den Bürgermeister,grüßte die Bürgermeisterin,er,sie,F
nonamb,10,34,neutral,NP2-Causality,sie,nonamb,"Der Dörfler grüßte die Bürgermeisterin, weil sie seit jeher angesehen war und Autorität verkörperte.",Was tat der Dörfler? (grüßte die Bürgermeisterin / grüßte den Bürgermeister),greeted,AgP,7,68,1.27,-8,vorrangig,18.77,9,grüßte,0.76,7,68.75,"Der_Dörfler grüßte die_Bürgermeisterin,
weil sie seit_jeher angesehen_war und Autorität verkörperte.",Was tat der Dörfler?,grüßte die Bürgermeisterin,grüßte den Bürgermeister,sie,er,F
nonamb,10,34,neutral,NP2-Causality,er,nonamb,"Der Dörfler grüßte den Bürgermeister, weil er seit jeher angesehen war und Autorität verkörperte.",Was tat der Dörfler? (grüßte den Bürgermeister / grüßte die Bürgermeisterin),greeted,AgP,7,68,1.27,-8,vorrangig,18.77,9,grüßte,0.76,7,68.75,"Der_Dörfler grüßte den_Bürgermeister,
weil er seit_jeher angesehen_war und Autorität verkörperte.",Was tat der Dörfler?,grüßte den Bürgermeister,grüßte die Bürgermeisterin,er,sie,F
nonamb,10,34,neutral,NP2-Causality,sie,nonamb,"Die Dörflerin grüßte die Bürgermeisterin, weil sie seit jeher angesehen war und Autorität verkörperte.",Was tat die Dörflerin? (grüßte die Bürgermeisterin / grüßte den Bürgermeister),greeted,AgP,7,68,1.27,-8,vorrangig,18.77,9,grüßte,0.76,7,68.75,"Die_Dörflerin grüßte die_Bürgermeisterin,
weil sie seit_jeher angesehen_war und Autorität verkörperte.",Was tat die Dörflerin?,grüßte die Bürgermeisterin,grüßte den Bürgermeister,sie,er,F
nonamb,10,34,neutral,NP2-Causality,er,nonamb,"Die Dörflerin grüßte den Bürgermeister, weil er seit jeher angesehen war und Autorität verkörperte.",Was tat die Dörflerin? (grüßte den Bürgermeister / grüßte die Bürgermeisterin),greeted,AgP,7,68,1.27,-8,vorrangig,18.77,9,grüßte,0.76,7,68.75,"Die_Dörflerin grüßte den_Bürgermeister,
weil er seit_jeher angesehen_war und Autorität verkörperte.",Was tat die Dörflerin?,grüßte den Bürgermeister,grüßte die Bürgermeisterin,er,sie,F
nonamb,9,105,neutral,NP1-Causality,er,nonamb,"Der Rugbyspieler traf die Schiedsrichterin, weil er in dem Moment angespannt war und das Gleichgewicht verlor.",Wann war er angespannt? (in dem Moment / am frühen Abend),struck,AgP,6,202,-1.45,-8,weggedrängt,0.04,11,traf,22.69,4,37.5,"Der_Rugbyspieler traf die_Schiedsrichterin,
weil er in_dem_Moment angespannt_war und das_Gleichgewicht verlor.",Wann war er angespannt?,in dem Moment,am frühen Abend,er,er,F
nonamb,9,105,neutral,NP1-Causality,er,nonamb,"Der Rugbyspieler traf den Schiedsrichter, weil er in dem Moment angespannt war und das Gleichgewicht verlor.",Wann war er angespannt? (in dem Moment / am frühen Abend),struck,AgP,6,202,-1.45,-8,weggedrängt,0.04,11,traf,22.69,4,37.5,"Der_Rugbyspieler traf den_Schiedsrichter,
weil er in_dem_Moment angespannt_war und das_Gleichgewicht verlor.",Wann war er angespannt?,in dem Moment,am frühen Abend,er,er,F
nonamb,9,105,neutral,NP1-Causality,sie,nonamb,"Die Rugbyspielerin traf die Schiedsrichterin, weil sie in dem Moment angespannt war und das Gleichgewicht verlor.",Wann war sie angespannt? (in dem Moment / am frühen Abend),struck,AgP,6,202,-1.45,-8,weggedrängt,0.04,11,traf,22.69,4,37.5,"Die_Rugbyspielerin traf die_Schiedsrichterin,
weil sie in_dem_Moment angespannt_war und das_Gleichgewicht verlor.",Wann war sie angespannt?,in dem Moment,am frühen Abend,er,er,F
nonamb,9,105,neutral,NP1-Causality,sie,nonamb,"Die Rugbyspielerin traf den Schiedsrichter, weil sie in dem Moment angespannt war und das Gleichgewicht verlor.",Wann war sie angespannt? (in dem Moment / am frühen Abend),struck,AgP,6,202,-1.45,-8,weggedrängt,0.04,11,traf,22.69,4,37.5,"Die_Rugbyspielerin traf den_Schiedsrichter,
weil sie in_dem_Moment angespannt_war und das_Gleichgewicht verlor.",Wann war sie angespannt?,in dem Moment,am frühen Abend,er,er,F
nonamb,10,105,neutral,NP2-Causality,sie,nonamb,"Der Rugbyspieler traf die Schiedsrichterin, weil sie in dem Moment abgelenkt war und den Wurf übersah.",Wann war sie abgelenkt? (in dem Moment / am frühen Abend),struck,AgP,6,202,-1.45,-8,im Weg,18.89,5,traf,22.69,4,37.5,"Der_Rugbyspieler traf die_Schiedsrichterin,
weil sie in_dem_Moment abgelenkt_war und den_Wurf übersah.",Wann war sie abgelenkt?,in dem Moment,am frühen Abend,er,er,F
nonamb,10,105,neutral,NP2-Causality,er,nonamb,"Der Rugbyspieler traf den Schiedsrichter, weil er in dem Moment abgelenkt war und den Wurf übersah.",Wann war er abgelenkt? (in dem Moment / am frühen Abend),struck,AgP,6,202,-1.45,-8,im Weg,18.89,5,traf,22.69,4,37.5,"Der_Rugbyspieler traf den_Schiedsrichter,
weil er in_dem_Moment abgelenkt_war und den_Wurf übersah.",Wann war er abgelenkt?,in dem Moment,am frühen Abend,er,er,F
nonamb,10,105,neutral,NP2-Causality,sie,nonamb,"Die Rugbyspielerin traf die Schiedsrichterin, weil sie in dem Moment abgelenkt war und den Wurf übersah.",Wann war sie abgelenkt? (in dem Moment / am frühen Abend),struck,AgP,6,202,-1.45,-8,im Weg,18.89,5,traf,22.69,4,37.5,"Die_Rugbyspielerin traf die_Schiedsrichterin,
weil sie in_dem_Moment abgelenkt_war und den_Wurf übersah.",Wann war sie abgelenkt?,in dem Moment,am frühen Abend,er,er,F
nonamb,10,105,neutral,NP2-Causality,er,nonamb,"Die Rugbyspielerin traf den Schiedsrichter, weil er in dem Moment abgelenkt war und den Wurf übersah.",Wann war er abgelenkt? (in dem Moment / am frühen Abend),struck,AgP,6,202,-1.45,-8,im Weg,18.89,5,traf,22.69,4,37.5,"Die_Rugbyspielerin traf den_Schiedsrichter,
weil er in_dem_Moment abgelenkt_war und den_Wurf übersah.",Wann war er abgelenkt?,in dem Moment,am frühen Abend,er,er,F
nonamb,9,87,neutral,NP1-Causality,er,nonamb,"Der Landwirt entlohnte die Erntehelferin, weil er bis spät abends gerecht war und den Anteil berechnet hatte.",Wer war bis spät abends gerecht? (Der Landwirt / die Erntehelferin),remunerated,AgP,11,0,0.18,-6,gerecht,56.68,7,entlohnte,0.42,9,75.0,"Der_Landwirt entlohnte die_Erntehelferin,
weil er bis_spät_abends gerecht_war und den_Anteil berechnet_hatte.",Wer war bis spät abends gerecht?,Der Landwirt,die Erntehelferin,er,sie,F
nonamb,9,87,neutral,NP1-Causality,er,nonamb,"Der Landwirt entlohnte den Erntehelfer, weil er bis spät abends gerecht war und den Anteil berechnet hatte.",Wer war bis spät abends gerecht? (Der Landwirt / den Erntehelfer),remunerated,AgP,11,0,0.18,-6,gerecht,56.68,7,entlohnte,0.42,9,75.0,"Der_Landwirt entlohnte den_Erntehelfer,
weil er bis_spät_abends gerecht_war und den_Anteil berechnet_hatte.",Wer war bis spät abends gerecht?,Der Landwirt,den Erntehelfer,er,er,F
nonamb,9,87,neutral,NP1-Causality,sie,nonamb,"Die Landwirtin entlohnte die Erntehelferin, weil sie bis spät abends gerecht war und den Anteil berechnet hatte.",Wer war bis spät abends gerecht? (Die Landwirtin / die Erntehelferin),remunerated,AgP,11,0,0.18,-6,gerecht,56.68,7,entlohnte,0.42,9,75.0,"Die_Landwirtin entlohnte die_Erntehelferin,
weil sie bis_spät_abends gerecht_war und den_Anteil berechnet_hatte.",Wer war bis spät abends gerecht?,Die Landwirtin,die Erntehelferin,sie,sie,F
nonamb,9,87,neutral,NP1-Causality,sie,nonamb,"Die Landwirtin entlohnte den Erntehelfer, weil sie bis spät abends gerecht war und den Anteil berechnet hatte.",Wer war bis spät abends gerecht? (Die Landwirtin / den Erntehelfer),remunerated,AgP,11,0,0.18,-6,gerecht,56.68,7,entlohnte,0.42,9,75.0,"Die_Landwirtin entlohnte den_Erntehelfer,
weil sie bis_spät_abends gerecht_war und den_Anteil berechnet_hatte.",Wer war bis spät abends gerecht?,Die Landwirtin,den Erntehelfer,sie,er,F
nonamb,10,87,neutral,NP2-Causality,sie,nonamb,"Der Landwirt entlohnte die Erntehelferin, weil sie bis spät abends arbeitssam war und die Ernte eingefahren war.",Wer war bis spät abends arbeitssam? (Der Landwirt / die Erntehelferin),remunerated,AgP,11,0,0.18,-6,arbeitsam,0.34,9,entlohnte,0.42,9,75.0,"Der_Landwirt entlohnte die_Erntehelferin,
weil sie bis_spät_abends arbeitssam_war und die_Ernte eingefahren_war.",Wer war bis spät abends arbeitssam?,Der Landwirt,die Erntehelferin,er,sie,J
nonamb,10,87,neutral,NP2-Causality,er,nonamb,"Der Landwirt entlohnte den Erntehelfer, weil er bis spät abends arbeitssam war und die Ernte eingefahren war.",Wer war bis spät abends arbeitssam? (Der Landwirt / den Erntehelfer),remunerated,AgP,11,0,0.18,-6,arbeitsam,0.34,9,entlohnte,0.42,9,75.0,"Der_Landwirt entlohnte den_Erntehelfer,
weil er bis_spät_abends arbeitssam_war und die_Ernte eingefahren_war.",Wer war bis spät abends arbeitssam?,Der Landwirt,den Erntehelfer,er,er,J
nonamb,10,87,neutral,NP2-Causality,sie,nonamb,"Die Landwirtin entlohnte die Erntehelferin, weil sie bis spät abends arbeitssam war und die Ernte eingefahren war.",Wer war bis spät abends arbeitssam? (Die Landwirtin / die Erntehelferin),remunerated,AgP,11,0,0.18,-6,arbeitsam,0.34,9,entlohnte,0.42,9,75.0,"Die_Landwirtin entlohnte die_Erntehelferin,
weil sie bis_spät_abends arbeitssam_war und die_Ernte eingefahren_war.",Wer war bis spät abends arbeitssam?,Die Landwirtin,die Erntehelferin,sie,sie,J
nonamb,10,87,neutral,NP2-Causality,er,nonamb,"Die Landwirtin entlohnte den Erntehelfer, weil er bis spät abends arbeitssam war und die Ernte eingefahren war.",Wer war bis spät abends arbeitssam? (Die Landwirtin / den Erntehelfer),remunerated,AgP,11,0,0.18,-6,arbeitsam,0.34,9,entlohnte,0.42,9,75.0,"Die_Landwirtin entlohnte den_Erntehelfer,
weil er bis_spät_abends arbeitssam_war und die_Ernte eingefahren_war.",Wer war bis spät abends arbeitssam?,Die Landwirtin,den Erntehelfer,sie,er,J
nonamb,9,35,neutral,NP1-Causality,er,nonamb,"Der Dieb schnappte sich die Rivalin, weil er an dem Ort clever war und den Plan umsetzte.",Wer schnappte sich die Rivalin? (Der Dieb / Der Sünder),grabbed,AgP,7,160,-1.45,-5,gerissen,7.39,8,schnappte sich,1.22,9,81.25,"Der_Dieb schnappte_sich die_Rivalin,
weil er an_dem_Ort clever_war und den_Plan umsetzte.",Wer schnappte sich die Rivalin?,Der Dieb,Der Sünder,er,er,F
nonamb,9,35,neutral,NP1-Causality,er,nonamb,"Der Dieb schnappte sich den Rivalen, weil er an dem Ort clever war und den Plan umsetzte.",Wer schnappte sich den Rivalen? (Der Dieb / Der Judokämpfer),grabbed,AgP,7,160,-1.45,-5,gerissen,7.39,8,schnappte sich,1.22,9,81.25,"Der_Dieb schnappte_sich den_Rivalen,
weil er an_dem_Ort clever_war und den_Plan umsetzte.",Wer schnappte sich den Rivalen?,Der Dieb,Der Judokämpfer,er,er,F
nonamb,9,35,neutral,NP1-Causality,sie,nonamb,"Die Diebin schnappte sich die Rivalin, weil sie an dem Ort clever war und den Plan umsetzte.",Wer schnappte sich die Rivalin? (Die Diebin / Die Unteroffizierin),grabbed,AgP,7,160,-1.45,-5,gerissen,7.39,8,schnappte sich,1.22,9,81.25,"Die_Diebin schnappte_sich die_Rivalin,
weil sie an_dem_Ort clever_war und den_Plan umsetzte.",Wer schnappte sich die Rivalin?,Die Diebin,Die Unteroffizierin,sie,sie,F
nonamb,9,35,neutral,NP1-Causality,sie,nonamb,"Die Diebin schnappte sich den Rivalen, weil sie an dem Ort clever war und den Plan umsetzte.",Wer schnappte sich den Rivalen? (Die Diebin / Die Witwe),grabbed,AgP,7,160,-1.45,-5,gerissen,7.39,8,schnappte sich,1.22,9,81.25,"Die_Diebin schnappte_sich den_Rivalen,
weil sie an_dem_Ort clever_war und den_Plan umsetzte.",Wer schnappte sich den Rivalen?,Die Diebin,Die Witwe,sie,sie,F
nonamb,10,35,neutral,NP2-Causality,sie,nonamb,"Der Dieb schnappte sich die Rivalin, weil sie an dem Ort unaufmerksam war und Fehler machte.",Wer schnappte sich die Rivalin? (Der Dieb / Der Teilnehmer),grabbed,AgP,7,160,-1.45,-5,wunderschön,23.36,11,schnappte sich,1.22,9,81.25,"Der_Dieb schnappte_sich die_Rivalin,
weil sie an_dem_Ort unaufmerksam_war und Fehler machte.",Wer schnappte sich die Rivalin?,Der Dieb,Der Teilnehmer,er,er,F
nonamb,10,35,neutral,NP2-Causality,er,nonamb,"Der Dieb schnappte sich den Rivalen, weil er an dem Ort unaufmerksam war und Fehler machte.",Wer schnappte sich den Rivalen? (Der Dieb / Der Dörfler),grabbed,AgP,7,160,-1.45,-5,wunderschön,23.36,11,schnappte sich,1.22,9,81.25,"Der_Dieb schnappte_sich den_Rivalen,
weil er an_dem_Ort unaufmerksam_war und Fehler machte.",Wer schnappte sich den Rivalen?,Der Dieb,Der Dörfler,er,er,F
nonamb,10,35,neutral,NP2-Causality,sie,nonamb,"Die Diebin schnappte sich die Rivalin, weil sie an dem Ort unaufmerksam war und Fehler machte.",Wer schnappte sich die Rivalin? (Die Diebin / Die Gutsherrin),grabbed,AgP,7,160,-1.45,-5,wunderschön,23.36,11,schnappte sich,1.22,9,81.25,"Die_Diebin schnappte_sich die_Rivalin,
weil sie an_dem_Ort unaufmerksam_war und Fehler machte.",Wer schnappte sich die Rivalin?,Die Diebin,Die Gutsherrin,sie,sie,F
nonamb,10,35,neutral,NP2-Causality,er,nonamb,"Die Diebin schnappte sich den Rivalen, weil er an dem Ort unaufmerksam war und Fehler machte.",Wer schnappte sich den Rivalen? (Die Diebin / Die Frau),grabbed,AgP,7,160,-1.45,-5,wunderschön,23.36,11,schnappte sich,1.22,9,81.25,"Die_Diebin schnappte_sich den_Rivalen,
weil er an_dem_Ort unaufmerksam_war und Fehler machte.",Wer schnappte sich den Rivalen?,Die Diebin,Die Frau,sie,sie,F
nonamb,9,96,neutral,NP1-Causality,er,nonamb,"Der Ehemann filmte die Nachbarin, weil er seit Tagen eifersüchtig war und Misstrauen entwickelte.",Wer war seit Tagen eifersüchtig? (Der Ehemann / die Nachbarin),filmed,AgP,6,5,0.73,-3,eifersüchtig,3.51,12,filmte,0.45,6,68.75,"Der_Ehemann filmte die_Nachbarin,
weil er seit_Tagen eifersüchtig_war und Misstrauen entwickelte.",Wer war seit Tagen eifersüchtig?,Der Ehemann,die Nachbarin,er,sie,F
nonamb,9,96,neutral,NP1-Causality,er,nonamb,"Der Ehemann filmte den Nachbarn, weil er seit Tagen eifersüchtig war und Misstrauen entwickelte.",Wer war seit Tagen eifersüchtig? (Der Ehemann / den Nachbarn),filmed,AgP,6,5,0.73,-3,eifersüchtig,3.51,12,filmte,0.45,6,68.75,"Der_Ehemann filmte den_Nachbarn,
weil er seit_Tagen eifersüchtig_war und Misstrauen entwickelte.",Wer war seit Tagen eifersüchtig?,Der Ehemann,den Nachbarn,er,er,F
nonamb,9,96,neutral,NP1-Causality,sie,nonamb,"Die Ehefrau filmte die Nachbarin, weil sie seit Tagen eifersüchtig war und Misstrauen entwickelte.",Wer war seit Tagen eifersüchtig? (Die Ehefrau / die Nachbarin),filmed,AgP,6,5,0.73,-3,eifersüchtig,3.51,12,filmte,0.45,6,68.75,"Die_Ehefrau filmte die_Nachbarin,
weil sie seit_Tagen eifersüchtig_war und Misstrauen entwickelte.",Wer war seit Tagen eifersüchtig?,Die Ehefrau,die Nachbarin,sie,sie,F
nonamb,9,96,neutral,NP1-Causality,sie,nonamb,"Die Ehefrau filmte den Nachbarn, weil sie seit Tagen eifersüchtig war und Misstrauen entwickelte.",Wer war seit Tagen eifersüchtig? (Die Ehefrau / den Nachbarn),filmed,AgP,6,5,0.73,-3,eifersüchtig,3.51,12,filmte,0.45,6,68.75,"Die_Ehefrau filmte den_Nachbarn,
weil sie seit_Tagen eifersüchtig_war und Misstrauen entwickelte.",Wer war seit Tagen eifersüchtig?,Die Ehefrau,den Nachbarn,sie,er,F
nonamb,10,96,neutral,NP2-Causality,sie,nonamb,"Der Ehemann filmte die Nachbarin, weil sie seit Tagen komisch war und Auffälligkeiten zeigte.",Wer war seit Tagen komisch? (Der Ehemann / die Nachbarin),filmed,AgP,6,5,0.73,-3,komisch,18.62,7,filmte,0.45,6,68.75,"Der_Ehemann filmte die_Nachbarin,
weil sie seit_Tagen komisch_war und Auffälligkeiten zeigte.",Wer war seit Tagen komisch?,Der Ehemann,die Nachbarin,er,sie,J
nonamb,10,96,neutral,NP2-Causality,er,nonamb,"Der Ehemann filmte den Nachbarn, weil er seit Tagen komisch war und Auffälligkeiten zeigte.",Wer war seit Tagen komisch? (Der Ehemann / den Nachbarn),filmed,AgP,6,5,0.73,-3,komisch,18.62,7,filmte,0.45,6,68.75,"Der_Ehemann filmte den_Nachbarn,
weil er seit_Tagen komisch_war und Auffälligkeiten zeigte.",Wer war seit Tagen komisch?,Der Ehemann,den Nachbarn,er,er,J
nonamb,10,96,neutral,NP2-Causality,sie,nonamb,"Die Ehefrau filmte die Nachbarin, weil sie seit Tagen komisch war und Auffälligkeiten zeigte.",Wer war seit Tagen komisch? (Die Ehefrau / die Nachbarin),filmed,AgP,6,5,0.73,-3,komisch,18.62,7,filmte,0.45,6,68.75,"Die_Ehefrau filmte die_Nachbarin,
weil sie seit_Tagen komisch_war und Auffälligkeiten zeigte.",Wer war seit Tagen komisch?,Die Ehefrau,die Nachbarin,sie,sie,J
nonamb,10,96,neutral,NP2-Causality,er,nonamb,"Die Ehefrau filmte den Nachbarn, weil er seit Tagen komisch war und Auffälligkeiten zeigte.",Wer war seit Tagen komisch? (Die Ehefrau / den Nachbarn),filmed,AgP,6,5,0.73,-3,komisch,18.62,7,filmte,0.45,6,68.75,"Die_Ehefrau filmte den_Nachbarn,
weil er seit_Tagen komisch_war und Auffälligkeiten zeigte.",Wer war seit Tagen komisch?,Die Ehefrau,den Nachbarn,sie,er,J
nonamb,9,45,neutral,NP1-Causality,er,nonamb,"Der Mann schüttelte die Fremde, weil er in der Situation sorgenvoll war und Schlimmes befürchtete.",Wann war er sorgenvoll? (in der Situation / in der Nacht),jolted,StimExp,6,10,-0.91,-3,schwer,228.24,6,schüttelte ,5.62,13,87.5,"Der_Mann schüttelte die_Fremde,
weil er in_der_Situation sorgenvoll_war und Schlimmes befürchtete.",Wann war er sorgenvoll?,in der Situation,in der Nacht,er,er,F
nonamb,9,45,neutral,NP1-Causality,er,nonamb,"Der Mann schüttelte den Fremden, weil er in der Situation sorgenvoll war und Schlimmes befürchtete.",Wann war er sorgenvoll? (in der Situation / in der Nacht),jolted,StimExp,6,10,-0.91,-3,schwer,228.24,6,schüttelte ,5.62,13,87.5,"Der_Mann schüttelte den_Fremden,
weil er in_der_Situation sorgenvoll_war und Schlimmes befürchtete.",Wann war er sorgenvoll?,in der Situation,in der Nacht,er,er,F
nonamb,9,45,neutral,NP1-Causality,sie,nonamb,"Die Frau schüttelte die Fremde, weil sie in der Situation sorgenvoll war und Schlimmes befürchtete.",Wann war sie sorgenvoll? (in der Situation / in der Nacht),jolted,StimExp,6,10,-0.91,-3,schwer,228.24,6,schüttelte ,5.62,13,87.5,"Die_Frau schüttelte die_Fremde,
weil sie in_der_Situation sorgenvoll_war und Schlimmes befürchtete.",Wann war sie sorgenvoll?,in der Situation,in der Nacht,er,er,F
nonamb,9,45,neutral,NP1-Causality,sie,nonamb,"Die Frau schüttelte den Fremden, weil sie in der Situation sorgenvoll war und Schlimmes befürchtete.",Wann war sie sorgenvoll? (in der Situation / in der Nacht),jolted,StimExp,6,10,-0.91,-3,schwer,228.24,6,schüttelte ,5.62,13,87.5,"Die_Frau schüttelte den_Fremden,
weil sie in_der_Situation sorgenvoll_war und Schlimmes befürchtete.",Wann war sie sorgenvoll?,in der Situation,in der Nacht,er,er,F
nonamb,10,45,neutral,NP2-Causality,sie,nonamb,"Der Mann schüttelte die Fremde, weil sie in der Situation apartische war und die Augen verdrehte.",Wann war sie apartische? (in der Situation / in der Nacht),jolted,StimExp,6,10,-0.91,-3,leicht,208.29,6,schüttelte ,5.62,13,87.5,"Der_Mann schüttelte die_Fremde,
weil sie in_der_Situation apartische_war und die_Augen verdrehte.",Wann war sie apartische?,in der Situation,in der Nacht,er,er,F
nonamb,10,45,neutral,NP2-Causality,er,nonamb,"Der Mann schüttelte den Fremden, weil er in der Situation apartische war und die Augen verdrehte.",Wann war er apartische? (in der Situation / in der Nacht),jolted,StimExp,6,10,-0.91,-3,leicht,208.29,6,schüttelte ,5.62,13,87.5,"Der_Mann schüttelte den_Fremden,
weil er in_der_Situation apartische_war und die_Augen verdrehte.",Wann war er apartische?,in der Situation,in der Nacht,er,er,F
nonamb,10,45,neutral,NP2-Causality,sie,nonamb,"Die Frau schüttelte die Fremde, weil sie in der Situation apartische war und die Augen verdrehte.",Wann war sie apartische? (in der Situation / in der Nacht),jolted,StimExp,6,10,-0.91,-3,leicht,208.29,6,schüttelte ,5.62,13,87.5,"Die_Frau schüttelte die_Fremde,
weil sie in_der_Situation apartische_war und die_Augen verdrehte.",Wann war sie apartische?,in der Situation,in der Nacht,er,er,F
nonamb,10,45,neutral,NP2-Causality,er,nonamb,"Die Frau schüttelte den Fremden, weil er in der Situation apartische war und die Augen verdrehte.",Wann war er apartische? (in der Situation / in der Nacht),jolted,StimExp,6,10,-0.91,-3,leicht,208.29,6,schüttelte ,5.62,13,87.5,"Die_Frau schüttelte den_Fremden,
weil er in_der_Situation apartische_war und die_Augen verdrehte.",Wann war er apartische?,in der Situation,in der Nacht,er,er,F
nonamb,9,69,neutral,NP1-Causality,er,nonamb,"Der Komiker amüsierte die Zuschauerin, weil er an dem Nachmittag drollig war und Kunsstücke vollführte.",Wer amüsierte die Zuschauerin? (Der Komiker / Der Priester),jollified,StimExp,9,0,1.09,-2,hervorragend,40.61,12,amüsierte,0.34,9,93.75,"Der_Komiker amüsierte die_Zuschauerin,
weil er an_dem_Nachmittag drollig_war und Kunsstücke vollführte.",Wer amüsierte die Zuschauerin?,Der Komiker,Der Priester,er,er,F
nonamb,9,69,neutral,NP1-Causality,er,nonamb,"Der Komiker amüsierte den Zuschauer, weil er an dem Nachmittag drollig war und Kunsstücke vollführte.",Wer amüsierte den Zuschauer? (Der Komiker / Der Akrobat),jollified,StimExp,9,0,1.09,-2,hervorragend,40.61,12,amüsierte,0.34,9,93.75,"Der_Komiker amüsierte den_Zuschauer,
weil er an_dem_Nachmittag drollig_war und Kunsstücke vollführte.",Wer amüsierte den Zuschauer?,Der Komiker,Der Akrobat,er,er,F
nonamb,9,69,neutral,NP1-Causality,sie,nonamb,"Die Komikerin amüsierte die Zuschauerin, weil sie an dem Nachmittag drollig war und Kunsstücke vollführte.",Wer amüsierte die Zuschauerin? (Die Komikerin / Die Magierin),jollified,StimExp,9,0,1.09,-2,hervorragend,40.61,12,amüsierte,0.34,9,93.75,"Die_Komikerin amüsierte die_Zuschauerin,
weil sie an_dem_Nachmittag drollig_war und Kunsstücke vollführte.",Wer amüsierte die Zuschauerin?,Die Komikerin,Die Magierin,sie,sie,F
nonamb,9,69,neutral,NP1-Causality,sie,nonamb,"Die Komikerin amüsierte den Zuschauer, weil sie an dem Nachmittag drollig war und Kunsstücke vollführte.",Wer amüsierte den Zuschauer? (Die Komikerin / Die Therapeutin),jollified,StimExp,9,0,1.09,-2,hervorragend,40.61,12,amüsierte,0.34,9,93.75,"Die_Komikerin amüsierte den_Zuschauer,
weil sie an_dem_Nachmittag drollig_war und Kunsstücke vollführte.",Wer amüsierte den Zuschauer?,Die Komikerin,Die Therapeutin,sie,sie,F
nonamb,10,69,neutral,NP2-Causality,sie,nonamb,"Der Komiker amüsierte die Zuschauerin, weil sie an dem Nachmittag kulturbeflissen war und die Witze schätzte.",Wer amüsierte die Zuschauerin? (Der Komiker / Der Fürsprecher),jollified,StimExp,9,0,1.09,-2,kulturbeflissen,0.03,15,amüsierte,0.34,9,93.75,"Der_Komiker amüsierte die_Zuschauerin,
weil sie an_dem_Nachmittag kulturbeflissen_war und die_Witze schätzte.",Wer amüsierte die Zuschauerin?,Der Komiker,Der Fürsprecher,er,er,F
nonamb,10,69,neutral,NP2-Causality,er,nonamb,"Der Komiker amüsierte den Zuschauer, weil er an dem Nachmittag kulturbeflissen war und die Witze schätzte.",Wer amüsierte den Zuschauer? (Der Komiker / Der Spieler),jollified,StimExp,9,0,1.09,-2,kulturbeflissen,0.03,15,amüsierte,0.34,9,93.75,"Der_Komiker amüsierte den_Zuschauer,
weil er an_dem_Nachmittag kulturbeflissen_war und die_Witze schätzte.",Wer amüsierte den Zuschauer?,Der Komiker,Der Spieler,er,er,F
nonamb,10,69,neutral,NP2-Causality,sie,nonamb,"Die Komikerin amüsierte die Zuschauerin, weil sie an dem Nachmittag kulturbeflissen war und die Witze schätzte.",Wer amüsierte die Zuschauerin? (Die Komikerin / Die Bäuerin),jollified,StimExp,9,0,1.09,-2,kulturbeflissen,0.03,15,amüsierte,0.34,9,93.75,"Die_Komikerin amüsierte die_Zuschauerin,
weil sie an_dem_Nachmittag kulturbeflissen_war und die_Witze schätzte.",Wer amüsierte die Zuschauerin?,Die Komikerin,Die Bäuerin,sie,sie,F
nonamb,10,69,neutral,NP2-Causality,er,nonamb,"Die Komikerin amüsierte den Zuschauer, weil er an dem Nachmittag kulturbeflissen war und die Witze schätzte.",Wer amüsierte den Zuschauer? (Die Komikerin / Die Sünderin),jollified,StimExp,9,0,1.09,-2,kulturbeflissen,0.03,15,amüsierte,0.34,9,93.75,"Die_Komikerin amüsierte den_Zuschauer,
weil er an_dem_Nachmittag kulturbeflissen_war und die_Witze schätzte.",Wer amüsierte den Zuschauer?,Die Komikerin,Die Sünderin,sie,sie,F
nonamb,9,48,neutral,NP1-Causality,er,nonamb,"Der Firmenleiter besänftigte die Naturschützerin, weil er under den Umständen nachgiebig war und den Vorderungen nachkam.",Wer besänftigte die Naturschützerin? (Der Firmenleiter / Der Teilnehmer),mollified,StimExp,9,2,-0.18,-2,nachgiebig,0.42,10,besänftigte,0.07,11,81.25,"Der_Firmenleiter besänftigte die_Naturschützerin,
weil er under_den_Umständen nachgiebig_war und den_Vorderungen nachkam.",Wer besänftigte die Naturschützerin?,Der Firmenleiter,Der Teilnehmer,er,er,F
nonamb,9,48,neutral,NP1-Causality,er,nonamb,"Der Firmenleiter besänftigte den Naturschützer, weil er under den Umständen nachgiebig war und den Vorderungen nachkam.",Wer besänftigte den Naturschützer? (Der Firmenleiter / Der Redner),mollified,StimExp,9,2,-0.18,-2,nachgiebig,0.42,10,besänftigte,0.07,11,81.25,"Der_Firmenleiter besänftigte den_Naturschützer,
weil er under_den_Umständen nachgiebig_war und den_Vorderungen nachkam.",Wer besänftigte den Naturschützer?,Der Firmenleiter,Der Redner,er,er,F
nonamb,9,48,neutral,NP1-Causality,sie,nonamb,"Die Firmenleiterin besänftigte die Naturschützerin, weil sie under den Umständen nachgiebig war und den Vorderungen nachkam.",Wer besänftigte die Naturschützerin? (Die Firmenleiterin / Die Rednerin),mollified,StimExp,9,2,-0.18,-2,nachgiebig,0.42,10,besänftigte,0.07,11,81.25,"Die_Firmenleiterin besänftigte die_Naturschützerin,
weil sie under_den_Umständen nachgiebig_war und den_Vorderungen nachkam.",Wer besänftigte die Naturschützerin?,Die Firmenleiterin,Die Rednerin,sie,sie,F
nonamb,9,48,neutral,NP1-Causality,sie,nonamb,"Die Firmenleiterin besänftigte den Naturschützer, weil sie under den Umständen nachgiebig war und den Vorderungen nachkam.",Wer besänftigte den Naturschützer? (Die Firmenleiterin / Die Wächterin),mollified,StimExp,9,2,-0.18,-2,nachgiebig,0.42,10,besänftigte,0.07,11,81.25,"Die_Firmenleiterin besänftigte den_Naturschützer,
weil sie under_den_Umständen nachgiebig_war und den_Vorderungen nachkam.",Wer besänftigte den Naturschützer?,Die Firmenleiterin,Die Wächterin,sie,sie,F
nonamb,10,48,neutral,NP2-Causality,sie,nonamb,"Der Firmenleiter besänftigte die Naturschützerin, weil sie under den Umständen aufbrausend war und Verbesserungen verlangte.",Wer besänftigte die Naturschützerin? (Der Firmenleiter / Der Redner),mollified,StimExp,9,2,-0.18,-2,mit einbezogen,2.85,13,besänftigte,0.07,11,81.25,"Der_Firmenleiter besänftigte die_Naturschützerin,
weil sie under_den_Umständen aufbrausend_war und Verbesserungen verlangte.",Wer besänftigte die Naturschützerin?,Der Firmenleiter,Der Redner,er,er,F
nonamb,10,48,neutral,NP2-Causality,er,nonamb,"Der Firmenleiter besänftigte den Naturschützer, weil er under den Umständen aufbrausend war und Verbesserungen verlangte.",Wer besänftigte den Naturschützer? (Der Firmenleiter / Der Sünder),mollified,StimExp,9,2,-0.18,-2,mit einbezogen,2.85,13,besänftigte,0.07,11,81.25,"Der_Firmenleiter besänftigte den_Naturschützer,
weil er under_den_Umständen aufbrausend_war und Verbesserungen verlangte.",Wer besänftigte den Naturschützer?,Der Firmenleiter,Der Sünder,er,er,F
nonamb,10,48,neutral,NP2-Causality,sie,nonamb,"Die Firmenleiterin besänftigte die Naturschützerin, weil sie under den Umständen aufbrausend war und Verbesserungen verlangte.",Wer besänftigte die Naturschützerin? (Die Firmenleiterin / Die Stieftochter),mollified,StimExp,9,2,-0.18,-2,mit einbezogen,2.85,13,besänftigte,0.07,11,81.25,"Die_Firmenleiterin besänftigte die_Naturschützerin,
weil sie under_den_Umständen aufbrausend_war und Verbesserungen verlangte.",Wer besänftigte die Naturschützerin?,Die Firmenleiterin,Die Stieftochter,sie,sie,F
nonamb,10,48,neutral,NP2-Causality,er,nonamb,"Die Firmenleiterin besänftigte den Naturschützer, weil er under den Umständen aufbrausend war und Verbesserungen verlangte.",Wer besänftigte den Naturschützer? (Die Firmenleiterin / Die Hündin),mollified,StimExp,9,2,-0.18,-2,mit einbezogen,2.85,13,besänftigte,0.07,11,81.25,"Die_Firmenleiterin besänftigte den_Naturschützer,
weil er under_den_Umständen aufbrausend_war und Verbesserungen verlangte.",Wer besänftigte den Naturschützer?,Die Firmenleiterin,Die Hündin,sie,sie,F
nonamb,9,111,neutral,NP1-Causality,er,nonamb,"Der Flugbegleiter erleuchtete die Passagierin, weil er auf der Reise einfühlsam war und das Problem erklärte.",Was tat der Flugbegleiter? (erleuchtete die Passagierin / erleuchtete den Passagier),enlightened,StimExp,11,2,1.0,0,ernst,91.97,5,erleuchtete,1.24,11,100.0,"Der_Flugbegleiter erleuchtete die_Passagierin,
weil er auf_der_Reise einfühlsam_war und das_Problem erklärte.",Was tat der Flugbegleiter?,erleuchtete die Passagierin,erleuchtete den Passagier,sie,er,F
nonamb,9,111,neutral,NP1-Causality,er,nonamb,"Der Flugbegleiter erleuchtete den Passagier, weil er auf der Reise einfühlsam war und das Problem erklärte.",Was tat der Flugbegleiter? (erleuchtete den Passagier / erleuchtete die Passagierin),enlightened,StimExp,11,2,1.0,0,ernst,91.97,5,erleuchtete,1.24,11,100.0,"Der_Flugbegleiter erleuchtete den_Passagier,
weil er auf_der_Reise einfühlsam_war und das_Problem erklärte.",Was tat der Flugbegleiter?,erleuchtete den Passagier,erleuchtete die Passagierin,er,sie,F
nonamb,9,111,neutral,NP1-Causality,sie,nonamb,"Die Flugbegleiterin erleuchtete die Passagierin, weil sie auf der Reise einfühlsam war und das Problem erklärte.",Was tat die Flugbegleiterin? (erleuchtete die Passagierin / erleuchtete den Passagier),enlightened,StimExp,11,2,1.0,0,ernst,91.97,5,erleuchtete,1.24,11,100.0,"Die_Flugbegleiterin erleuchtete die_Passagierin,
weil sie auf_der_Reise einfühlsam_war und das_Problem erklärte.",Was tat die Flugbegleiterin?,erleuchtete die Passagierin,erleuchtete den Passagier,sie,er,F
nonamb,9,111,neutral,NP1-Causality,sie,nonamb,"Die Flugbegleiterin erleuchtete den Passagier, weil sie auf der Reise einfühlsam war und das Problem erklärte.",Was tat die Flugbegleiterin? (erleuchtete den Passagier / erleuchtete die Passagierin),enlightened,StimExp,11,2,1.0,0,ernst,91.97,5,erleuchtete,1.24,11,100.0,"Die_Flugbegleiterin erleuchtete den_Passagier,
weil sie auf_der_Reise einfühlsam_war und das_Problem erklärte.",Was tat die Flugbegleiterin?,erleuchtete den Passagier,erleuchtete die Passagierin,er,sie,F
nonamb,10,111,neutral,NP2-Causality,sie,nonamb,"Der Flugbegleiter erleuchtete die Passagierin, weil sie auf der Reise unwissend war und Unischerheit verspührte.",Was tat der Flugbegleiter? (erleuchtete die Passagierin / erleuchtete den Passagier),enlightened,StimExp,11,2,1.0,0,ehrlich,33.7,7,erleuchtete,1.24,11,100.0,"Der_Flugbegleiter erleuchtete die_Passagierin,
weil sie auf_der_Reise unwissend_war und Unischerheit verspührte.",Was tat der Flugbegleiter?,erleuchtete die Passagierin,erleuchtete den Passagier,sie,er,F
nonamb,10,111,neutral,NP2-Causality,er,nonamb,"Der Flugbegleiter erleuchtete den Passagier, weil er auf der Reise unwissend war und Unischerheit verspührte.",Was tat der Flugbegleiter? (erleuchtete den Passagier / erleuchtete die Passagierin),enlightened,StimExp,11,2,1.0,0,ehrlich,33.7,7,erleuchtete,1.24,11,100.0,"Der_Flugbegleiter erleuchtete den_Passagier,
weil er auf_der_Reise unwissend_war und Unischerheit verspührte.",Was tat der Flugbegleiter?,erleuchtete den Passagier,erleuchtete die Passagierin,er,sie,F
nonamb,10,111,neutral,NP2-Causality,sie,nonamb,"Die Flugbegleiterin erleuchtete die Passagierin, weil sie auf der Reise unwissend war und Unischerheit verspührte.",Was tat die Flugbegleiterin? (erleuchtete die Passagierin / erleuchtete den Passagier),enlightened,StimExp,11,2,1.0,0,ehrlich,33.7,7,erleuchtete,1.24,11,100.0,"Die_Flugbegleiterin erleuchtete die_Passagierin,
weil sie auf_der_Reise unwissend_war und Unischerheit verspührte.",Was tat die Flugbegleiterin?,erleuchtete die Passagierin,erleuchtete den Passagier,sie,er,F
nonamb,10,111,neutral,NP2-Causality,er,nonamb,"Die Flugbegleiterin erleuchtete den Passagier, weil er auf der Reise unwissend war und Unischerheit verspührte.",Was tat die Flugbegleiterin? (erleuchtete den Passagier / erleuchtete die Passagierin),enlightened,StimExp,11,2,1.0,0,ehrlich,33.7,7,erleuchtete,1.24,11,100.0,"Die_Flugbegleiterin erleuchtete den_Passagier,
weil er auf_der_Reise unwissend_war und Unischerheit verspührte.",Was tat die Flugbegleiterin?,erleuchtete den Passagier,erleuchtete die Passagierin,er,sie,F
nonamb,9,117,neutral,NP1-Causality,er,nonamb,"Der Fahrradfahrer überholte die Autofahrerin, weil er am Feierabend ungeduldig war und nach Hause wollte.",Was wollte er? (nach Hause / Schwäche),passed,AgP,6,357,1.27,0,kontrolliert,23.73,12,überholte,0.24,10,87.5,"Der_Fahrradfahrer überholte die_Autofahrerin,
weil er am_Feierabend ungeduldig_war und nach_Hause wollte.",Was wollte er?,nach Hause,Schwäche,er,er,F
nonamb,9,117,neutral,NP1-Causality,er,nonamb,"Der Fahrradfahrer überholte den Autofahrer, weil er am Feierabend ungeduldig war und nach Hause wollte.",Was wollte er? (nach Hause / Schwäche),passed,AgP,6,357,1.27,0,kontrolliert,23.73,12,überholte,0.24,10,87.5,"Der_Fahrradfahrer überholte den_Autofahrer,
weil er am_Feierabend ungeduldig_war und nach_Hause wollte.",Was wollte er?,nach Hause,Schwäche,er,er,F
nonamb,9,117,neutral,NP1-Causality,sie,nonamb,"Die Fahrradfahrerin überholte die Autofahrerin, weil sie am Feierabend ungeduldig war und nach Hause wollte.",Was wollte sie? (nach Hause / Schwäche),passed,AgP,6,357,1.27,0,kontrolliert,23.73,12,überholte,0.24,10,87.5,"Die_Fahrradfahrerin überholte die_Autofahrerin,
weil sie am_Feierabend ungeduldig_war und nach_Hause wollte.",Was wollte sie?,nach Hause,Schwäche,er,er,F
nonamb,9,117,neutral,NP1-Causality,sie,nonamb,"Die Fahrradfahrerin überholte den Autofahrer, weil sie am Feierabend ungeduldig war und nach Hause wollte.",Was wollte sie? (nach Hause / Schwäche),passed,AgP,6,357,1.27,0,kontrolliert,23.73,12,überholte,0.24,10,87.5,"Die_Fahrradfahrerin überholte den_Autofahrer,
weil sie am_Feierabend ungeduldig_war und nach_Hause wollte.",Was wollte sie?,nach Hause,Schwäche,er,er,F
nonamb,10,117,neutral,NP2-Causality,sie,nonamb,"Der Fahrradfahrer überholte die Autofahrerin, weil sie am Feierabend unaufmerksam war und das Fahrsignal übersah.",Was sah sie über? (das Fahrsignal / Schwäche),passed,AgP,6,357,1.27,0,einverstanden,11.97,13,überholte,0.24,10,87.5,"Der_Fahrradfahrer überholte die_Autofahrerin,
weil sie am_Feierabend unaufmerksam_war und das_Fahrsignal übersah.",Was sah sie über?,das Fahrsignal,Schwäche,er,er,F
nonamb,10,117,neutral,NP2-Causality,er,nonamb,"Der Fahrradfahrer überholte den Autofahrer, weil er am Feierabend unaufmerksam war und das Fahrsignal übersah.",Was sah er über? (das Fahrsignal / Schwäche),passed,AgP,6,357,1.27,0,einverstanden,11.97,13,überholte,0.24,10,87.5,"Der_Fahrradfahrer überholte den_Autofahrer,
weil er am_Feierabend unaufmerksam_war und das_Fahrsignal übersah.",Was sah er über?,das Fahrsignal,Schwäche,er,er,F
nonamb,10,117,neutral,NP2-Causality,sie,nonamb,"Die Fahrradfahrerin überholte die Autofahrerin, weil sie am Feierabend unaufmerksam war und das Fahrsignal übersah.",Was sah sie über? (das Fahrsignal / Schwäche),passed,AgP,6,357,1.27,0,einverstanden,11.97,13,überholte,0.24,10,87.5,"Die_Fahrradfahrerin überholte die_Autofahrerin,
weil sie am_Feierabend unaufmerksam_war und das_Fahrsignal übersah.",Was sah sie über?,das Fahrsignal,Schwäche,er,er,F
nonamb,10,117,neutral,NP2-Causality,er,nonamb,"Die Fahrradfahrerin überholte den Autofahrer, weil er am Feierabend unaufmerksam war und das Fahrsignal übersah.",Was sah er über? (das Fahrsignal / Schwäche),passed,AgP,6,357,1.27,0,einverstanden,11.97,13,überholte,0.24,10,87.5,"Die_Fahrradfahrerin überholte den_Autofahrer,
weil er am_Feierabend unaufmerksam_war und das_Fahrsignal übersah.",Was sah er über?,das Fahrsignal,Schwäche,er,er,F
nonamb,9,9,neutral,NP1-Causality,er,nonamb,Der Richter klagte die Frau an weil er seit einiger Zeit unbestechlich war und die Richtlinien beachtete.,Wer klagte die Frau an? (Der Richter / Der Anführer),accused,AgEvo,7,90,-2.0,2,unbestechlich,0.88,13,klagte,2.97,6,43.75,Der_Richter klagte die_Frau_an weil er seit_einiger_Zeit unbestechlich_war und die_Richtlinien beachtete.,Wer klagte die Frau an?,Der Richter,Der Anführer,er,er,F
nonamb,9,9,neutral,NP1-Causality,er,nonamb,Der Richter klagte den Mann an weil er seit einiger Zeit unbestechlich war und die Richtlinien beachtete.,Wer klagte den Mann an? (Der Richter / Der Leistungssportler),accused,AgEvo,7,90,-2.0,2,unbestechlich,0.88,13,klagte,2.97,6,43.75,Der_Richter klagte den_Mann_an weil er seit_einiger_Zeit unbestechlich_war und die_Richtlinien beachtete.,Wer klagte den Mann an?,Der Richter,Der Leistungssportler,er,er,F
nonamb,9,9,neutral,NP1-Causality,sie,nonamb,Die Richterin klagte die Frau an weil sie seit einiger Zeit unbestechlich war und die Richtlinien beachtete.,Wer klagte die Frau an? (Die Richterin / Die Schwester),accused,AgEvo,7,90,-2.0,2,unbestechlich,0.88,13,klagte,2.97,6,43.75,Die_Richterin klagte die_Frau_an weil sie seit_einiger_Zeit unbestechlich_war und die_Richtlinien beachtete.,Wer klagte die Frau an?,Die Richterin,Die Schwester,sie,sie,F
nonamb,9,9,neutral,NP1-Causality,sie,nonamb,Die Richterin klagte den Mann an weil sie seit einiger Zeit unbestechlich war und die Richtlinien beachtete.,Wer klagte den Mann an? (Die Richterin / Die Verantwortliche),accused,AgEvo,7,90,-2.0,2,unbestechlich,0.88,13,klagte,2.97,6,43.75,Die_Richterin klagte den_Mann_an weil sie seit_einiger_Zeit unbestechlich_war und die_Richtlinien beachtete.,Wer klagte den Mann an?,Die Richterin,Die Verantwortliche,sie,sie,F
nonamb,10,9,neutral,NP2-Causality,sie,nonamb,Der Richter klagte die Frau an weil sie seit einiger Zeit kriminell war und einen Diebstal begang.,Wer klagte die Frau an? (Der Richter / Der Studienrat),accused,AgEvo,7,90,-2.0,2,kriminell,11.35,9,klagte,2.97,6,43.75,Der_Richter klagte die_Frau_an weil sie seit_einiger_Zeit kriminell_war und einen_Diebstal begang.,Wer klagte die Frau an?,Der Richter,Der Studienrat,er,er,F
nonamb,10,9,neutral,NP2-Causality,er,nonamb,Der Richter klagte den Mann an weil er seit einiger Zeit kriminell war und einen Diebstal begang.,Wer klagte den Mann an? (Der Richter / Der Rugbyspieler),accused,AgEvo,7,90,-2.0,2,kriminell,11.35,9,klagte,2.97,6,43.75,Der_Richter klagte den_Mann_an weil er seit_einiger_Zeit kriminell_war und einen_Diebstal begang.,Wer klagte den Mann an?,Der Richter,Der Rugbyspieler,er,er,F
nonamb,10,9,neutral,NP2-Causality,sie,nonamb,Die Richterin klagte die Frau an weil sie seit einiger Zeit kriminell war und einen Diebstal begang.,Wer klagte die Frau an? (Die Richterin / Die Kaiserin),accused,AgEvo,7,90,-2.0,2,kriminell,11.35,9,klagte,2.97,6,43.75,Die_Richterin klagte die_Frau_an weil sie seit_einiger_Zeit kriminell_war und einen_Diebstal begang.,Wer klagte die Frau an?,Die Richterin,Die Kaiserin,sie,sie,F
nonamb,10,9,neutral,NP2-Causality,er,nonamb,Die Richterin klagte den Mann an weil er seit einiger Zeit kriminell war und einen Diebstal begang.,Wer klagte den Mann an? (Die Richterin / Die Herrin),accused,AgEvo,7,90,-2.0,2,kriminell,11.35,9,klagte,2.97,6,43.75,Die_Richterin klagte den_Mann_an weil er seit_einiger_Zeit kriminell_war und einen_Diebstal begang.,Wer klagte den Mann an?,Die Richterin,Die Herrin,sie,sie,F
nonamb,9,46,neutral,NP1-Causality,er,nonamb,"Der Verantwortliche verließ die Schülerin, weil er seit kurzer Zeit egoistisch war und Anderes tun wollte.",Was tat der Verantwortliche? (verließ die Schülerin / verließ den Schüler),left,AgP,4,175,-1.45,2,egoistisch,3.79,10,verließ,11.81,8,93.75,"Der_Verantwortliche verließ die_Schülerin,
weil er seit_kurzer_Zeit egoistisch_war und Anderes tun_wollte.",Was tat der Verantwortliche?,verließ die Schülerin,verließ den Schüler,sie,er,F
nonamb,9,46,neutral,NP1-Causality,er,nonamb,"Der Verantwortliche verließ den Schüler, weil er seit kurzer Zeit egoistisch war und Anderes tun wollte.",Was tat der Verantwortliche? (verließ den Schüler / verließ die Schülerin),left,AgP,4,175,-1.45,2,egoistisch,3.79,10,verließ,11.81,8,93.75,"Der_Verantwortliche verließ den_Schüler,
weil er seit_kurzer_Zeit egoistisch_war und Anderes tun_wollte.",Was tat der Verantwortliche?,verließ den Schüler,verließ die Schülerin,er,sie,F
nonamb,9,46,neutral,NP1-Causality,sie,nonamb,"Die Verantwortliche verließ die Schülerin, weil sie seit kurzer Zeit egoistisch war und Anderes tun wollte.",Was tat die Verantwortliche? (verließ die Schülerin / verließ den Schüler),left,AgP,4,175,-1.45,2,egoistisch,3.79,10,verließ,11.81,8,93.75,"Die_Verantwortliche verließ die_Schülerin,
weil sie seit_kurzer_Zeit egoistisch_war und Anderes tun_wollte.",Was tat die Verantwortliche?,verließ die Schülerin,verließ den Schüler,sie,er,F
nonamb,9,46,neutral,NP1-Causality,sie,nonamb,"Die Verantwortliche verließ den Schüler, weil sie seit kurzer Zeit egoistisch war und Anderes tun wollte.",Was tat die Verantwortliche? (verließ den Schüler / verließ die Schülerin),left,AgP,4,175,-1.45,2,egoistisch,3.79,10,verließ,11.81,8,93.75,"Die_Verantwortliche verließ den_Schüler,
weil sie seit_kurzer_Zeit egoistisch_war und Anderes tun_wollte.",Was tat die Verantwortliche?,verließ den Schüler,verließ die Schülerin,er,sie,F
nonamb,10,46,neutral,NP2-Causality,sie,nonamb,"Der Verantwortliche verließ die Schülerin, weil sie seit kurzer Zeit unverschämt war und die Nerven strapazierte.",Was tat der Verantwortliche? (verließ die Schülerin / verließ den Schüler),left,AgP,4,175,-1.45,2,anstrengend,8.91,11,verließ,11.81,8,93.75,"Der_Verantwortliche verließ die_Schülerin,
weil sie seit_kurzer_Zeit unverschämt_war und die_Nerven strapazierte.",Was tat der Verantwortliche?,verließ die Schülerin,verließ den Schüler,sie,er,F
nonamb,10,46,neutral,NP2-Causality,er,nonamb,"Der Verantwortliche verließ den Schüler, weil er seit kurzer Zeit unverschämt war und die Nerven strapazierte.",Was tat der Verantwortliche? (verließ den Schüler / verließ die Schülerin),left,AgP,4,175,-1.45,2,anstrengend,8.91,11,verließ,11.81,8,93.75,"Der_Verantwortliche verließ den_Schüler,
weil er seit_kurzer_Zeit unverschämt_war und die_Nerven strapazierte.",Was tat der Verantwortliche?,verließ den Schüler,verließ die Schülerin,er,sie,F
nonamb,10,46,neutral,NP2-Causality,sie,nonamb,"Die Verantwortliche verließ die Schülerin, weil sie seit kurzer Zeit unverschämt war und die Nerven strapazierte.",Was tat die Verantwortliche? (verließ die Schülerin / verließ den Schüler),left,AgP,4,175,-1.45,2,anstrengend,8.91,11,verließ,11.81,8,93.75,"Die_Verantwortliche verließ die_Schülerin,
weil sie seit_kurzer_Zeit unverschämt_war und die_Nerven strapazierte.",Was tat die Verantwortliche?,verließ die Schülerin,verließ den Schüler,sie,er,F
nonamb,10,46,neutral,NP2-Causality,er,nonamb,"Die Verantwortliche verließ den Schüler, weil er seit kurzer Zeit unverschämt war und die Nerven strapazierte.",Was tat die Verantwortliche? (verließ den Schüler / verließ die Schülerin),left,AgP,4,175,-1.45,2,anstrengend,8.91,11,verließ,11.81,8,93.75,"Die_Verantwortliche verließ den_Schüler,
weil er seit_kurzer_Zeit unverschämt_war und die_Nerven strapazierte.",Was tat die Verantwortliche?,verließ den Schüler,verließ die Schülerin,er,sie,F
nonamb,9,59,neutral,NP1-Causality,er,nonamb,"Der Teilnehmer belebte die Partnerin, weil er in der Session gesprächig war und Ironie nutzte.",Wen belebte der Teilnehmer? (die Partnerin / die Eselin),revitalized,StimExp,11,3,2.27,3,beauftragt,19.9,10,belebte,0.14,13,56.25,"Der_Teilnehmer belebte die_Partnerin,
weil er in_der_Session gesprächig_war und Ironie nutzte.",Wen belebte der Teilnehmer?,die Partnerin,die Eselin,sie,sie,F
nonamb,9,59,neutral,NP1-Causality,er,nonamb,"Der Teilnehmer belebte den Partner, weil er in der Session gesprächig war und Ironie nutzte.",Wen belebte der Teilnehmer? (den Partner / dem Mönch),revitalized,StimExp,11,3,2.27,3,beauftragt,19.9,10,belebte,0.14,13,56.25,"Der_Teilnehmer belebte den_Partner,
weil er in_der_Session gesprächig_war und Ironie nutzte.",Wen belebte der Teilnehmer?,den Partner,dem Mönch,er,er,F
nonamb,9,59,neutral,NP1-Causality,sie,nonamb,"Die Teilnehmerin belebte die Partnerin, weil sie in der Session gesprächig war und Ironie nutzte.",Wen belebte die Teilnehmerin? (die Partnerin / die Gladiatorin),revitalized,StimExp,11,3,2.27,3,beauftragt,19.9,10,belebte,0.14,13,56.25,"Die_Teilnehmerin belebte die_Partnerin,
weil sie in_der_Session gesprächig_war und Ironie nutzte.",Wen belebte die Teilnehmerin?,die Partnerin,die Gladiatorin,sie,sie,F
nonamb,9,59,neutral,NP1-Causality,sie,nonamb,"Die Teilnehmerin belebte den Partner, weil sie in der Session gesprächig war und Ironie nutzte.",Wen belebte die Teilnehmerin? (den Partner / den Bullen),revitalized,StimExp,11,3,2.27,3,beauftragt,19.9,10,belebte,0.14,13,56.25,"Die_Teilnehmerin belebte den_Partner,
weil sie in_der_Session gesprächig_war und Ironie nutzte.",Wen belebte die Teilnehmerin?,den Partner,den Bullen,er,er,F
nonamb,10,59,neutral,NP2-Causality,sie,nonamb,"Der Teilnehmer belebte die Partnerin, weil sie in der Session lustlos war und Aufmunterung benötigte.",Wen belebte der Teilnehmer? (die Partnerin / die Professorin),revitalized,StimExp,11,3,2.27,3,bedeutungsvoll,1.61,14,belebte,0.14,13,56.25,"Der_Teilnehmer belebte die_Partnerin,
weil sie in_der_Session lustlos_war und Aufmunterung benötigte.",Wen belebte der Teilnehmer?,die Partnerin,die Professorin,sie,sie,F
nonamb,10,59,neutral,NP2-Causality,er,nonamb,"Der Teilnehmer belebte den Partner, weil er in der Session lustlos war und Aufmunterung benötigte.",Wen belebte der Teilnehmer? (den Partner / den Besucher),revitalized,StimExp,11,3,2.27,3,bedeutungsvoll,1.61,14,belebte,0.14,13,56.25,"Der_Teilnehmer belebte den_Partner,
weil er in_der_Session lustlos_war und Aufmunterung benötigte.",Wen belebte der Teilnehmer?,den Partner,den Besucher,er,er,F
nonamb,10,59,neutral,NP2-Causality,sie,nonamb,"Die Teilnehmerin belebte die Partnerin, weil sie in der Session lustlos war und Aufmunterung benötigte.",Wen belebte die Teilnehmerin? (die Partnerin / die Passagierin),revitalized,StimExp,11,3,2.27,3,bedeutungsvoll,1.61,14,belebte,0.14,13,56.25,"Die_Teilnehmerin belebte die_Partnerin,
weil sie in_der_Session lustlos_war und Aufmunterung benötigte.",Wen belebte die Teilnehmerin?,die Partnerin,die Passagierin,sie,sie,F
nonamb,10,59,neutral,NP2-Causality,er,nonamb,"Die Teilnehmerin belebte den Partner, weil er in der Session lustlos war und Aufmunterung benötigte.",Wen belebte die Teilnehmerin? (den Partner / den Gefangenen),revitalized,StimExp,11,3,2.27,3,bedeutungsvoll,1.61,14,belebte,0.14,13,56.25,"Die_Teilnehmerin belebte den_Partner,
weil er in_der_Session lustlos_war und Aufmunterung benötigte.",Wen belebte die Teilnehmerin?,den Partner,den Gefangenen,er,er,F
nonamb,9,22,neutral,NP1-Causality,er,nonamb,"Der Assistent dominierte die Wissenschaftlerin, weil er schon seit Langem manipulativ war und Abhängigkeiten kreierte.",Wer dominierte die Wissenschaftlerin? (Der Assistent / Der Bauer),dominated,AgP,9,337,-1.36,3,aufsässig,0.46,9,dominierte,2.28,10,56.25,"Der_Assistent dominierte die_Wissenschaftlerin,
weil er schon_seit_Langem manipulativ_war und Abhängigkeiten kreierte.",Wer dominierte die Wissenschaftlerin?,Der Assistent,Der Bauer,er,er,F
nonamb,9,22,neutral,NP1-Causality,er,nonamb,"Der Assistent dominierte den Wissenschaftler, weil er schon seit Langem manipulativ war und Abhängigkeiten kreierte.",Wer dominierte den Wissenschaftler? (Der Assistent / Der Gutsherr),dominated,AgP,9,337,-1.36,3,aufsässig,0.46,9,dominierte,2.28,10,56.25,"Der_Assistent dominierte den_Wissenschaftler,
weil er schon_seit_Langem manipulativ_war und Abhängigkeiten kreierte.",Wer dominierte den Wissenschaftler?,Der Assistent,Der Gutsherr,er,er,F
nonamb,9,22,neutral,NP1-Causality,sie,nonamb,"Die Assistentin dominierte die Wissenschaftlerin, weil sie schon seit Langem manipulativ war und Abhängigkeiten kreierte.",Wer dominierte die Wissenschaftlerin? (Die Assistentin / Die Fahrradfahrerin),dominated,AgP,9,337,-1.36,3,aufsässig,0.46,9,dominierte,2.28,10,56.25,"Die_Assistentin dominierte die_Wissenschaftlerin,
weil sie schon_seit_Langem manipulativ_war und Abhängigkeiten kreierte.",Wer dominierte die Wissenschaftlerin?,Die Assistentin,Die Fahrradfahrerin,sie,sie,F
nonamb,9,22,neutral,NP1-Causality,sie,nonamb,"Die Assistentin dominierte den Wissenschaftler, weil sie schon seit Langem manipulativ war und Abhängigkeiten kreierte.",Wer dominierte den Wissenschaftler? (Die Assistentin / Die Erzieherin),dominated,AgP,9,337,-1.36,3,aufsässig,0.46,9,dominierte,2.28,10,56.25,"Die_Assistentin dominierte den_Wissenschaftler,
weil sie schon_seit_Langem manipulativ_war und Abhängigkeiten kreierte.",Wer dominierte den Wissenschaftler?,Die Assistentin,Die Erzieherin,sie,sie,F
nonamb,10,22,neutral,NP2-Causality,sie,nonamb,"Der Assistent dominierte die Wissenschaftlerin, weil sie schon seit Langem schüchtern war und Führungslosigkeit zeigte.",Wer dominierte die Wissenschaftlerin? (Der Assistent / Der Leistungssportler),dominated,AgP,9,337,-1.36,3,wehrlos,2.62,7,dominierte,2.28,10,56.25,"Der_Assistent dominierte die_Wissenschaftlerin,
weil sie schon_seit_Langem schüchtern_war und Führungslosigkeit zeigte.",Wer dominierte die Wissenschaftlerin?,Der Assistent,Der Leistungssportler,er,er,F
nonamb,10,22,neutral,NP2-Causality,er,nonamb,"Der Assistent dominierte den Wissenschaftler, weil er schon seit Langem schüchtern war und Führungslosigkeit zeigte.",Wer dominierte den Wissenschaftler? (Der Assistent / Der Unteroffizier),dominated,AgP,9,337,-1.36,3,wehrlos,2.62,7,dominierte,2.28,10,56.25,"Der_Assistent dominierte den_Wissenschaftler,
weil er schon_seit_Langem schüchtern_war und Führungslosigkeit zeigte.",Wer dominierte den Wissenschaftler?,Der Assistent,Der Unteroffizier,er,er,F
nonamb,10,22,neutral,NP2-Causality,sie,nonamb,"Die Assistentin dominierte die Wissenschaftlerin, weil sie schon seit Langem schüchtern war und Führungslosigkeit zeigte.",Wer dominierte die Wissenschaftlerin? (Die Assistentin / Das Mädchen),dominated,AgP,9,337,-1.36,3,wehrlos,2.62,7,dominierte,2.28,10,56.25,"Die_Assistentin dominierte die_Wissenschaftlerin,
weil sie schon_seit_Langem schüchtern_war und Führungslosigkeit zeigte.",Wer dominierte die Wissenschaftlerin?,Die Assistentin,Das Mädchen,sie,sie,F
nonamb,10,22,neutral,NP2-Causality,er,nonamb,"Die Assistentin dominierte den Wissenschaftler, weil er schon seit Langem schüchtern war und Führungslosigkeit zeigte.",Wer dominierte den Wissenschaftler? (Die Assistentin / Die Schöne),dominated,AgP,9,337,-1.36,3,wehrlos,2.62,7,dominierte,2.28,10,56.25,"Die_Assistentin dominierte den_Wissenschaftler,
weil er schon_seit_Langem schüchtern_war und Führungslosigkeit zeigte.",Wer dominierte den Wissenschaftler?,Die Assistentin,Die Schöne,sie,sie,F
nonamb,9,84,neutral,NP1-Causality,er,nonamb,"Der Zuhörer unterbrach die Referentin, weil er beim Vortrag ungeduldig war und ein Ende erhoffte.",Was erhoffte er? (ein Ende / die Augen),interrupted,AgP,11,38,-1.55,3,ungeduldig,3.67,10,unterbrach,1.82,10,75.0,"Der_Zuhörer unterbrach die_Referentin,
weil er beim_Vortrag ungeduldig_war und ein_Ende erhoffte.",Was erhoffte er?,ein Ende,die Augen,er,sie,F
nonamb,9,84,neutral,NP1-Causality,er,nonamb,"Der Zuhörer unterbrach den Referenten, weil er beim Vortrag ungeduldig war und ein Ende erhoffte.",Was erhoffte er? (ein Ende / die Augen),interrupted,AgP,11,38,-1.55,3,ungeduldig,3.67,10,unterbrach,1.82,10,75.0,"Der_Zuhörer unterbrach den_Referenten,
weil er beim_Vortrag ungeduldig_war und ein_Ende erhoffte.",Was erhoffte er?,ein Ende,die Augen,er,sie,F
nonamb,9,84,neutral,NP1-Causality,sie,nonamb,"Die Zuhörerin unterbrach die Referentin, weil sie beim Vortrag ungeduldig war und ein Ende erhoffte.",Was erhoffte sie? (ein Ende / die Augen),interrupted,AgP,11,38,-1.55,3,ungeduldig,3.67,10,unterbrach,1.82,10,75.0,"Die_Zuhörerin unterbrach die_Referentin,
weil sie beim_Vortrag ungeduldig_war und ein_Ende erhoffte.",Was erhoffte sie?,ein Ende,die Augen,er,sie,F
nonamb,9,84,neutral,NP1-Causality,sie,nonamb,"Die Zuhörerin unterbrach den Referenten, weil sie beim Vortrag ungeduldig war und ein Ende erhoffte.",Was erhoffte sie? (ein Ende / die Augen),interrupted,AgP,11,38,-1.55,3,ungeduldig,3.67,10,unterbrach,1.82,10,75.0,"Die_Zuhörerin unterbrach den_Referenten,
weil sie beim_Vortrag ungeduldig_war und ein_Ende erhoffte.",Was erhoffte sie?,ein Ende,die Augen,er,sie,F
nonamb,10,84,neutral,NP2-Causality,sie,nonamb,"Der Zuhörer unterbrach die Referentin, weil sie beim Vortrag unausstehlich war und die Geduld strapazierte.",Was strapazierte sie? (die Geduld / die Augen),interrupted,AgP,11,38,-1.55,3,langweilig,18.22,10,unterbrach,1.82,10,75.0,"Der_Zuhörer unterbrach die_Referentin,
weil sie beim_Vortrag unausstehlich_war und die_Geduld strapazierte.",Was strapazierte sie?,die Geduld,die Augen,sie,sie,F
nonamb,10,84,neutral,NP2-Causality,er,nonamb,"Der Zuhörer unterbrach den Referenten, weil er beim Vortrag unausstehlich war und die Geduld strapazierte.",Was strapazierte er? (die Geduld / die Augen),interrupted,AgP,11,38,-1.55,3,langweilig,18.22,10,unterbrach,1.82,10,75.0,"Der_Zuhörer unterbrach den_Referenten,
weil er beim_Vortrag unausstehlich_war und die_Geduld strapazierte.",Was strapazierte er?,die Geduld,die Augen,sie,sie,F
nonamb,10,84,neutral,NP2-Causality,sie,nonamb,"Die Zuhörerin unterbrach die Referentin, weil sie beim Vortrag unausstehlich war und die Geduld strapazierte.",Was strapazierte sie? (die Geduld / die Augen),interrupted,AgP,11,38,-1.55,3,langweilig,18.22,10,unterbrach,1.82,10,75.0,"Die_Zuhörerin unterbrach die_Referentin,
weil sie beim_Vortrag unausstehlich_war und die_Geduld strapazierte.",Was strapazierte sie?,die Geduld,die Augen,sie,sie,F
nonamb,10,84,neutral,NP2-Causality,er,nonamb,"Die Zuhörerin unterbrach den Referenten, weil er beim Vortrag unausstehlich war und die Geduld strapazierte.",Was strapazierte er? (die Geduld / die Augen),interrupted,AgP,11,38,-1.55,3,langweilig,18.22,10,unterbrach,1.82,10,75.0,"Die_Zuhörerin unterbrach den_Referenten,
weil er beim_Vortrag unausstehlich_war und die_Geduld strapazierte.",Was strapazierte er?,die Geduld,die Augen,sie,sie,F
nonamb,9,47,neutral,NP1-Causality,er,nonamb,"Der Bewohner tötete die Katze, weil er unter den Umständen erschrocken war und Aggression dominierte.",Was tat der Bewohner? (tötete die Katze / tötete den Kater),killed,AgP,6,984,-2.82,5,bösartig,6.48,8,tötete,2.65,6,56.25,"Der_Bewohner tötete die_Katze,
weil er unter_den_Umständen erschrocken_war und Aggression dominierte.",Was tat der Bewohner?,tötete die Katze,tötete den Kater,sie,er,F
nonamb,9,47,neutral,NP1-Causality,er,nonamb,"Der Bewohner tötete den Kater, weil er unter den Umständen erschrocken war und Aggression dominierte.",Was tat der Bewohner? (tötete den Kater / tötete die Katze),killed,AgP,6,984,-2.82,5,bösartig,6.48,8,tötete,2.65,6,56.25,"Der_Bewohner tötete den_Kater,
weil er unter_den_Umständen erschrocken_war und Aggression dominierte.",Was tat der Bewohner?,tötete den Kater,tötete die Katze,er,sie,F
nonamb,9,47,neutral,NP1-Causality,sie,nonamb,"Die Bewohnerin tötete die Katze, weil sie unter den Umständen erschrocken war und Aggression dominierte.",Was tat die Bewohnerin? (tötete die Katze / tötete den Kater),killed,AgP,6,984,-2.82,5,bösartig,6.48,8,tötete,2.65,6,56.25,"Die_Bewohnerin tötete die_Katze,
weil sie unter_den_Umständen erschrocken_war und Aggression dominierte.",Was tat die Bewohnerin?,tötete die Katze,tötete den Kater,sie,er,F
nonamb,9,47,neutral,NP1-Causality,sie,nonamb,"Die Bewohnerin tötete den Kater, weil sie unter den Umständen erschrocken war und Aggression dominierte.",Was tat die Bewohnerin? (tötete den Kater / tötete die Katze),killed,AgP,6,984,-2.82,5,bösartig,6.48,8,tötete,2.65,6,56.25,"Die_Bewohnerin tötete den_Kater,
weil sie unter_den_Umständen erschrocken_war und Aggression dominierte.",Was tat die Bewohnerin?,tötete den Kater,tötete die Katze,er,sie,F
nonamb,10,47,neutral,NP2-Causality,sie,nonamb,"Der Bewohner tötete die Katze, weil sie unter den Umständen unberechenbar war und die Gefahr eskalierte.",Was tat der Bewohner? (tötete die Katze / tötete den Kater),killed,AgP,6,984,-2.82,5,unberechenbar,2.85,13,tötete,2.65,6,56.25,"Der_Bewohner tötete die_Katze,
weil sie unter_den_Umständen unberechenbar_war und die_Gefahr eskalierte.",Was tat der Bewohner?,tötete die Katze,tötete den Kater,sie,er,F
nonamb,10,47,neutral,NP2-Causality,er,nonamb,"Der Bewohner tötete den Kater, weil er unter den Umständen unberechenbar war und die Gefahr eskalierte.",Was tat der Bewohner? (tötete den Kater / tötete die Katze),killed,AgP,6,984,-2.82,5,unberechenbar,2.85,13,tötete,2.65,6,56.25,"Der_Bewohner tötete den_Kater,
weil er unter_den_Umständen unberechenbar_war und die_Gefahr eskalierte.",Was tat der Bewohner?,tötete den Kater,tötete die Katze,er,sie,F
nonamb,10,47,neutral,NP2-Causality,sie,nonamb,"Die Bewohnerin tötete die Katze, weil sie unter den Umständen unberechenbar war und die Gefahr eskalierte.",Was tat die Bewohnerin? (tötete die Katze / tötete den Kater),killed,AgP,6,984,-2.82,5,unberechenbar,2.85,13,tötete,2.65,6,56.25,"Die_Bewohnerin tötete die_Katze,
weil sie unter_den_Umständen unberechenbar_war und die_Gefahr eskalierte.",Was tat die Bewohnerin?,tötete die Katze,tötete den Kater,sie,er,F
nonamb,10,47,neutral,NP2-Causality,er,nonamb,"Die Bewohnerin tötete den Kater, weil er unter den Umständen unberechenbar war und die Gefahr eskalierte.",Was tat die Bewohnerin? (tötete den Kater / tötete die Katze),killed,AgP,6,984,-2.82,5,unberechenbar,2.85,13,tötete,2.65,6,56.25,"Die_Bewohnerin tötete den_Kater,
weil er unter_den_Umständen unberechenbar_war und die_Gefahr eskalierte.",Was tat die Bewohnerin?,tötete den Kater,tötete die Katze,er,sie,F
nonamb,9,12,neutral,NP1-Causality,er,nonamb,"Der Freund vertraute der Frau etwas an, weil er seit langer Zeit verzweifelt war und das Gewissen plagte.",Was plagte er? (das Gewissen / Attraktivität),confided in,AgP,8,0,1.91,5,verzweifelt,16.17,11,vertraute,7.55,11,50.0,"Der_Freund vertraute der_Frau_etwas_an,
weil er seit_langer_Zeit verzweifelt_war und das_Gewissen plagte.",Was plagte er?,das Gewissen,Attraktivität,er,er,F
nonamb,9,12,neutral,NP1-Causality,er,nonamb,"Der Freund vertraute dem Mann etwas an, weil er seit langer Zeit verzweifelt war und das Gewissen plagte.",Was plagte er? (das Gewissen / Attraktivität),confided in,AgP,8,0,1.91,5,verzweifelt,16.17,11,vertraute,7.55,11,50.0,"Der_Freund vertraute dem_Mann_etwas_an,
weil er seit_langer_Zeit verzweifelt_war und das_Gewissen plagte.",Was plagte er?,das Gewissen,Attraktivität,er,er,F
nonamb,9,12,neutral,NP1-Causality,sie,nonamb,"Die Freundin vertraute der Frau etwas an, weil sie seit langer Zeit verzweifelt war und das Gewissen plagte.",Was plagte sie? (das Gewissen / Attraktivität),confided in,AgP,8,0,1.91,5,verzweifelt,16.17,11,vertraute,7.55,11,50.0,"Die_Freundin vertraute der_Frau_etwas_an,
weil sie seit_langer_Zeit verzweifelt_war und das_Gewissen plagte.",Was plagte sie?,das Gewissen,Attraktivität,er,er,F
nonamb,9,12,neutral,NP1-Causality,sie,nonamb,"Die Freundin vertraute dem Mann etwas an, weil sie seit langer Zeit verzweifelt war und das Gewissen plagte.",Was plagte sie? (das Gewissen / Attraktivität),confided in,AgP,8,0,1.91,5,verzweifelt,16.17,11,vertraute,7.55,11,50.0,"Die_Freundin vertraute dem_Mann_etwas_an,
weil sie seit_langer_Zeit verzweifelt_war und das_Gewissen plagte.",Was plagte sie?,das Gewissen,Attraktivität,er,er,F
nonamb,10,12,neutral,NP2-Causality,sie,nonamb,"Der Freund vertraute der Frau etwas an, weil sie seit langer Zeit verständnisvoll war und Verschwiegenheit versprach.",Was versprach sie? (Verschwiegenheit / Attraktivität),confided in,AgP,8,0,1.91,5,verschwiegen,5.11,12,vertraute,7.55,11,50.0,"Der_Freund vertraute der_Frau_etwas_an,
weil sie seit_langer_Zeit verständnisvoll_war und Verschwiegenheit versprach.",Was versprach sie?,Verschwiegenheit,Attraktivität,er,er,F
nonamb,10,12,neutral,NP2-Causality,er,nonamb,"Der Freund vertraute dem Mann etwas an, weil er seit langer Zeit verständnisvoll war und Verschwiegenheit versprach.",Was versprach er? (Verschwiegenheit / Attraktivität),confided in,AgP,8,0,1.91,5,verschwiegen,5.11,12,vertraute,7.55,11,50.0,"Der_Freund vertraute dem_Mann_etwas_an,
weil er seit_langer_Zeit verständnisvoll_war und Verschwiegenheit versprach.",Was versprach er?,Verschwiegenheit,Attraktivität,er,er,F
nonamb,10,12,neutral,NP2-Causality,sie,nonamb,"Die Freundin vertraute der Frau etwas an, weil sie seit langer Zeit verständnisvoll war und Verschwiegenheit versprach.",Was versprach sie? (Verschwiegenheit / Attraktivität),confided in,AgP,8,0,1.91,5,verschwiegen,5.11,12,vertraute,7.55,11,50.0,"Die_Freundin vertraute der_Frau_etwas_an,
weil sie seit_langer_Zeit verständnisvoll_war und Verschwiegenheit versprach.",Was versprach sie?,Verschwiegenheit,Attraktivität,er,er,F
nonamb,10,12,neutral,NP2-Causality,er,nonamb,"Die Freundin vertraute dem Mann etwas an, weil er seit langer Zeit verständnisvoll war und Verschwiegenheit versprach.",Was versprach er? (Verschwiegenheit / Attraktivität),confided in,AgP,8,0,1.91,5,verschwiegen,5.11,12,vertraute,7.55,11,50.0,"Die_Freundin vertraute dem_Mann_etwas_an,
weil er seit_langer_Zeit verständnisvoll_war und Verschwiegenheit versprach.",Was versprach er?,Verschwiegenheit,Attraktivität,er,er,F
nonamb,9,33,neutral,NP1-Causality,er,nonamb,"Der Vater verzieh der Diebin, weil er in der Morgendämmerung gutmütig war und Konflikt vermied.",Wer verzieh der Diebin? (Der Vater / Der Schäferhund),forgave,AgEvo,7,43,-0.27,5,gutmütig,1.73,8,verzieh,0.21,7,62.5,"Der_Vater verzieh der_Diebin,
weil er in_der_Morgendämmerung gutmütig_war und Konflikt vermied.",Wer verzieh der Diebin?,Der Vater,Der Schäferhund,er,er,F
nonamb,9,33,neutral,NP1-Causality,er,nonamb,"Der Vater verzieh dem Dieb, weil er in der Morgendämmerung gutmütig war und Konflikt vermied.",Wer verzieh dem Dieb? (Der Vater / Der Makler),forgave,AgEvo,7,43,-0.27,5,gutmütig,1.73,8,verzieh,0.21,7,62.5,"Der_Vater verzieh dem_Dieb,
weil er in_der_Morgendämmerung gutmütig_war und Konflikt vermied.",Wer verzieh dem Dieb?,Der Vater,Der Makler,er,er,F
nonamb,9,33,neutral,NP1-Causality,sie,nonamb,"Die Mutter verzieh der Diebin, weil sie in der Morgendämmerung gutmütig war und Konflikt vermied.",Wer verzieh der Diebin? (Die Mutter / Die Krankenpflegerin),forgave,AgEvo,7,43,-0.27,5,gutmütig,1.73,8,verzieh,0.21,7,62.5,"Die_Mutter verzieh der_Diebin,
weil sie in_der_Morgendämmerung gutmütig_war und Konflikt vermied.",Wer verzieh der Diebin?,Die Mutter,Die Krankenpflegerin,sie,sie,F
nonamb,9,33,neutral,NP1-Causality,sie,nonamb,"Die Mutter verzieh dem Dieb, weil sie in der Morgendämmerung gutmütig war und Konflikt vermied.",Wer verzieh dem Dieb? (Die Mutter / Die Sünderin),forgave,AgEvo,7,43,-0.27,5,gutmütig,1.73,8,verzieh,0.21,7,62.5,"Die_Mutter verzieh dem_Dieb,
weil sie in_der_Morgendämmerung gutmütig_war und Konflikt vermied.",Wer verzieh dem Dieb?,Die Mutter,Die Sünderin,sie,sie,F
nonamb,10,33,neutral,NP2-Causality,sie,nonamb,"Der Vater verzieh der Diebin, weil sie in der Morgendämmerung schuldbewusst war und Reue zeigte.",Wer verzieh der Diebin? (Der Vater / Der Magier),forgave,AgEvo,7,43,-0.27,5,schuldbewusst,0.12,13,verzieh,0.21,7,62.5,"Der_Vater verzieh der_Diebin,
weil sie in_der_Morgendämmerung schuldbewusst_war und Reue zeigte.",Wer verzieh der Diebin?,Der Vater,Der Magier,er,er,F
nonamb,10,33,neutral,NP2-Causality,er,nonamb,"Der Vater verzieh dem Dieb, weil er in der Morgendämmerung schuldbewusst war und Reue zeigte.",Wer verzieh dem Dieb? (Der Vater / Der Schachspieler),forgave,AgEvo,7,43,-0.27,5,schuldbewusst,0.12,13,verzieh,0.21,7,62.5,"Der_Vater verzieh dem_Dieb,
weil er in_der_Morgendämmerung schuldbewusst_war und Reue zeigte.",Wer verzieh dem Dieb?,Der Vater,Der Schachspieler,er,er,F
nonamb,10,33,neutral,NP2-Causality,sie,nonamb,"Die Mutter verzieh der Diebin, weil sie in der Morgendämmerung schuldbewusst war und Reue zeigte.",Wer verzieh der Diebin? (Die Mutter / Die Hilfsarbeiterin),forgave,AgEvo,7,43,-0.27,5,schuldbewusst,0.12,13,verzieh,0.21,7,62.5,"Die_Mutter verzieh der_Diebin,
weil sie in_der_Morgendämmerung schuldbewusst_war und Reue zeigte.",Wer verzieh der Diebin?,Die Mutter,Die Hilfsarbeiterin,sie,sie,F
nonamb,10,33,neutral,NP2-Causality,er,nonamb,"Die Mutter verzieh dem Dieb, weil er in der Morgendämmerung schuldbewusst war und Reue zeigte.",Wer verzieh dem Dieb? (Die Mutter / Die Passantin),forgave,AgEvo,7,43,-0.27,5,schuldbewusst,0.12,13,verzieh,0.21,7,62.5,"Die_Mutter verzieh dem_Dieb,
weil er in_der_Morgendämmerung schuldbewusst_war und Reue zeigte.",Wer verzieh dem Dieb?,Die Mutter,Die Passantin,sie,sie,F
nonamb,9,99,neutral,NP1-Causality,er,nonamb,"Der Politiker kränkte die Parteigenossin, weil er bis zum Ende neidisch war und den Erfolg missgönnte.",Wen kränkte der Politiker? (die Parteigenossin / die Urgroßmutter),insulted,StimExp,8,20,-1.91,6,neidisch,2.65,8,kränkte,0.11,7,87.5,"Der_Politiker kränkte die_Parteigenossin,
weil er bis_zum_Ende neidisch_war und den_Erfolg missgönnte.",Wen kränkte der Politiker?,die Parteigenossin,die Urgroßmutter,sie,sie,F
nonamb,9,99,neutral,NP1-Causality,er,nonamb,"Der Politiker kränkte den Parteigenossen, weil er bis zum Ende neidisch war und den Erfolg missgönnte.",Wen kränkte der Politiker? (den Parteigenossen / den Wissenschaftler),insulted,StimExp,8,20,-1.91,6,neidisch,2.65,8,kränkte,0.11,7,87.5,"Der_Politiker kränkte den_Parteigenossen,
weil er bis_zum_Ende neidisch_war und den_Erfolg missgönnte.",Wen kränkte der Politiker?,den Parteigenossen,den Wissenschaftler,er,er,F
nonamb,9,99,neutral,NP1-Causality,sie,nonamb,"Die Politikerin kränkte die Parteigenossin, weil sie bis zum Ende neidisch war und den Erfolg missgönnte.",Wen kränkte die Politikerin? (die Parteigenossin / die Oberleutnantin),insulted,StimExp,8,20,-1.91,6,neidisch,2.65,8,kränkte,0.11,7,87.5,"Die_Politikerin kränkte die_Parteigenossin,
weil sie bis_zum_Ende neidisch_war und den_Erfolg missgönnte.",Wen kränkte die Politikerin?,die Parteigenossin,die Oberleutnantin,sie,sie,F
nonamb,9,99,neutral,NP1-Causality,sie,nonamb,"Die Politikerin kränkte den Parteigenossen, weil sie bis zum Ende neidisch war und den Erfolg missgönnte.",Wen kränkte die Politikerin? (den Parteigenossen / den Touristen),insulted,StimExp,8,20,-1.91,6,neidisch,2.65,8,kränkte,0.11,7,87.5,"Die_Politikerin kränkte den_Parteigenossen,
weil sie bis_zum_Ende neidisch_war und den_Erfolg missgönnte.",Wen kränkte die Politikerin?,den Parteigenossen,den Touristen,er,er,F
nonamb,10,99,neutral,NP2-Causality,sie,nonamb,"Der Politiker kränkte die Parteigenossin, weil sie bis zum Ende überheblich war und die Führung beanspruchte.",Wen kränkte der Politiker? (die Parteigenossin / die Mitarbeiterin),insulted,StimExp,8,20,-1.91,6,tatkräftig,4.42,10,kränkte,0.11,7,87.5,"Der_Politiker kränkte die_Parteigenossin,
weil sie bis_zum_Ende überheblich_war und die_Führung beanspruchte.",Wen kränkte der Politiker?,die Parteigenossin,die Mitarbeiterin,sie,sie,F
nonamb,10,99,neutral,NP2-Causality,er,nonamb,"Der Politiker kränkte den Parteigenossen, weil er bis zum Ende überheblich war und die Führung beanspruchte.",Wen kränkte der Politiker? (den Parteigenossen / den Patienten),insulted,StimExp,8,20,-1.91,6,tatkräftig,4.42,10,kränkte,0.11,7,87.5,"Der_Politiker kränkte den_Parteigenossen,
weil er bis_zum_Ende überheblich_war und die_Führung beanspruchte.",Wen kränkte der Politiker?,den Parteigenossen,den Patienten,er,er,F
nonamb,10,99,neutral,NP2-Causality,sie,nonamb,"Die Politikerin kränkte die Parteigenossin, weil sie bis zum Ende überheblich war und die Führung beanspruchte.",Wen kränkte die Politikerin? (die Parteigenossin / die Ministrantin),insulted,StimExp,8,20,-1.91,6,tatkräftig,4.42,10,kränkte,0.11,7,87.5,"Die_Politikerin kränkte die_Parteigenossin,
weil sie bis_zum_Ende überheblich_war und die_Führung beanspruchte.",Wen kränkte die Politikerin?,die Parteigenossin,die Ministrantin,sie,sie,F
nonamb,10,99,neutral,NP2-Causality,er,nonamb,"Die Politikerin kränkte den Parteigenossen, weil er bis zum Ende überheblich war und die Führung beanspruchte.",Wen kränkte die Politikerin? (den Parteigenossen / den Prinzen),insulted,StimExp,8,20,-1.91,6,tatkräftig,4.42,10,kränkte,0.11,7,87.5,"Die_Politikerin kränkte den_Parteigenossen,
weil er bis_zum_Ende überheblich_war und die_Führung beanspruchte.",Wen kränkte die Politikerin?,den Parteigenossen,den Prinzen,er,er,F
nonamb,9,66,neutral,NP1-Causality,er,nonamb,"Der Verkäufer täuschte die Kundin, weil er in dem Moment genervt war und Vertrauen missbrauchte.",Wer täuschte die Kundin? (Der Verkäufer / Der Erzieher),fooled,AgP,6,17,0.45,10,gewinnorientiert,0.7,16,täuschte,0.44,8,50.0,"Der_Verkäufer täuschte die_Kundin,
weil er in_dem_Moment genervt_war und Vertrauen missbrauchte.",Wer täuschte die Kundin?,Der Verkäufer,Der Erzieher,er,er,F
nonamb,9,66,neutral,NP1-Causality,er,nonamb,"Der Verkäufer täuschte den Kunden, weil er in dem Moment genervt war und Vertrauen missbrauchte.",Wer täuschte den Kunden? (Der Verkäufer / Der Chef),fooled,AgP,6,17,0.45,10,gewinnorientiert,0.7,16,täuschte,0.44,8,50.0,"Der_Verkäufer täuschte den_Kunden,
weil er in_dem_Moment genervt_war und Vertrauen missbrauchte.",Wer täuschte den Kunden?,Der Verkäufer,Der Chef,er,er,F
nonamb,9,66,neutral,NP1-Causality,sie,nonamb,"Die Verkäuferin täuschte die Kundin, weil sie in dem Moment genervt war und Vertrauen missbrauchte.",Wer täuschte die Kundin? (Die Verkäuferin / Die Darstellerin),fooled,AgP,6,17,0.45,10,gewinnorientiert,0.7,16,täuschte,0.44,8,50.0,"Die_Verkäuferin täuschte die_Kundin,
weil sie in_dem_Moment genervt_war und Vertrauen missbrauchte.",Wer täuschte die Kundin?,Die Verkäuferin,Die Darstellerin,sie,sie,F
nonamb,9,66,neutral,NP1-Causality,sie,nonamb,"Die Verkäuferin täuschte den Kunden, weil sie in dem Moment genervt war und Vertrauen missbrauchte.",Wer täuschte den Kunden? (Die Verkäuferin / Die Studienrätin),fooled,AgP,6,17,0.45,10,gewinnorientiert,0.7,16,täuschte,0.44,8,50.0,"Die_Verkäuferin täuschte den_Kunden,
weil sie in_dem_Moment genervt_war und Vertrauen missbrauchte.",Wer täuschte den Kunden?,Die Verkäuferin,Die Studienrätin,sie,sie,F
nonamb,10,66,neutral,NP2-Causality,sie,nonamb,"Der Verkäufer täuschte die Kundin, weil sie in dem Moment unaufmerksam war und Störungen verursachte.",Wer täuschte die Kundin? (Der Verkäufer / Der Botaniker),fooled,AgP,6,17,0.45,10,unerfahren,2.77,10,täuschte,0.44,8,50.0,"Der_Verkäufer täuschte die_Kundin,
weil sie in_dem_Moment unaufmerksam_war und Störungen verursachte.",Wer täuschte die Kundin?,Der Verkäufer,Der Botaniker,er,er,F
nonamb,10,66,neutral,NP2-Causality,er,nonamb,"Der Verkäufer täuschte den Kunden, weil er in dem Moment unaufmerksam war und Störungen verursachte.",Wer täuschte den Kunden? (Der Verkäufer / Der Eremit),fooled,AgP,6,17,0.45,10,unerfahren,2.77,10,täuschte,0.44,8,50.0,"Der_Verkäufer täuschte den_Kunden,
weil er in_dem_Moment unaufmerksam_war und Störungen verursachte.",Wer täuschte den Kunden?,Der Verkäufer,Der Eremit,er,er,F
nonamb,10,66,neutral,NP2-Causality,sie,nonamb,"Die Verkäuferin täuschte die Kundin, weil sie in dem Moment unaufmerksam war und Störungen verursachte.",Wer täuschte die Kundin? (Die Verkäuferin / Die Enkelin),fooled,AgP,6,17,0.45,10,unerfahren,2.77,10,täuschte,0.44,8,50.0,"Die_Verkäuferin täuschte die_Kundin,
weil sie in_dem_Moment unaufmerksam_war und Störungen verursachte.",Wer täuschte die Kundin?,Die Verkäuferin,Die Enkelin,sie,sie,F
nonamb,10,66,neutral,NP2-Causality,er,nonamb,"Die Verkäuferin täuschte den Kunden, weil er in dem Moment unaufmerksam war und Störungen verursachte.",Wer täuschte den Kunden? (Die Verkäuferin / Die Ehefrau),fooled,AgP,6,17,0.45,10,unerfahren,2.77,10,täuschte,0.44,8,50.0,"Die_Verkäuferin täuschte den_Kunden,
weil er in_dem_Moment unaufmerksam_war und Störungen verursachte.",Wer täuschte den Kunden?,Die Verkäuferin,Die Ehefrau,sie,sie,F
nonamb,9,90,neutral,NP1-Causality,er,nonamb,"Der Liebhaber überraschte die Liebste, weil er in der Nacht unangekündigt war und die Dunkelheit nutzte.",Was tat der Liebhaber? (überraschte die Liebste / überraschte den Liebsten),surprised,StimExp,9,29,0.73,10,unangekündigt,0.14,13,überraschte,2.36,11,81.25,"Der_Liebhaber überraschte die_Liebste,
weil er in_der_Nacht unangekündigt_war und die_Dunkelheit nutzte.",Was tat der Liebhaber?,überraschte die Liebste,überraschte den Liebsten,sie,er,F
nonamb,9,90,neutral,NP1-Causality,er,nonamb,"Der Liebhaber überraschte den Liebsten, weil er in der Nacht unangekündigt war und die Dunkelheit nutzte.",Was tat der Liebhaber? (überraschte den Liebsten / überraschte die Liebste),surprised,StimExp,9,29,0.73,10,unangekündigt,0.14,13,überraschte,2.36,11,81.25,"Der_Liebhaber überraschte den_Liebsten,
weil er in_der_Nacht unangekündigt_war und die_Dunkelheit nutzte.",Was tat der Liebhaber?,überraschte den Liebsten,überraschte die Liebste,er,sie,F
nonamb,9,90,neutral,NP1-Causality,sie,nonamb,"Die Liebhaberin überraschte die Liebste, weil sie in der Nacht unangekündigt war und die Dunkelheit nutzte.",Was tat die Liebhaberin? (überraschte die Liebste / überraschte den Liebsten),surprised,StimExp,9,29,0.73,10,unangekündigt,0.14,13,überraschte,2.36,11,81.25,"Die_Liebhaberin überraschte die_Liebste,
weil sie in_der_Nacht unangekündigt_war und die_Dunkelheit nutzte.",Was tat die Liebhaberin?,überraschte die Liebste,überraschte den Liebsten,sie,er,F
nonamb,9,90,neutral,NP1-Causality,sie,nonamb,"Die Liebhaberin überraschte den Liebsten, weil sie in der Nacht unangekündigt war und die Dunkelheit nutzte.",Was tat die Liebhaberin? (überraschte den Liebsten / überraschte die Liebste),surprised,StimExp,9,29,0.73,10,unangekündigt,0.14,13,überraschte,2.36,11,81.25,"Die_Liebhaberin überraschte den_Liebsten,
weil sie in_der_Nacht unangekündigt_war und die_Dunkelheit nutzte.",Was tat die Liebhaberin?,überraschte den Liebsten,überraschte die Liebste,er,sie,F
nonamb,10,90,neutral,NP2-Causality,sie,nonamb,"Der Liebhaber überraschte die Liebste, weil sie in der Nacht unwissend war und die Bewegungen übersah.",Was tat der Liebhaber? (überraschte die Liebste / überraschte den Liebsten),surprised,StimExp,9,29,0.73,10,unwissend,2.05,9,überraschte,2.36,11,81.25,"Der_Liebhaber überraschte die_Liebste,
weil sie in_der_Nacht unwissend_war und die_Bewegungen übersah.",Was tat der Liebhaber?,überraschte die Liebste,überraschte den Liebsten,sie,er,F
nonamb,10,90,neutral,NP2-Causality,er,nonamb,"Der Liebhaber überraschte den Liebsten, weil er in der Nacht unwissend war und die Bewegungen übersah.",Was tat der Liebhaber? (überraschte den Liebsten / überraschte die Liebste),surprised,StimExp,9,29,0.73,10,unwissend,2.05,9,überraschte,2.36,11,81.25,"Der_Liebhaber überraschte den_Liebsten,
weil er in_der_Nacht unwissend_war und die_Bewegungen übersah.",Was tat der Liebhaber?,überraschte den Liebsten,überraschte die Liebste,er,sie,F
nonamb,10,90,neutral,NP2-Causality,sie,nonamb,"Die Liebhaberin überraschte die Liebste, weil sie in der Nacht unwissend war und die Bewegungen übersah.",Was tat die Liebhaberin? (überraschte die Liebste / überraschte den Liebsten),surprised,StimExp,9,29,0.73,10,unwissend,2.05,9,überraschte,2.36,11,81.25,"Die_Liebhaberin überraschte die_Liebste,
weil sie in_der_Nacht unwissend_war und die_Bewegungen übersah.",Was tat die Liebhaberin?,überraschte die Liebste,überraschte den Liebsten,sie,er,F
nonamb,10,90,neutral,NP2-Causality,er,nonamb,"Die Liebhaberin überraschte den Liebsten, weil er in der Nacht unwissend war und die Bewegungen übersah.",Was tat die Liebhaberin? (überraschte den Liebsten / überraschte die Liebste),surprised,StimExp,9,29,0.73,10,unwissend,2.05,9,überraschte,2.36,11,81.25,"Die_Liebhaberin überraschte den_Liebsten,
weil er in_der_Nacht unwissend_war und die_Bewegungen übersah.",Was tat die Liebhaberin?,überraschte den Liebsten,überraschte die Liebste,er,sie,F
nonamb,9,60,neutral,NP1-Causality,er,nonamb,"Der Nachrichtensprecher verleumdete die Naturschützerin, weil er an dem Abend angriffslustig war und Abneigung empfand.",Wann war er angriffslustig? (an dem Abend / vor kurzer Zeit),slandered,AgEvo,9,62,-2.55,11,bösartig,6.48,8,verleumdete,0.13,11,87.5,"Der_Nachrichtensprecher verleumdete die_Naturschützerin,
weil er an_dem_Abend angriffslustig_war und Abneigung empfand.",Wann war er angriffslustig?,an dem Abend,vor kurzer Zeit,er,er,F
nonamb,9,60,neutral,NP1-Causality,er,nonamb,"Der Nachrichtensprecher verleumdete den Naturschützer, weil er an dem Abend angriffslustig war und Abneigung empfand.",Wann war er angriffslustig? (an dem Abend / vor kurzer Zeit),slandered,AgEvo,9,62,-2.55,11,bösartig,6.48,8,verleumdete,0.13,11,87.5,"Der_Nachrichtensprecher verleumdete den_Naturschützer,
weil er an_dem_Abend angriffslustig_war und Abneigung empfand.",Wann war er angriffslustig?,an dem Abend,vor kurzer Zeit,er,er,F
nonamb,9,60,neutral,NP1-Causality,sie,nonamb,"Die Nachrichtensprecherin verleumdete die Naturschützerin, weil sie an dem Abend angriffslustig war und Abneigung empfand.",Wann war sie angriffslustig? (an dem Abend / vor kurzer Zeit),slandered,AgEvo,9,62,-2.55,11,bösartig,6.48,8,verleumdete,0.13,11,87.5,"Die_Nachrichtensprecherin verleumdete die_Naturschützerin,
weil sie an_dem_Abend angriffslustig_war und Abneigung empfand.",Wann war sie angriffslustig?,an dem Abend,vor kurzer Zeit,er,er,F
nonamb,9,60,neutral,NP1-Causality,sie,nonamb,"Die Nachrichtensprecherin verleumdete den Naturschützer, weil sie an dem Abend angriffslustig war und Abneigung empfand.",Wann war sie angriffslustig? (an dem Abend / vor kurzer Zeit),slandered,AgEvo,9,62,-2.55,11,bösartig,6.48,8,verleumdete,0.13,11,87.5,"Die_Nachrichtensprecherin verleumdete den_Naturschützer,
weil sie an_dem_Abend angriffslustig_war und Abneigung empfand.",Wann war sie angriffslustig?,an dem Abend,vor kurzer Zeit,er,er,F
nonamb,10,60,neutral,NP2-Causality,sie,nonamb,"Der Nachrichtensprecher verleumdete die Naturschützerin, weil sie an dem Abend ehrlich war und die Wahrheit sagte.",Wann war sie ehrlich? (an dem Abend / vor kurzer Zeit),slandered,AgEvo,9,62,-2.55,11,ehrlich,33.7,7,verleumdete,0.13,11,87.5,"Der_Nachrichtensprecher verleumdete die_Naturschützerin,
weil sie an_dem_Abend ehrlich_war und die_Wahrheit sagte.",Wann war sie ehrlich?,an dem Abend,vor kurzer Zeit,er,er,F
nonamb,10,60,neutral,NP2-Causality,er,nonamb,"Der Nachrichtensprecher verleumdete den Naturschützer, weil er an dem Abend ehrlich war und die Wahrheit sagte.",Wann war er ehrlich? (an dem Abend / vor kurzer Zeit),slandered,AgEvo,9,62,-2.55,11,ehrlich,33.7,7,verleumdete,0.13,11,87.5,"Der_Nachrichtensprecher verleumdete den_Naturschützer,
weil er an_dem_Abend ehrlich_war und die_Wahrheit sagte.",Wann war er ehrlich?,an dem Abend,vor kurzer Zeit,er,er,F
nonamb,10,60,neutral,NP2-Causality,sie,nonamb,"Die Nachrichtensprecherin verleumdete die Naturschützerin, weil sie an dem Abend ehrlich war und die Wahrheit sagte.",Wann war sie ehrlich? (an dem Abend / vor kurzer Zeit),slandered,AgEvo,9,62,-2.55,11,ehrlich,33.7,7,verleumdete,0.13,11,87.5,"Die_Nachrichtensprecherin verleumdete die_Naturschützerin,
weil sie an_dem_Abend ehrlich_war und die_Wahrheit sagte.",Wann war sie ehrlich?,an dem Abend,vor kurzer Zeit,er,er,F
nonamb,10,60,neutral,NP2-Causality,er,nonamb,"Die Nachrichtensprecherin verleumdete den Naturschützer, weil er an dem Abend ehrlich war und die Wahrheit sagte.",Wann war er ehrlich? (an dem Abend / vor kurzer Zeit),slandered,AgEvo,9,62,-2.55,11,ehrlich,33.7,7,verleumdete,0.13,11,87.5,"Die_Nachrichtensprecherin verleumdete den_Naturschützer,
weil er an_dem_Abend ehrlich_war und die_Wahrheit sagte.",Wann war er ehrlich?,an dem Abend,vor kurzer Zeit,er,er,F
nonamb,9,11,neutral,NP1-Causality,er,nonamb,"Der Verkäufer beleidigte die Kundin, weil er am frühen Abend müde war und nach Hause wollte.",Was tat der Verkäufer? (beleidigte die Kundin / beleidigte der Kunde),affronted,StimExp,9,30,-1.0,12,empört,5.68,6,beleidigte,0.73,10,75.0,"Der_Verkäufer beleidigte die_Kundin,
weil er am_frühen_Abend müde_war und nach_Hause wollte.",Was tat der Verkäufer?,beleidigte die Kundin,beleidigte der Kunde,sie,er,F
nonamb,9,11,neutral,NP1-Causality,er,nonamb,"Der Verkäufer beleidigte der Kunde, weil er am frühen Abend müde war und nach Hause wollte.",Was tat der Verkäufer? (beleidigte der Kunde / beleidigte die Kundin),affronted,StimExp,9,30,-1.0,12,empört,5.68,6,beleidigte,0.73,10,75.0,"Der_Verkäufer beleidigte der_Kunde,
weil er am_frühen_Abend müde_war und nach_Hause wollte.",Was tat der Verkäufer?,beleidigte der Kunde,beleidigte die Kundin,er,sie,F
nonamb,9,11,neutral,NP1-Causality,sie,nonamb,"Die Verkäuferin beleidigte die Kundin, weil sie am frühen Abend müde war und nach Hause wollte.",Was tat die Verkäuferin? (beleidigte die Kundin / beleidigte der Kunde),affronted,StimExp,9,30,-1.0,12,empört,5.68,6,beleidigte,0.73,10,75.0,"Die_Verkäuferin beleidigte die_Kundin,
weil sie am_frühen_Abend müde_war und nach_Hause wollte.",Was tat die Verkäuferin?,beleidigte die Kundin,beleidigte der Kunde,sie,er,F
nonamb,9,11,neutral,NP1-Causality,sie,nonamb,"Die Verkäuferin beleidigte der Kunde, weil sie am frühen Abend müde war und nach Hause wollte.",Was tat die Verkäuferin? (beleidigte der Kunde / beleidigte die Kundin),affronted,StimExp,9,30,-1.0,12,empört,5.68,6,beleidigte,0.73,10,75.0,"Die_Verkäuferin beleidigte der_Kunde,
weil sie am_frühen_Abend müde_war und nach_Hause wollte.",Was tat die Verkäuferin?,beleidigte der Kunde,beleidigte die Kundin,er,sie,F
nonamb,10,11,neutral,NP2-Causality,sie,nonamb,"Der Verkäufer beleidigte die Kundin, weil sie am frühen Abend penetrant war und Unhöflichkeit zeigte.",Was tat der Verkäufer? (beleidigte die Kundin / beleidigte der Kunde),affronted,StimExp,9,30,-1.0,12,penetrant,1.56,9,beleidigte,0.73,10,75.0,"Der_Verkäufer beleidigte die_Kundin,
weil sie am_frühen_Abend penetrant_war und Unhöflichkeit zeigte.",Was tat der Verkäufer?,beleidigte die Kundin,beleidigte der Kunde,sie,er,F
nonamb,10,11,neutral,NP2-Causality,er,nonamb,"Der Verkäufer beleidigte der Kunde, weil er am frühen Abend penetrant war und Unhöflichkeit zeigte.",Was tat der Verkäufer? (beleidigte der Kunde / beleidigte die Kundin),affronted,StimExp,9,30,-1.0,12,penetrant,1.56,9,beleidigte,0.73,10,75.0,"Der_Verkäufer beleidigte der_Kunde,
weil er am_frühen_Abend penetrant_war und Unhöflichkeit zeigte.",Was tat der Verkäufer?,beleidigte der Kunde,beleidigte die Kundin,er,sie,F
nonamb,10,11,neutral,NP2-Causality,sie,nonamb,"Die Verkäuferin beleidigte die Kundin, weil sie am frühen Abend penetrant war und Unhöflichkeit zeigte.",Was tat die Verkäuferin? (beleidigte die Kundin / beleidigte der Kunde),affronted,StimExp,9,30,-1.0,12,penetrant,1.56,9,beleidigte,0.73,10,75.0,"Die_Verkäuferin beleidigte die_Kundin,
weil sie am_frühen_Abend penetrant_war und Unhöflichkeit zeigte.",Was tat die Verkäuferin?,beleidigte die Kundin,beleidigte der Kunde,sie,er,F
nonamb,10,11,neutral,NP2-Causality,er,nonamb,"Die Verkäuferin beleidigte der Kunde, weil er am frühen Abend penetrant war und Unhöflichkeit zeigte.",Was tat die Verkäuferin? (beleidigte der Kunde / beleidigte die Kundin),affronted,StimExp,9,30,-1.0,12,penetrant,1.56,9,beleidigte,0.73,10,75.0,"Die_Verkäuferin beleidigte der_Kunde,
weil er am_frühen_Abend penetrant_war und Unhöflichkeit zeigte.",Was tat die Verkäuferin?,beleidigte der Kunde,beleidigte die Kundin,er,sie,F
nonamb,9,58,neutral,NP1-Causality,er,nonamb,"Der Leiter beschämte die Jugendliche, weil er an dem Tag herablassend war und Grenzen missachtete.",Wen beschämte der Leiter? (die Jugendliche / die Gefangene),shamed,AgP,6,1,-2.0,12,unmöglich,36.13,9,beschämte,0.06,9,100.0,"Der_Leiter beschämte die_Jugendliche,
weil er an_dem_Tag herablassend_war und Grenzen missachtete.",Wen beschämte der Leiter?,die Jugendliche,die Gefangene,sie,sie,F
nonamb,9,58,neutral,NP1-Causality,er,nonamb,"Der Leiter beschämte den Jugendlichen, weil er an dem Tag herablassend war und Grenzen missachtete.",Wen beschämte der Leiter? (den Jugendlichen / den Obdachlosen),shamed,AgP,6,1,-2.0,12,unmöglich,36.13,9,beschämte,0.06,9,100.0,"Der_Leiter beschämte den_Jugendlichen,
weil er an_dem_Tag herablassend_war und Grenzen missachtete.",Wen beschämte der Leiter?,den Jugendlichen,den Obdachlosen,er,er,F
nonamb,9,58,neutral,NP1-Causality,sie,nonamb,"Die Leiterin beschämte die Jugendliche, weil sie an dem Tag herablassend war und Grenzen missachtete.",Wen beschämte die Leiterin? (die Jugendliche / die Zauberin),shamed,AgP,6,1,-2.0,12,unmöglich,36.13,9,beschämte,0.06,9,100.0,"Die_Leiterin beschämte die_Jugendliche,
weil sie an_dem_Tag herablassend_war und Grenzen missachtete.",Wen beschämte die Leiterin?,die Jugendliche,die Zauberin,sie,sie,F
nonamb,9,58,neutral,NP1-Causality,sie,nonamb,"Die Leiterin beschämte den Jugendlichen, weil sie an dem Tag herablassend war und Grenzen missachtete.",Wen beschämte die Leiterin? (den Jugendlichen / den Passagier),shamed,AgP,6,1,-2.0,12,unmöglich,36.13,9,beschämte,0.06,9,100.0,"Die_Leiterin beschämte den_Jugendlichen,
weil sie an_dem_Tag herablassend_war und Grenzen missachtete.",Wen beschämte die Leiterin?,den Jugendlichen,den Passagier,er,er,F
nonamb,10,58,neutral,NP2-Causality,sie,nonamb,"Der Leiter beschämte die Jugendliche, weil sie an dem Tag verletzlich war und Aufmerksamkeit fürchtete.",Wen beschämte der Leiter? (die Jugendliche / die Zoologin),shamed,AgP,6,1,-2.0,12,tugendhaft,0.82,10,beschämte,0.06,9,100.0,"Der_Leiter beschämte die_Jugendliche,
weil sie an_dem_Tag verletzlich_war und Aufmerksamkeit fürchtete.",Wen beschämte der Leiter?,die Jugendliche,die Zoologin,sie,sie,F
nonamb,10,58,neutral,NP2-Causality,er,nonamb,"Der Leiter beschämte den Jugendlichen, weil er an dem Tag verletzlich war und Aufmerksamkeit fürchtete.",Wen beschämte der Leiter? (den Jugendlichen / den Touristen),shamed,AgP,6,1,-2.0,12,tugendhaft,0.82,10,beschämte,0.06,9,100.0,"Der_Leiter beschämte den_Jugendlichen,
weil er an_dem_Tag verletzlich_war und Aufmerksamkeit fürchtete.",Wen beschämte der Leiter?,den Jugendlichen,den Touristen,er,er,F
nonamb,10,58,neutral,NP2-Causality,sie,nonamb,"Die Leiterin beschämte die Jugendliche, weil sie an dem Tag verletzlich war und Aufmerksamkeit fürchtete.",Wen beschämte die Leiterin? (die Jugendliche / die Freizeitsportlerin),shamed,AgP,6,1,-2.0,12,tugendhaft,0.82,10,beschämte,0.06,9,100.0,"Die_Leiterin beschämte die_Jugendliche,
weil sie an_dem_Tag verletzlich_war und Aufmerksamkeit fürchtete.",Wen beschämte die Leiterin?,die Jugendliche,die Freizeitsportlerin,sie,sie,F
nonamb,10,58,neutral,NP2-Causality,er,nonamb,"Die Leiterin beschämte den Jugendlichen, weil er an dem Tag verletzlich war und Aufmerksamkeit fürchtete.",Wen beschämte die Leiterin? (den Jugendlichen / den Zauberer),shamed,AgP,6,1,-2.0,12,tugendhaft,0.82,10,beschämte,0.06,9,100.0,"Die_Leiterin beschämte den_Jugendlichen,
weil er an_dem_Tag verletzlich_war und Aufmerksamkeit fürchtete.",Wen beschämte die Leiterin?,den Jugendlichen,den Zauberer,er,er,F
nonamb,9,114,neutral,NP1-Causality,er,nonamb,"Der Vater umarmte die Tochter, weil er zu jedem Zeitpunkt liebevoll war und Nähe suchte.",Wann war er liebevoll? (zu jedem Zeitpunkt / an diesem Abend),hugged,AgP,6,9,2.09,12,liebevoll,13.94,9,umarmte,6.18,7,25.0,"Der_Vater umarmte die_Tochter,
weil er zu_jedem_Zeitpunkt liebevoll_war und Nähe suchte.",Wann war er liebevoll?,zu jedem Zeitpunkt,an diesem Abend,er,er,F
nonamb,9,114,neutral,NP1-Causality,er,nonamb,"Der Vater umarmte den Sohn, weil er zu jedem Zeitpunkt liebevoll war und Nähe suchte.",Wann war er liebevoll? (zu jedem Zeitpunkt / an diesem Abend),hugged,AgP,6,9,2.09,12,liebevoll,13.94,9,umarmte,6.18,7,25.0,"Der_Vater umarmte den_Sohn,
weil er zu_jedem_Zeitpunkt liebevoll_war und Nähe suchte.",Wann war er liebevoll?,zu jedem Zeitpunkt,an diesem Abend,er,er,F
nonamb,9,114,neutral,NP1-Causality,sie,nonamb,"Die Mutter umarmte die Tochter, weil sie zu jedem Zeitpunkt liebevoll war und Nähe suchte.",Wann war sie liebevoll? (zu jedem Zeitpunkt / an diesem Abend),hugged,AgP,6,9,2.09,12,liebevoll,13.94,9,umarmte,6.18,7,25.0,"Die_Mutter umarmte die_Tochter,
weil sie zu_jedem_Zeitpunkt liebevoll_war und Nähe suchte.",Wann war sie liebevoll?,zu jedem Zeitpunkt,an diesem Abend,er,er,F
nonamb,9,114,neutral,NP1-Causality,sie,nonamb,"Die Mutter umarmte den Sohn, weil sie zu jedem Zeitpunkt liebevoll war und Nähe suchte.",Wann war sie liebevoll? (zu jedem Zeitpunkt / an diesem Abend),hugged,AgP,6,9,2.09,12,liebevoll,13.94,9,umarmte,6.18,7,25.0,"Die_Mutter umarmte den_Sohn,
weil sie zu_jedem_Zeitpunkt liebevoll_war und Nähe suchte.",Wann war sie liebevoll?,zu jedem Zeitpunkt,an diesem Abend,er,er,F
nonamb,10,114,neutral,NP2-Causality,sie,nonamb,"Der Vater umarmte die Tochter, weil sie zu jedem Zeitpunkt deprimiert war und Trost benötigte.",Wann war sie deprimiert? (zu jedem Zeitpunkt / an diesem Abend),hugged,AgP,6,9,2.09,12,deprimiert,1.23,10,umarmte,6.18,7,25.0,"Der_Vater umarmte die_Tochter,
weil sie zu_jedem_Zeitpunkt deprimiert_war und Trost benötigte.",Wann war sie deprimiert?,zu jedem Zeitpunkt,an diesem Abend,er,er,F
nonamb,10,114,neutral,NP2-Causality,er,nonamb,"Der Vater umarmte den Sohn, weil er zu jedem Zeitpunkt deprimiert war und Trost benötigte.",Wann war er deprimiert? (zu jedem Zeitpunkt / an diesem Abend),hugged,AgP,6,9,2.09,12,deprimiert,1.23,10,umarmte,6.18,7,25.0,"Der_Vater umarmte den_Sohn,
weil er zu_jedem_Zeitpunkt deprimiert_war und Trost benötigte.",Wann war er deprimiert?,zu jedem Zeitpunkt,an diesem Abend,er,er,F
nonamb,10,114,neutral,NP2-Causality,sie,nonamb,"Die Mutter umarmte die Tochter, weil sie zu jedem Zeitpunkt deprimiert war und Trost benötigte.",Wann war sie deprimiert? (zu jedem Zeitpunkt / an diesem Abend),hugged,AgP,6,9,2.09,12,deprimiert,1.23,10,umarmte,6.18,7,25.0,"Die_Mutter umarmte die_Tochter,
weil sie zu_jedem_Zeitpunkt deprimiert_war und Trost benötigte.",Wann war sie deprimiert?,zu jedem Zeitpunkt,an diesem Abend,er,er,F
nonamb,10,114,neutral,NP2-Causality,er,nonamb,"Die Mutter umarmte den Sohn, weil er zu jedem Zeitpunkt deprimiert war und Trost benötigte.",Wann war er deprimiert? (zu jedem Zeitpunkt / an diesem Abend),hugged,AgP,6,9,2.09,12,deprimiert,1.23,10,umarmte,6.18,7,25.0,"Die_Mutter umarmte den_Sohn,
weil er zu_jedem_Zeitpunkt deprimiert_war und Trost benötigte.",Wann war er deprimiert?,zu jedem Zeitpunkt,an diesem Abend,er,er,F
nonamb,9,63,neutral,NP1-Causality,er,nonamb,"Der Mieter verunglimpfte die Vermieterin, weil er schon immer neidisch war und Missgunst verspührte.",Wer verunglimpfte die Vermieterin? (Der Mieter / Der Jugendliche),denigrated,AgEvo,10,0,-1.09,12,neidisch,2.65,8,verunglimpfte,0.05,13,93.75,"Der_Mieter verunglimpfte die_Vermieterin,
weil er schon_immer neidisch_war und Missgunst verspührte.",Wer verunglimpfte die Vermieterin?,Der Mieter,Der Jugendliche,er,er,F
nonamb,9,63,neutral,NP1-Causality,er,nonamb,"Der Mieter verunglimpfte den Vermieter, weil er schon immer neidisch war und Missgunst verspührte.",Wer verunglimpfte den Vermieter? (Der Mieter / Der Fürsprecher),denigrated,AgEvo,10,0,-1.09,12,neidisch,2.65,8,verunglimpfte,0.05,13,93.75,"Der_Mieter verunglimpfte den_Vermieter,
weil er schon_immer neidisch_war und Missgunst verspührte.",Wer verunglimpfte den Vermieter?,Der Mieter,Der Fürsprecher,er,er,F
nonamb,9,63,neutral,NP1-Causality,sie,nonamb,"Die Mieterin verunglimpfte die Vermieterin, weil sie schon immer neidisch war und Missgunst verspührte.",Wer verunglimpfte die Vermieterin? (Die Mieterin / Die Angehörige),denigrated,AgEvo,10,0,-1.09,12,neidisch,2.65,8,verunglimpfte,0.05,13,93.75,"Die_Mieterin verunglimpfte die_Vermieterin,
weil sie schon_immer neidisch_war und Missgunst verspührte.",Wer verunglimpfte die Vermieterin?,Die Mieterin,Die Angehörige,sie,sie,F
nonamb,9,63,neutral,NP1-Causality,sie,nonamb,"Die Mieterin verunglimpfte den Vermieter, weil sie schon immer neidisch war und Missgunst verspührte.",Wer verunglimpfte den Vermieter? (Die Mieterin / Die Abtissin),denigrated,AgEvo,10,0,-1.09,12,neidisch,2.65,8,verunglimpfte,0.05,13,93.75,"Die_Mieterin verunglimpfte den_Vermieter,
weil sie schon_immer neidisch_war und Missgunst verspührte.",Wer verunglimpfte den Vermieter?,Die Mieterin,Die Abtissin,sie,sie,F
nonamb,10,63,neutral,NP2-Causality,sie,nonamb,"Der Mieter verunglimpfte die Vermieterin, weil sie schon immer überteuert war und Klagen provozierte.",Wer verunglimpfte die Vermieterin? (Der Mieter / Der Dieb),denigrated,AgEvo,10,0,-1.09,12,überteuert,1.63,10,verunglimpfte,0.05,13,93.75,"Der_Mieter verunglimpfte die_Vermieterin,
weil sie schon_immer überteuert_war und Klagen provozierte.",Wer verunglimpfte die Vermieterin?,Der Mieter,Der Dieb,er,er,F
nonamb,10,63,neutral,NP2-Causality,er,nonamb,"Der Mieter verunglimpfte den Vermieter, weil er schon immer überteuert war und Klagen provozierte.",Wer verunglimpfte den Vermieter? (Der Mieter / Der Leiter),denigrated,AgEvo,10,0,-1.09,12,überteuert,1.63,10,verunglimpfte,0.05,13,93.75,"Der_Mieter verunglimpfte den_Vermieter,
weil er schon_immer überteuert_war und Klagen provozierte.",Wer verunglimpfte den Vermieter?,Der Mieter,Der Leiter,er,er,F
nonamb,10,63,neutral,NP2-Causality,sie,nonamb,"Die Mieterin verunglimpfte die Vermieterin, weil sie schon immer überteuert war und Klagen provozierte.",Wer verunglimpfte die Vermieterin? (Die Mieterin / Die Spaziergängerin),denigrated,AgEvo,10,0,-1.09,12,überteuert,1.63,10,verunglimpfte,0.05,13,93.75,"Die_Mieterin verunglimpfte die_Vermieterin,
weil sie schon_immer überteuert_war und Klagen provozierte.",Wer verunglimpfte die Vermieterin?,Die Mieterin,Die Spaziergängerin,sie,sie,F
nonamb,10,63,neutral,NP2-Causality,er,nonamb,"Die Mieterin verunglimpfte den Vermieter, weil er schon immer überteuert war und Klagen provozierte.",Wer verunglimpfte den Vermieter? (Die Mieterin / Die Chefin),denigrated,AgEvo,10,0,-1.09,12,überteuert,1.63,10,verunglimpfte,0.05,13,93.75,"Die_Mieterin verunglimpfte den_Vermieter,
weil er schon_immer überteuert_war und Klagen provozierte.",Wer verunglimpfte den Vermieter?,Die Mieterin,Die Chefin,sie,sie,F
nonamb,9,23,neutral,NP1-Causality,er,nonamb,"Der Unteroffizier diffamierte die Oberleutnantin, weil er am frühen Morgen minderwertig war und Schwäche empfand.",Wer diffamierte die Oberleutnantin? (Der Unteroffizier / Der Jugendbetreuer),disparaged,AgEvo,10,0,-1.45,12,unqualifiziert,1.28,14,diffamierte,0.02,9,62.5,"Der_Unteroffizier diffamierte die_Oberleutnantin,
weil er am_frühen_Morgen minderwertig_war und Schwäche empfand.",Wer diffamierte die Oberleutnantin?,Der Unteroffizier,Der Jugendbetreuer,er,er,F
nonamb,9,23,neutral,NP1-Causality,er,nonamb,"Der Unteroffizier diffamierte den Oberleutnant, weil er am frühen Morgen minderwertig war und Schwäche empfand.",Wer diffamierte den Oberleutnant? (Der Unteroffizier / Der Spieler),disparaged,AgEvo,10,0,-1.45,12,unqualifiziert,1.28,14,diffamierte,0.02,9,62.5,"Der_Unteroffizier diffamierte den_Oberleutnant,
weil er am_frühen_Morgen minderwertig_war und Schwäche empfand.",Wer diffamierte den Oberleutnant?,Der Unteroffizier,Der Spieler,er,er,F
nonamb,9,23,neutral,NP1-Causality,sie,nonamb,"Die Unteroffizierin diffamierte die Oberleutnantin, weil sie am frühen Morgen minderwertig war und Schwäche empfand.",Wer diffamierte die Oberleutnantin? (Die Unteroffizierin / Die Leiterin),disparaged,AgEvo,10,0,-1.45,12,unqualifiziert,1.28,14,diffamierte,0.02,9,62.5,"Die_Unteroffizierin diffamierte die_Oberleutnantin,
weil sie am_frühen_Morgen minderwertig_war und Schwäche empfand.",Wer diffamierte die Oberleutnantin?,Die Unteroffizierin,Die Leiterin,sie,sie,F
nonamb,9,23,neutral,NP1-Causality,sie,nonamb,"Die Unteroffizierin diffamierte den Oberleutnant, weil sie am frühen Morgen minderwertig war und Schwäche empfand.",Wer diffamierte den Oberleutnant? (Die Unteroffizierin / Die Katze),disparaged,AgEvo,10,0,-1.45,12,unqualifiziert,1.28,14,diffamierte,0.02,9,62.5,"Die_Unteroffizierin diffamierte den_Oberleutnant,
weil sie am_frühen_Morgen minderwertig_war und Schwäche empfand.",Wer diffamierte den Oberleutnant?,Die Unteroffizierin,Die Katze,sie,sie,F
nonamb,10,23,neutral,NP2-Causality,sie,nonamb,"Der Unteroffizier diffamierte die Oberleutnantin, weil sie am frühen Morgen überheblich war und Wiederrede tadelte.",Wer diffamierte die Oberleutnantin? (Der Unteroffizier / Der Schamane),disparaged,AgEvo,10,0,-1.45,12,aufmüpfig,0.64,9,diffamierte,0.02,9,62.5,"Der_Unteroffizier diffamierte die_Oberleutnantin,
weil sie am_frühen_Morgen überheblich_war und Wiederrede tadelte.",Wer diffamierte die Oberleutnantin?,Der Unteroffizier,Der Schamane,er,er,F
nonamb,10,23,neutral,NP2-Causality,er,nonamb,"Der Unteroffizier diffamierte den Oberleutnant, weil er am frühen Morgen überheblich war und Wiederrede tadelte.",Wer diffamierte den Oberleutnant? (Der Unteroffizier / Der Kaiser),disparaged,AgEvo,10,0,-1.45,12,aufmüpfig,0.64,9,diffamierte,0.02,9,62.5,"Der_Unteroffizier diffamierte den_Oberleutnant,
weil er am_frühen_Morgen überheblich_war und Wiederrede tadelte.",Wer diffamierte den Oberleutnant?,Der Unteroffizier,Der Kaiser,er,er,F
nonamb,10,23,neutral,NP2-Causality,sie,nonamb,"Die Unteroffizierin diffamierte die Oberleutnantin, weil sie am frühen Morgen überheblich war und Wiederrede tadelte.",Wer diffamierte die Oberleutnantin? (Die Unteroffizierin / Die Studienrätin),disparaged,AgEvo,10,0,-1.45,12,aufmüpfig,0.64,9,diffamierte,0.02,9,62.5,"Die_Unteroffizierin diffamierte die_Oberleutnantin,
weil sie am_frühen_Morgen überheblich_war und Wiederrede tadelte.",Wer diffamierte die Oberleutnantin?,Die Unteroffizierin,Die Studienrätin,sie,sie,F
nonamb,10,23,neutral,NP2-Causality,er,nonamb,"Die Unteroffizierin diffamierte den Oberleutnant, weil er am frühen Morgen überheblich war und Wiederrede tadelte.",Wer diffamierte den Oberleutnant? (Die Unteroffizierin / Die Polizistin),disparaged,AgEvo,10,0,-1.45,12,aufmüpfig,0.64,9,diffamierte,0.02,9,62.5,"Die_Unteroffizierin diffamierte den_Oberleutnant,
weil er am_frühen_Morgen überheblich_war und Wiederrede tadelte.",Wer diffamierte den Oberleutnant?,Die Unteroffizierin,Die Polizistin,sie,sie,F
nonamb,9,108,neutral,NP1-Causality,er,nonamb,"Der Student fragte die Tutorin, weil er bei der Aufgabe unsicher war und die Lösung suchte.",Wer war bei der Aufgabe unsicher? (Der Student / die Tutorin),consulted,AgP,9,68,0.36,13,unsicher,14.66,8,fragte,37.95,6,68.75,"Der_Student fragte die_Tutorin,
weil er bei_der_Aufgabe unsicher_war und die_Lösung suchte.",Wer war bei der Aufgabe unsicher?,Der Student,die Tutorin,er,sie,F
nonamb,9,108,neutral,NP1-Causality,er,nonamb,"Der Student fragte den Tutor, weil er bei der Aufgabe unsicher war und die Lösung suchte.",Wer war bei der Aufgabe unsicher? (Der Student / den Tutor),consulted,AgP,9,68,0.36,13,unsicher,14.66,8,fragte,37.95,6,68.75,"Der_Student fragte den_Tutor,
weil er bei_der_Aufgabe unsicher_war und die_Lösung suchte.",Wer war bei der Aufgabe unsicher?,Der Student,den Tutor,er,er,F
nonamb,9,108,neutral,NP1-Causality,sie,nonamb,"Die Studentin fragte die Tutorin, weil sie bei der Aufgabe unsicher war und die Lösung suchte.",Wer war bei der Aufgabe unsicher? (Die Studentin / die Tutorin),consulted,AgP,9,68,0.36,13,unsicher,14.66,8,fragte,37.95,6,68.75,"Die_Studentin fragte die_Tutorin,
weil sie bei_der_Aufgabe unsicher_war und die_Lösung suchte.",Wer war bei der Aufgabe unsicher?,Die Studentin,die Tutorin,sie,sie,F
nonamb,9,108,neutral,NP1-Causality,sie,nonamb,"Die Studentin fragte den Tutor, weil sie bei der Aufgabe unsicher war und die Lösung suchte.",Wer war bei der Aufgabe unsicher? (Die Studentin / den Tutor),consulted,AgP,9,68,0.36,13,unsicher,14.66,8,fragte,37.95,6,68.75,"Die_Studentin fragte den_Tutor,
weil sie bei_der_Aufgabe unsicher_war und die_Lösung suchte.",Wer war bei der Aufgabe unsicher?,Die Studentin,den Tutor,sie,er,F
nonamb,10,108,neutral,NP2-Causality,sie,nonamb,"Der Student fragte die Tutorin, weil sie bei der Aufgabe sicher war und Auskunft lieferte.",Wer war bei der Aufgabe sicher? (Der Student / die Tutorin),consulted,AgP,9,68,0.36,13,belesen,0.59,7,fragte,37.95,6,68.75,"Der_Student fragte die_Tutorin,
weil sie bei_der_Aufgabe sicher_war und Auskunft lieferte.",Wer war bei der Aufgabe sicher?,Der Student,die Tutorin,er,sie,J
nonamb,10,108,neutral,NP2-Causality,er,nonamb,"Der Student fragte den Tutor, weil er bei der Aufgabe sicher war und Auskunft lieferte.",Wer war bei der Aufgabe sicher? (Der Student / den Tutor),consulted,AgP,9,68,0.36,13,belesen,0.59,7,fragte,37.95,6,68.75,"Der_Student fragte den_Tutor,
weil er bei_der_Aufgabe sicher_war und Auskunft lieferte.",Wer war bei der Aufgabe sicher?,Der Student,den Tutor,er,er,J
nonamb,10,108,neutral,NP2-Causality,sie,nonamb,"Die Studentin fragte die Tutorin, weil sie bei der Aufgabe sicher war und Auskunft lieferte.",Wer war bei der Aufgabe sicher? (Die Studentin / die Tutorin),consulted,AgP,9,68,0.36,13,belesen,0.59,7,fragte,37.95,6,68.75,"Die_Studentin fragte die_Tutorin,
weil sie bei_der_Aufgabe sicher_war und Auskunft lieferte.",Wer war bei der Aufgabe sicher?,Die Studentin,die Tutorin,sie,sie,J
nonamb,10,108,neutral,NP2-Causality,er,nonamb,"Die Studentin fragte den Tutor, weil er bei der Aufgabe sicher war und Auskunft lieferte.",Wer war bei der Aufgabe sicher? (Die Studentin / den Tutor),consulted,AgP,9,68,0.36,13,belesen,0.59,7,fragte,37.95,6,68.75,"Die_Studentin fragte den_Tutor,
weil er bei_der_Aufgabe sicher_war und Auskunft lieferte.",Wer war bei der Aufgabe sicher?,Die Studentin,den Tutor,sie,er,J
nonamb,9,81,neutral,NP1-Causality,er,nonamb,"Der Judokämpfer warf die Gegnerin nieder, weil er in dem Wettkampf schneller war und die Technik beherrschte.",Was tat der Judokämpfer? (warf die Gegnerin nieder / warf den Gegner nieder),floored,AgP,7,3,0.0,13,ausgebildet,23.44,11,warf ,0.04,10,81.25,"Der_Judokämpfer warf die_Gegnerin_nieder,
weil er in_dem_Wettkampf schneller_war und die_Technik beherrschte.",Was tat der Judokämpfer?,warf die Gegnerin nieder,warf den Gegner nieder,sie,er,F
nonamb,9,81,neutral,NP1-Causality,er,nonamb,"Der Judokämpfer warf den Gegner nieder, weil er in dem Wettkampf schneller war und die Technik beherrschte.",Was tat der Judokämpfer? (warf den Gegner nieder / warf die Gegnerin nieder),floored,AgP,7,3,0.0,13,ausgebildet,23.44,11,warf ,0.04,10,81.25,"Der_Judokämpfer warf den_Gegner_nieder,
weil er in_dem_Wettkampf schneller_war und die_Technik beherrschte.",Was tat der Judokämpfer?,warf den Gegner nieder,warf die Gegnerin nieder,er,sie,F
nonamb,9,81,neutral,NP1-Causality,sie,nonamb,"Die Judokämpferin warf die Gegnerin nieder, weil sie in dem Wettkampf schneller war und die Technik beherrschte.",Was tat die Judokämpferin? (warf die Gegnerin nieder / warf den Gegner nieder),floored,AgP,7,3,0.0,13,ausgebildet,23.44,11,warf ,0.04,10,81.25,"Die_Judokämpferin warf die_Gegnerin_nieder,
weil sie in_dem_Wettkampf schneller_war und die_Technik beherrschte.",Was tat die Judokämpferin?,warf die Gegnerin nieder,warf den Gegner nieder,sie,er,F
nonamb,9,81,neutral,NP1-Causality,sie,nonamb,"Die Judokämpferin warf den Gegner nieder, weil sie in dem Wettkampf schneller war und die Technik beherrschte.",Was tat die Judokämpferin? (warf den Gegner nieder / warf die Gegnerin nieder),floored,AgP,7,3,0.0,13,ausgebildet,23.44,11,warf ,0.04,10,81.25,"Die_Judokämpferin warf den_Gegner_nieder,
weil sie in_dem_Wettkampf schneller_war und die_Technik beherrschte.",Was tat die Judokämpferin?,warf den Gegner nieder,warf die Gegnerin nieder,er,sie,F
nonamb,10,81,neutral,NP2-Causality,sie,nonamb,"Der Judokämpfer warf die Gegnerin nieder, weil sie in dem Wettkampf unterlegen war und die Balance verlor.",Was tat der Judokämpfer? (warf die Gegnerin nieder / warf den Gegner nieder),floored,AgP,7,3,0.0,13,ungeschickt,2.05,11,warf ,0.04,10,81.25,"Der_Judokämpfer warf die_Gegnerin_nieder,
weil sie in_dem_Wettkampf unterlegen_war und die_Balance verlor.",Was tat der Judokämpfer?,warf die Gegnerin nieder,warf den Gegner nieder,sie,er,F
nonamb,10,81,neutral,NP2-Causality,er,nonamb,"Der Judokämpfer warf den Gegner nieder, weil er in dem Wettkampf unterlegen war und die Balance verlor.",Was tat der Judokämpfer? (warf den Gegner nieder / warf die Gegnerin nieder),floored,AgP,7,3,0.0,13,ungeschickt,2.05,11,warf ,0.04,10,81.25,"Der_Judokämpfer warf den_Gegner_nieder,
weil er in_dem_Wettkampf unterlegen_war und die_Balance verlor.",Was tat der Judokämpfer?,warf den Gegner nieder,warf die Gegnerin nieder,er,sie,F
nonamb,10,81,neutral,NP2-Causality,sie,nonamb,"Die Judokämpferin warf die Gegnerin nieder, weil sie in dem Wettkampf unterlegen war und die Balance verlor.",Was tat die Judokämpferin? (warf die Gegnerin nieder / warf den Gegner nieder),floored,AgP,7,3,0.0,13,ungeschickt,2.05,11,warf ,0.04,10,81.25,"Die_Judokämpferin warf die_Gegnerin_nieder,
weil sie in_dem_Wettkampf unterlegen_war und die_Balance verlor.",Was tat die Judokämpferin?,warf die Gegnerin nieder,warf den Gegner nieder,sie,er,F
nonamb,10,81,neutral,NP2-Causality,er,nonamb,"Die Judokämpferin warf den Gegner nieder, weil er in dem Wettkampf unterlegen war und die Balance verlor.",Was tat die Judokämpferin? (warf den Gegner nieder / warf die Gegnerin nieder),floored,AgP,7,3,0.0,13,ungeschickt,2.05,11,warf ,0.04,10,81.25,"Die_Judokämpferin warf den_Gegner_nieder,
weil er in_dem_Wettkampf unterlegen_war und die_Balance verlor.",Was tat die Judokämpferin?,warf den Gegner nieder,warf die Gegnerin nieder,er,sie,F
nonamb,9,10,neutral,NP1-Causality,er,nonamb,"Der Kellner mied die Besucherin, weil er am späten Abend überfordert war und Schwindel verspührte.",Wer war am späten Abend überfordert? (Der Kellner / die Besucherin),avoided,AgP,7,68,-1.09,14,überfordert,10.07,11,mied,0.3,4,43.75,"Der_Kellner mied die_Besucherin,
weil er am_späten_Abend überfordert_war und Schwindel verspührte.",Wer war am späten Abend überfordert?,Der Kellner,die Besucherin,er,sie,F
nonamb,9,10,neutral,NP1-Causality,er,nonamb,"Der Kellner mied den Besucher, weil er am späten Abend überfordert war und Schwindel verspührte.",Wer war am späten Abend überfordert? (Der Kellner / den Besucher),avoided,AgP,7,68,-1.09,14,überfordert,10.07,11,mied,0.3,4,43.75,"Der_Kellner mied den_Besucher,
weil er am_späten_Abend überfordert_war und Schwindel verspührte.",Wer war am späten Abend überfordert?,Der Kellner,den Besucher,er,er,F
nonamb,9,10,neutral,NP1-Causality,sie,nonamb,"Die Kellnerin mied die Besucherin, weil sie am späten Abend überfordert war und Schwindel verspührte.",Wer war am späten Abend überfordert? (Die Kellnerin / die Besucherin),avoided,AgP,7,68,-1.09,14,überfordert,10.07,11,mied,0.3,4,43.75,"Die_Kellnerin mied die_Besucherin,
weil sie am_späten_Abend überfordert_war und Schwindel verspührte.",Wer war am späten Abend überfordert?,Die Kellnerin,die Besucherin,sie,sie,F
nonamb,9,10,neutral,NP1-Causality,sie,nonamb,"Die Kellnerin mied den Besucher, weil sie am späten Abend überfordert war und Schwindel verspührte.",Wer war am späten Abend überfordert? (Die Kellnerin / den Besucher),avoided,AgP,7,68,-1.09,14,überfordert,10.07,11,mied,0.3,4,43.75,"Die_Kellnerin mied den_Besucher,
weil sie am_späten_Abend überfordert_war und Schwindel verspührte.",Wer war am späten Abend überfordert?,Die Kellnerin,den Besucher,sie,er,F
nonamb,10,10,neutral,NP2-Causality,sie,nonamb,"Der Kellner mied die Besucherin, weil sie am späten Abend anspruchsvoll war und Sonderwünsche verlangte.",Wer war am späten Abend anspruchsvoll? (Der Kellner / die Besucherin),avoided,AgP,7,68,-1.09,14,anspruchsvoll,15.15,13,mied,0.3,4,43.75,"Der_Kellner mied die_Besucherin,
weil sie am_späten_Abend anspruchsvoll_war und Sonderwünsche verlangte.",Wer war am späten Abend anspruchsvoll?,Der Kellner,die Besucherin,er,sie,J
nonamb,10,10,neutral,NP2-Causality,er,nonamb,"Der Kellner mied den Besucher, weil er am späten Abend anspruchsvoll war und Sonderwünsche verlangte.",Wer war am späten Abend anspruchsvoll? (Der Kellner / den Besucher),avoided,AgP,7,68,-1.09,14,anspruchsvoll,15.15,13,mied,0.3,4,43.75,"Der_Kellner mied den_Besucher,
weil er am_späten_Abend anspruchsvoll_war und Sonderwünsche verlangte.",Wer war am späten Abend anspruchsvoll?,Der Kellner,den Besucher,er,er,J
nonamb,10,10,neutral,NP2-Causality,sie,nonamb,"Die Kellnerin mied die Besucherin, weil sie am späten Abend anspruchsvoll war und Sonderwünsche verlangte.",Wer war am späten Abend anspruchsvoll? (Die Kellnerin / die Besucherin),avoided,AgP,7,68,-1.09,14,anspruchsvoll,15.15,13,mied,0.3,4,43.75,"Die_Kellnerin mied die_Besucherin,
weil sie am_späten_Abend anspruchsvoll_war und Sonderwünsche verlangte.",Wer war am späten Abend anspruchsvoll?,Die Kellnerin,die Besucherin,sie,sie,J
nonamb,10,10,neutral,NP2-Causality,er,nonamb,"Die Kellnerin mied den Besucher, weil er am späten Abend anspruchsvoll war und Sonderwünsche verlangte.",Wer war am späten Abend anspruchsvoll? (Die Kellnerin / den Besucher),avoided,AgP,7,68,-1.09,14,anspruchsvoll,15.15,13,mied,0.3,4,43.75,"Die_Kellnerin mied den_Besucher,
weil er am_späten_Abend anspruchsvoll_war und Sonderwünsche verlangte.",Wer war am späten Abend anspruchsvoll?,Die Kellnerin,den Besucher,sie,er,J
nonamb,9,75,neutral,NP1-Causality,er,nonamb,"Der Schüler schikanierte die Lehrerin, weil er in der Schule niederträchtig war und Demütigungen aussprach.",Was tat der Schüler? (schikanierte die Lehrerin / schikanierte den Lehrer),victimized,AgEvo,10,55,-2.64,15,niederträchtig,0.67,14,schikanierte,0.04,12,81.25,"Der_Schüler schikanierte die_Lehrerin,
weil er in_der_Schule niederträchtig_war und Demütigungen aussprach.",Was tat der Schüler?,schikanierte die Lehrerin,schikanierte den Lehrer,sie,er,F
nonamb,9,75,neutral,NP1-Causality,er,nonamb,"Der Schüler schikanierte den Lehrer, weil er in der Schule niederträchtig war und Demütigungen aussprach.",Was tat der Schüler? (schikanierte den Lehrer / schikanierte die Lehrerin),victimized,AgEvo,10,55,-2.64,15,niederträchtig,0.67,14,schikanierte,0.04,12,81.25,"Der_Schüler schikanierte den_Lehrer,
weil er in_der_Schule niederträchtig_war und Demütigungen aussprach.",Was tat der Schüler?,schikanierte den Lehrer,schikanierte die Lehrerin,er,sie,F
nonamb,9,75,neutral,NP1-Causality,sie,nonamb,"Die Schülerin schikanierte die Lehrerin, weil sie in der Schule niederträchtig war und Demütigungen aussprach.",Was tat die Schülerin? (schikanierte die Lehrerin / schikanierte den Lehrer),victimized,AgEvo,10,55,-2.64,15,niederträchtig,0.67,14,schikanierte,0.04,12,81.25,"Die_Schülerin schikanierte die_Lehrerin,
weil sie in_der_Schule niederträchtig_war und Demütigungen aussprach.",Was tat die Schülerin?,schikanierte die Lehrerin,schikanierte den Lehrer,sie,er,F
nonamb,9,75,neutral,NP1-Causality,sie,nonamb,"Die Schülerin schikanierte den Lehrer, weil sie in der Schule niederträchtig war und Demütigungen aussprach.",Was tat die Schülerin? (schikanierte den Lehrer / schikanierte die Lehrerin),victimized,AgEvo,10,55,-2.64,15,niederträchtig,0.67,14,schikanierte,0.04,12,81.25,"Die_Schülerin schikanierte den_Lehrer,
weil sie in_der_Schule niederträchtig_war und Demütigungen aussprach.",Was tat die Schülerin?,schikanierte den Lehrer,schikanierte die Lehrerin,er,sie,F
nonamb,10,75,neutral,NP2-Causality,sie,nonamb,"Der Schüler schikanierte die Lehrerin, weil sie in der Schule hilflos war und Autorität fehlte.",Was tat der Schüler? (schikanierte die Lehrerin / schikanierte den Lehrer),victimized,AgEvo,10,55,-2.64,15,hilflos,9.77,7,schikanierte,0.04,12,81.25,"Der_Schüler schikanierte die_Lehrerin,
weil sie in_der_Schule hilflos_war und Autorität fehlte.",Was tat der Schüler?,schikanierte die Lehrerin,schikanierte den Lehrer,sie,er,F
nonamb,10,75,neutral,NP2-Causality,er,nonamb,"Der Schüler schikanierte den Lehrer, weil er in der Schule hilflos war und Autorität fehlte.",Was tat der Schüler? (schikanierte den Lehrer / schikanierte die Lehrerin),victimized,AgEvo,10,55,-2.64,15,hilflos,9.77,7,schikanierte,0.04,12,81.25,"Der_Schüler schikanierte den_Lehrer,
weil er in_der_Schule hilflos_war und Autorität fehlte.",Was tat der Schüler?,schikanierte den Lehrer,schikanierte die Lehrerin,er,sie,F
nonamb,10,75,neutral,NP2-Causality,sie,nonamb,"Die Schülerin schikanierte die Lehrerin, weil sie in der Schule hilflos war und Autorität fehlte.",Was tat die Schülerin? (schikanierte die Lehrerin / schikanierte den Lehrer),victimized,AgEvo,10,55,-2.64,15,hilflos,9.77,7,schikanierte,0.04,12,81.25,"Die_Schülerin schikanierte die_Lehrerin,
weil sie in_der_Schule hilflos_war und Autorität fehlte.",Was tat die Schülerin?,schikanierte die Lehrerin,schikanierte den Lehrer,sie,er,F
nonamb,10,75,neutral,NP2-Causality,er,nonamb,"Die Schülerin schikanierte den Lehrer, weil er in der Schule hilflos war und Autorität fehlte.",Was tat die Schülerin? (schikanierte den Lehrer / schikanierte die Lehrerin),victimized,AgEvo,10,55,-2.64,15,hilflos,9.77,7,schikanierte,0.04,12,81.25,"Die_Schülerin schikanierte den_Lehrer,
weil er in_der_Schule hilflos_war und Autorität fehlte.",Was tat die Schülerin?,schikanierte den Lehrer,schikanierte die Lehrerin,er,sie,F
nonamb,9,26,NP1,NP1-Causality,er,nonamb,"Der Studienrat erzürnte die Schülerin, weil er an dem Tag respektlos war und Probleme ignorierte.",Wann war er respektlos? (an dem Tag / am späten Nachmittag),enraged,StimExp,7,25,-2.36,70,veräppelt,0.13,9,erzürnte,0.21,8,68.75,"Der_Studienrat erzürnte die_Schülerin,
weil er an_dem_Tag respektlos_war und Probleme ignorierte.",Wann war er respektlos?,an dem Tag,am späten Nachmittag,er,er,F
nonamb,9,26,NP1,NP1-Causality,er,nonamb,"Der Studienrat erzürnte den Schüler, weil er an dem Tag respektlos war und Probleme ignorierte.",Wann war er respektlos? (an dem Tag / am späten Nachmittag),enraged,StimExp,7,25,-2.36,70,veräppelt,0.13,9,erzürnte,0.21,8,68.75,"Der_Studienrat erzürnte den_Schüler,
weil er an_dem_Tag respektlos_war und Probleme ignorierte.",Wann war er respektlos?,an dem Tag,am späten Nachmittag,er,er,F
nonamb,9,26,NP1,NP1-Causality,sie,nonamb,"Die Studienrätin erzürnte die Schülerin, weil sie an dem Tag respektlos war und Probleme ignorierte.",Wann war sie respektlos? (an dem Tag / am späten Nachmittag),enraged,StimExp,7,25,-2.36,70,veräppelt,0.13,9,erzürnte,0.21,8,68.75,"Die_Studienrätin erzürnte die_Schülerin,
weil sie an_dem_Tag respektlos_war und Probleme ignorierte.",Wann war sie respektlos?,an dem Tag,am späten Nachmittag,er,er,F
nonamb,9,26,NP1,NP1-Causality,sie,nonamb,"Die Studienrätin erzürnte den Schüler, weil sie an dem Tag respektlos war und Probleme ignorierte.",Wann war sie respektlos? (an dem Tag / am späten Nachmittag),enraged,StimExp,7,25,-2.36,70,veräppelt,0.13,9,erzürnte,0.21,8,68.75,"Die_Studienrätin erzürnte den_Schüler,
weil sie an_dem_Tag respektlos_war und Probleme ignorierte.",Wann war sie respektlos?,an dem Tag,am späten Nachmittag,er,er,F
nonamb,10,26,NP1,NP2-Causality,sie,nonamb,"Der Studienrat erzürnte die Schülerin, weil sie an dem Tag verletzlich war und Kränkung verspührte.",Wann war sie verletzlich? (an dem Tag / am späten Nachmittag),enraged,StimExp,7,25,-2.36,70,bestimmend,6.87,10,erzürnte,0.21,8,68.75,"Der_Studienrat erzürnte die_Schülerin,
weil sie an_dem_Tag verletzlich_war und Kränkung verspührte.",Wann war sie verletzlich?,an dem Tag,am späten Nachmittag,er,er,F
nonamb,10,26,NP1,NP2-Causality,er,nonamb,"Der Studienrat erzürnte den Schüler, weil er an dem Tag verletzlich war und Kränkung verspührte.",Wann war er verletzlich? (an dem Tag / am späten Nachmittag),enraged,StimExp,7,25,-2.36,70,bestimmend,6.87,10,erzürnte,0.21,8,68.75,"Der_Studienrat erzürnte den_Schüler,
weil er an_dem_Tag verletzlich_war und Kränkung verspührte.",Wann war er verletzlich?,an dem Tag,am späten Nachmittag,er,er,F
nonamb,10,26,NP1,NP2-Causality,sie,nonamb,"Die Studienrätin erzürnte die Schülerin, weil sie an dem Tag verletzlich war und Kränkung verspührte.",Wann war sie verletzlich? (an dem Tag / am späten Nachmittag),enraged,StimExp,7,25,-2.36,70,bestimmend,6.87,10,erzürnte,0.21,8,68.75,"Die_Studienrätin erzürnte die_Schülerin,
weil sie an_dem_Tag verletzlich_war und Kränkung verspührte.",Wann war sie verletzlich?,an dem Tag,am späten Nachmittag,er,er,F
nonamb,10,26,NP1,NP2-Causality,er,nonamb,"Die Studienrätin erzürnte den Schüler, weil er an dem Tag verletzlich war und Kränkung verspührte.",Wann war er verletzlich? (an dem Tag / am späten Nachmittag),enraged,StimExp,7,25,-2.36,70,bestimmend,6.87,10,erzürnte,0.21,8,68.75,"Die_Studienrätin erzürnte den_Schüler,
weil er an_dem_Tag verletzlich_war und Kränkung verspührte.",Wann war er verletzlich?,an dem Tag,am späten Nachmittag,er,er,F
nonamb,9,28,NP1,NP1-Causality,er,nonamb,"Der Erzieher lockte die Jugendliche, weil er an dem Morgen verantworlich war und Integration anstrebte.",Wann war er verantworlich? (an dem Morgen / vor kurzer Zeit),enticed,StimExp,7,3,1.0,70,verantwortlich,77.38,14,lockte,1.59,6,87.5,"Der_Erzieher lockte die_Jugendliche,
weil er an_dem_Morgen verantworlich_war und Integration anstrebte.",Wann war er verantworlich?,an dem Morgen,vor kurzer Zeit,er,er,F
nonamb,9,28,NP1,NP1-Causality,er,nonamb,"Der Erzieher lockte den Jugendlichen, weil er an dem Morgen verantworlich war und Integration anstrebte.",Wann war er verantworlich? (an dem Morgen / vor kurzer Zeit),enticed,StimExp,7,3,1.0,70,verantwortlich,77.38,14,lockte,1.59,6,87.5,"Der_Erzieher lockte den_Jugendlichen,
weil er an_dem_Morgen verantworlich_war und Integration anstrebte.",Wann war er verantworlich?,an dem Morgen,vor kurzer Zeit,er,er,F
nonamb,9,28,NP1,NP1-Causality,sie,nonamb,"Die Erzieherin lockte die Jugendliche, weil sie an dem Morgen verantworlich war und Integration anstrebte.",Wann war sie verantworlich? (an dem Morgen / vor kurzer Zeit),enticed,StimExp,7,3,1.0,70,verantwortlich,77.38,14,lockte,1.59,6,87.5,"Die_Erzieherin lockte die_Jugendliche,
weil sie an_dem_Morgen verantworlich_war und Integration anstrebte.",Wann war sie verantworlich?,an dem Morgen,vor kurzer Zeit,er,er,F
nonamb,9,28,NP1,NP1-Causality,sie,nonamb,"Die Erzieherin lockte den Jugendlichen, weil sie an dem Morgen verantworlich war und Integration anstrebte.",Wann war sie verantworlich? (an dem Morgen / vor kurzer Zeit),enticed,StimExp,7,3,1.0,70,verantwortlich,77.38,14,lockte,1.59,6,87.5,"Die_Erzieherin lockte den_Jugendlichen,
weil sie an_dem_Morgen verantworlich_war und Integration anstrebte.",Wann war sie verantworlich?,an dem Morgen,vor kurzer Zeit,er,er,F
nonamb,10,28,NP1,NP2-Causality,sie,nonamb,"Der Erzieher lockte die Jugendliche, weil sie an dem Morgen lustlos war und Kraft fehlte.",Wann war sie lustlos? (an dem Morgen / vor kurzer Zeit),enticed,StimExp,7,3,1.0,70,unselbständig,2.71,13,lockte,1.59,6,87.5,"Der_Erzieher lockte die_Jugendliche,
weil sie an_dem_Morgen lustlos_war und Kraft fehlte.",Wann war sie lustlos?,an dem Morgen,vor kurzer Zeit,er,er,F
nonamb,10,28,NP1,NP2-Causality,er,nonamb,"Der Erzieher lockte den Jugendlichen, weil er an dem Morgen lustlos war und Kraft fehlte.",Wann war er lustlos? (an dem Morgen / vor kurzer Zeit),enticed,StimExp,7,3,1.0,70,unselbständig,2.71,13,lockte,1.59,6,87.5,"Der_Erzieher lockte den_Jugendlichen,
weil er an_dem_Morgen lustlos_war und Kraft fehlte.",Wann war er lustlos?,an dem Morgen,vor kurzer Zeit,er,er,F
nonamb,10,28,NP1,NP2-Causality,sie,nonamb,"Die Erzieherin lockte die Jugendliche, weil sie an dem Morgen lustlos war und Kraft fehlte.",Wann war sie lustlos? (an dem Morgen / vor kurzer Zeit),enticed,StimExp,7,3,1.0,70,unselbständig,2.71,13,lockte,1.59,6,87.5,"Die_Erzieherin lockte die_Jugendliche,
weil sie an_dem_Morgen lustlos_war und Kraft fehlte.",Wann war sie lustlos?,an dem Morgen,vor kurzer Zeit,er,er,F
nonamb,10,28,NP1,NP2-Causality,er,nonamb,"Die Erzieherin lockte den Jugendlichen, weil er an dem Morgen lustlos war und Kraft fehlte.",Wann war er lustlos? (an dem Morgen / vor kurzer Zeit),enticed,StimExp,7,3,1.0,70,unselbständig,2.71,13,lockte,1.59,6,87.5,"Die_Erzieherin lockte den_Jugendlichen,
weil er an_dem_Morgen lustlos_war und Kraft fehlte.",Wann war er lustlos?,an dem Morgen,vor kurzer Zeit,er,er,F
nonamb,9,51,NP1,NP1-Causality,er,nonamb,"Der Hilfsarbeiter provozierte die Chefin, weil er an diesem Tag unwillig war und Frustration verspührte.",Wer provozierte die Chefin? (Der Hilfsarbeiter / Der Bär),provoked,AgP,8,35,-1.36,70,rachsüchtig,0.43,6,provozierte,0.95,11,50.0,"Der_Hilfsarbeiter provozierte die_Chefin,
weil er an_diesem_Tag unwillig_war und Frustration verspührte.",Wer provozierte die Chefin?,Der Hilfsarbeiter,Der Bär,er,er,F
nonamb,9,51,NP1,NP1-Causality,er,nonamb,"Der Hilfsarbeiter provozierte den Chef, weil er an diesem Tag unwillig war und Frustration verspührte.",Wer provozierte den Chef? (Der Hilfsarbeiter / Der Senior),provoked,AgP,8,35,-1.36,70,rachsüchtig,0.43,6,provozierte,0.95,11,50.0,"Der_Hilfsarbeiter provozierte den_Chef,
weil er an_diesem_Tag unwillig_war und Frustration verspührte.",Wer provozierte den Chef?,Der Hilfsarbeiter,Der Senior,er,er,F
nonamb,9,51,NP1,NP1-Causality,sie,nonamb,"Die Hilfsarbeiterin provozierte die Chefin, weil sie an diesem Tag unwillig war und Frustration verspührte.",Wer provozierte die Chefin? (Die Hilfsarbeiterin / Die Priesterin),provoked,AgP,8,35,-1.36,70,rachsüchtig,0.43,6,provozierte,0.95,11,50.0,"Die_Hilfsarbeiterin provozierte die_Chefin,
weil sie an_diesem_Tag unwillig_war und Frustration verspührte.",Wer provozierte die Chefin?,Die Hilfsarbeiterin,Die Priesterin,sie,sie,F
nonamb,9,51,NP1,NP1-Causality,sie,nonamb,"Die Hilfsarbeiterin provozierte den Chef, weil sie an diesem Tag unwillig war und Frustration verspührte.",Wer provozierte den Chef? (Die Hilfsarbeiterin / Die Schwester),provoked,AgP,8,35,-1.36,70,rachsüchtig,0.43,6,provozierte,0.95,11,50.0,"Die_Hilfsarbeiterin provozierte den_Chef,
weil sie an_diesem_Tag unwillig_war und Frustration verspührte.",Wer provozierte den Chef?,Die Hilfsarbeiterin,Die Schwester,sie,sie,F
nonamb,10,51,NP1,NP2-Causality,sie,nonamb,"Der Hilfsarbeiter provozierte die Chefin, weil sie an diesem Tag reizbar war und die Leistung ignorierte.",Wer provozierte die Chefin? (Der Hilfsarbeiter / Der Kellner),provoked,AgP,8,35,-1.36,70,reizbar,0.5,7,provozierte,0.95,11,50.0,"Der_Hilfsarbeiter provozierte die_Chefin,
weil sie an_diesem_Tag reizbar_war und die_Leistung ignorierte.",Wer provozierte die Chefin?,Der Hilfsarbeiter,Der Kellner,er,er,F
nonamb,10,51,NP1,NP2-Causality,er,nonamb,"Der Hilfsarbeiter provozierte den Chef, weil er an diesem Tag reizbar war und die Leistung ignorierte.",Wer provozierte den Chef? (Der Hilfsarbeiter / Der Zuhörer),provoked,AgP,8,35,-1.36,70,reizbar,0.5,7,provozierte,0.95,11,50.0,"Der_Hilfsarbeiter provozierte den_Chef,
weil er an_diesem_Tag reizbar_war und die_Leistung ignorierte.",Wer provozierte den Chef?,Der Hilfsarbeiter,Der Zuhörer,er,er,F
nonamb,10,51,NP1,NP2-Causality,sie,nonamb,"Die Hilfsarbeiterin provozierte die Chefin, weil sie an diesem Tag reizbar war und die Leistung ignorierte.",Wer provozierte die Chefin? (Die Hilfsarbeiterin / Die Anführerin),provoked,AgP,8,35,-1.36,70,reizbar,0.5,7,provozierte,0.95,11,50.0,"Die_Hilfsarbeiterin provozierte die_Chefin,
weil sie an_diesem_Tag reizbar_war und die_Leistung ignorierte.",Wer provozierte die Chefin?,Die Hilfsarbeiterin,Die Anführerin,sie,sie,F
nonamb,10,51,NP1,NP2-Causality,er,nonamb,"Die Hilfsarbeiterin provozierte den Chef, weil er an diesem Tag reizbar war und die Leistung ignorierte.",Wer provozierte den Chef? (Die Hilfsarbeiterin / Die Priesterin),provoked,AgP,8,35,-1.36,70,reizbar,0.5,7,provozierte,0.95,11,50.0,"Die_Hilfsarbeiterin provozierte den_Chef,
weil er an_diesem_Tag reizbar_war und die_Leistung ignorierte.",Wer provozierte den Chef?,Die Hilfsarbeiterin,Die Priesterin,sie,sie,F
nonamb,9,103,NP1,NP1-Causality,er,nonamb,"Der Aufseher zermürbte die Gefangene, weil er seit langer Zeit peinigend war und Angst schürte.",Wen zermürbte der Aufseher? (die Gefangene / die Verehrerin),unnerved,StimExp,8,14,-0.82,70,peinigend,0.15,9,zermürbte,0.05,9,18.75,"Der_Aufseher zermürbte die_Gefangene,
weil er seit_langer_Zeit peinigend_war und Angst schürte.",Wen zermürbte der Aufseher?,die Gefangene,die Verehrerin,sie,sie,F
nonamb,9,103,NP1,NP1-Causality,er,nonamb,"Der Aufseher zermürbte den Gefangenen, weil er seit langer Zeit peinigend war und Angst schürte.",Wen zermürbte der Aufseher? (den Gefangenen / den Touristen),unnerved,StimExp,8,14,-0.82,70,peinigend,0.15,9,zermürbte,0.05,9,18.75,"Der_Aufseher zermürbte den_Gefangenen,
weil er seit_langer_Zeit peinigend_war und Angst schürte.",Wen zermürbte der Aufseher?,den Gefangenen,den Touristen,er,er,F
nonamb,9,103,NP1,NP1-Causality,sie,nonamb,"Die Aufseherin zermürbte die Gefangene, weil sie seit langer Zeit peinigend war und Angst schürte.",Wen zermürbte die Aufseherin? (die Gefangene / die Passagierin),unnerved,StimExp,8,14,-0.82,70,peinigend,0.15,9,zermürbte,0.05,9,18.75,"Die_Aufseherin zermürbte die_Gefangene,
weil sie seit_langer_Zeit peinigend_war und Angst schürte.",Wen zermürbte die Aufseherin?,die Gefangene,die Passagierin,sie,sie,F
nonamb,9,103,NP1,NP1-Causality,sie,nonamb,"Die Aufseherin zermürbte den Gefangenen, weil sie seit langer Zeit peinigend war und Angst schürte.",Wen zermürbte die Aufseherin? (den Gefangenen / den Kunden),unnerved,StimExp,8,14,-0.82,70,peinigend,0.15,9,zermürbte,0.05,9,18.75,"Die_Aufseherin zermürbte den_Gefangenen,
weil sie seit_langer_Zeit peinigend_war und Angst schürte.",Wen zermürbte die Aufseherin?,den Gefangenen,den Kunden,er,er,F
nonamb,10,103,NP1,NP2-Causality,sie,nonamb,"Der Aufseher zermürbte die Gefangene, weil sie seit langer Zeit kränklich war und den Mut verlor.",Wen zermürbte der Aufseher? (die Gefangene / der Frau etwas),unnerved,StimExp,8,14,-0.82,70,geschwächt,6.81,10,zermürbte,0.05,9,18.75,"Der_Aufseher zermürbte die_Gefangene,
weil sie seit_langer_Zeit kränklich_war und den_Mut verlor.",Wen zermürbte der Aufseher?,die Gefangene,der Frau etwas,sie,er,F
nonamb,10,103,NP1,NP2-Causality,er,nonamb,"Der Aufseher zermürbte den Gefangenen, weil er seit langer Zeit kränklich war und den Mut verlor.",Wen zermürbte der Aufseher? (den Gefangenen / den Tutor),unnerved,StimExp,8,14,-0.82,70,geschwächt,6.81,10,zermürbte,0.05,9,18.75,"Der_Aufseher zermürbte den_Gefangenen,
weil er seit_langer_Zeit kränklich_war und den_Mut verlor.",Wen zermürbte der Aufseher?,den Gefangenen,den Tutor,er,er,F
nonamb,10,103,NP1,NP2-Causality,sie,nonamb,"Die Aufseherin zermürbte die Gefangene, weil sie seit langer Zeit kränklich war und den Mut verlor.",Wen zermürbte die Aufseherin? (die Gefangene / der Diebin),unnerved,StimExp,8,14,-0.82,70,geschwächt,6.81,10,zermürbte,0.05,9,18.75,"Die_Aufseherin zermürbte die_Gefangene,
weil sie seit_langer_Zeit kränklich_war und den_Mut verlor.",Wen zermürbte die Aufseherin?,die Gefangene,der Diebin,sie,er,F
nonamb,10,103,NP1,NP2-Causality,er,nonamb,"Die Aufseherin zermürbte den Gefangenen, weil er seit langer Zeit kränklich war und den Mut verlor.",Wen zermürbte die Aufseherin? (den Gefangenen / dem Priester),unnerved,StimExp,8,14,-0.82,70,geschwächt,6.81,10,zermürbte,0.05,9,18.75,"Die_Aufseherin zermürbte den_Gefangenen,
weil er seit_langer_Zeit kränklich_war und den_Mut verlor.",Wen zermürbte die Aufseherin?,den Gefangenen,dem Priester,er,er,F
nonamb,9,82,NP1,NP1-Causality,er,nonamb,"Der Makler erregte die Interessentin, weil er in dem Gespräch scharmant war und die Vorteile herausstellte.",Was tat der Makler? (erregte die Interessentin / erregte den Interessenten),excited,StimExp,7,1,1.73,72,originell,7.92,9,erregte,0.37,7,56.25,"Der_Makler erregte die_Interessentin,
weil er in_dem_Gespräch scharmant_war und die_Vorteile herausstellte.",Was tat der Makler?,erregte die Interessentin,erregte den Interessenten,sie,er,F
nonamb,9,82,NP1,NP1-Causality,er,nonamb,"Der Makler erregte den Interessenten, weil er in dem Gespräch scharmant war und die Vorteile herausstellte.",Was tat der Makler? (erregte den Interessenten / erregte die Interessentin),excited,StimExp,7,1,1.73,72,originell,7.92,9,erregte,0.37,7,56.25,"Der_Makler erregte den_Interessenten,
weil er in_dem_Gespräch scharmant_war und die_Vorteile herausstellte.",Was tat der Makler?,erregte den Interessenten,erregte die Interessentin,er,sie,F
nonamb,9,82,NP1,NP1-Causality,sie,nonamb,"Die Maklerin erregte die Interessentin, weil sie in dem Gespräch scharmant war und die Vorteile herausstellte.",Was tat die Maklerin? (erregte die Interessentin / erregte den Interessenten),excited,StimExp,7,1,1.73,72,originell,7.92,9,erregte,0.37,7,56.25,"Die_Maklerin erregte die_Interessentin,
weil sie in_dem_Gespräch scharmant_war und die_Vorteile herausstellte.",Was tat die Maklerin?,erregte die Interessentin,erregte den Interessenten,sie,er,F
nonamb,9,82,NP1,NP1-Causality,sie,nonamb,"Die Maklerin erregte den Interessenten, weil sie in dem Gespräch scharmant war und die Vorteile herausstellte.",Was tat die Maklerin? (erregte den Interessenten / erregte die Interessentin),excited,StimExp,7,1,1.73,72,originell,7.92,9,erregte,0.37,7,56.25,"Die_Maklerin erregte den_Interessenten,
weil sie in_dem_Gespräch scharmant_war und die_Vorteile herausstellte.",Was tat die Maklerin?,erregte den Interessenten,erregte die Interessentin,er,sie,F
nonamb,10,82,NP1,NP2-Causality,sie,nonamb,"Der Makler erregte die Interessentin, weil sie in dem Gespräch mesmerisiert wurde und Nachteile übersah.",Was tat der Makler? (erregte die Interessentin / erregte den Interessenten),excited,StimExp,7,1,1.73,72,ablehnend,5.75,9,erregte,0.37,7,56.25,"Der_Makler erregte die_Interessentin,
weil sie in_dem_Gespräch mesmerisiert_wurde und Nachteile übersah.",Was tat der Makler?,erregte die Interessentin,erregte den Interessenten,sie,er,F
nonamb,10,82,NP1,NP2-Causality,er,nonamb,"Der Makler erregte den Interessenten, weil er in dem Gespräch mesmerisiert wurde und Nachteile übersah.",Was tat der Makler? (erregte den Interessenten / erregte die Interessentin),excited,StimExp,7,1,1.73,72,ablehnend,5.75,9,erregte,0.37,7,56.25,"Der_Makler erregte den_Interessenten,
weil er in_dem_Gespräch mesmerisiert_wurde und Nachteile übersah.",Was tat der Makler?,erregte den Interessenten,erregte die Interessentin,er,sie,F
nonamb,10,82,NP1,NP2-Causality,sie,nonamb,"Die Maklerin erregte die Interessentin, weil sie in dem Gespräch mesmerisiert wurde und Nachteile übersah.",Was tat die Maklerin? (erregte die Interessentin / erregte den Interessenten),excited,StimExp,7,1,1.73,72,ablehnend,5.75,9,erregte,0.37,7,56.25,"Die_Maklerin erregte die_Interessentin,
weil sie in_dem_Gespräch mesmerisiert_wurde und Nachteile übersah.",Was tat die Maklerin?,erregte die Interessentin,erregte den Interessenten,sie,er,F
nonamb,10,82,NP1,NP2-Causality,er,nonamb,"Die Maklerin erregte den Interessenten, weil er in dem Gespräch mesmerisiert wurde und Nachteile übersah.",Was tat die Maklerin? (erregte den Interessenten / erregte die Interessentin),excited,StimExp,7,1,1.73,72,ablehnend,5.75,9,erregte,0.37,7,56.25,"Die_Maklerin erregte den_Interessenten,
weil er in_dem_Gespräch mesmerisiert_wurde und Nachteile übersah.",Was tat die Maklerin?,erregte den Interessenten,erregte die Interessentin,er,sie,F
nonamb,9,27,NP1,NP1-Causality,er,nonamb,"Der Schöne erwiderte die Verehrerin, weil er in der Nacht geschmeichelt war und Höflichkeit zeigte.",Wer war in der Nacht geschmeichelt? (Der Schöne / die Verehrerin),echoed,AgP,6,33,0.36,72,höflich,5.82,7,erwiderte ,5.39,9,50.0,"Der_Schöne erwiderte die_Verehrerin,
weil er in_der_Nacht geschmeichelt_war und Höflichkeit zeigte.",Wer war in der Nacht geschmeichelt?,Der Schöne,die Verehrerin,er,sie,F
nonamb,9,27,NP1,NP1-Causality,er,nonamb,"Der Schöne erwiderte den Verehrer, weil er in der Nacht geschmeichelt war und Höflichkeit zeigte.",Wer war in der Nacht geschmeichelt? (Der Schöne / den Verehrer),echoed,AgP,6,33,0.36,72,höflich,5.82,7,erwiderte ,5.39,9,50.0,"Der_Schöne erwiderte den_Verehrer,
weil er in_der_Nacht geschmeichelt_war und Höflichkeit zeigte.",Wer war in der Nacht geschmeichelt?,Der Schöne,den Verehrer,er,er,F
nonamb,9,27,NP1,NP1-Causality,sie,nonamb,"Die Schöne erwiderte die Verehrerin, weil sie in der Nacht geschmeichelt war und Höflichkeit zeigte.",Wer war in der Nacht geschmeichelt? (Die Schöne / die Verehrerin),echoed,AgP,6,33,0.36,72,höflich,5.82,7,erwiderte ,5.39,9,50.0,"Die_Schöne erwiderte die_Verehrerin,
weil sie in_der_Nacht geschmeichelt_war und Höflichkeit zeigte.",Wer war in der Nacht geschmeichelt?,Die Schöne,die Verehrerin,sie,sie,F
nonamb,9,27,NP1,NP1-Causality,sie,nonamb,"Die Schöne erwiderte den Verehrer, weil sie in der Nacht geschmeichelt war und Höflichkeit zeigte.",Wer war in der Nacht geschmeichelt? (Die Schöne / den Verehrer),echoed,AgP,6,33,0.36,72,höflich,5.82,7,erwiderte ,5.39,9,50.0,"Die_Schöne erwiderte den_Verehrer,
weil sie in_der_Nacht geschmeichelt_war und Höflichkeit zeigte.",Wer war in der Nacht geschmeichelt?,Die Schöne,den Verehrer,sie,er,F
nonamb,10,27,NP1,NP2-Causality,sie,nonamb,"Der Schöne erwiderte die Verehrerin, weil sie in der Nacht bezaubernd war und Betörung ausstrahlte.",Wer war in der Nacht bezaubernd? (Der Schöne / die Verehrerin),echoed,AgP,6,33,0.36,72,unerwartet,12.76,10,erwiderte ,5.39,9,50.0,"Der_Schöne erwiderte die_Verehrerin,
weil sie in_der_Nacht bezaubernd_war und Betörung ausstrahlte.",Wer war in der Nacht bezaubernd?,Der Schöne,die Verehrerin,er,sie,J
nonamb,10,27,NP1,NP2-Causality,er,nonamb,"Der Schöne erwiderte den Verehrer, weil er in der Nacht bezaubernd war und Betörung ausstrahlte.",Wer war in der Nacht bezaubernd? (Der Schöne / den Verehrer),echoed,AgP,6,33,0.36,72,unerwartet,12.76,10,erwiderte ,5.39,9,50.0,"Der_Schöne erwiderte den_Verehrer,
weil er in_der_Nacht bezaubernd_war und Betörung ausstrahlte.",Wer war in der Nacht bezaubernd?,Der Schöne,den Verehrer,er,er,J
nonamb,10,27,NP1,NP2-Causality,sie,nonamb,"Die Schöne erwiderte die Verehrerin, weil sie in der Nacht bezaubernd war und Betörung ausstrahlte.",Wer war in der Nacht bezaubernd? (Die Schöne / die Verehrerin),echoed,AgP,6,33,0.36,72,unerwartet,12.76,10,erwiderte ,5.39,9,50.0,"Die_Schöne erwiderte die_Verehrerin,
weil sie in_der_Nacht bezaubernd_war und Betörung ausstrahlte.",Wer war in der Nacht bezaubernd?,Die Schöne,die Verehrerin,sie,sie,J
nonamb,10,27,NP1,NP2-Causality,er,nonamb,"Die Schöne erwiderte den Verehrer, weil er in der Nacht bezaubernd war und Betörung ausstrahlte.",Wer war in der Nacht bezaubernd? (Die Schöne / den Verehrer),echoed,AgP,6,33,0.36,72,unerwartet,12.76,10,erwiderte ,5.39,9,50.0,"Die_Schöne erwiderte den_Verehrer,
weil er in_der_Nacht bezaubernd_war und Betörung ausstrahlte.",Wer war in der Nacht bezaubernd?,Die Schöne,den Verehrer,sie,er,J
nonamb,9,15,NP1,NP1-Causality,er,nonamb,"Der Stiefsohn nervte die Urgroßmutter, weil er immervort aufgedreht war und Seltsames sagte.",Was sagte er? (Seltsames / die Freiheit),bugged,StimExp,6,4,-1.0,72,durstig,1.28,7,nervte,0.34,6,31.25,"Der_Stiefsohn nervte die_Urgroßmutter,
weil er immervort aufgedreht_war und Seltsames sagte.",Was sagte er?,Seltsames,die Freiheit,er,sie,F
nonamb,9,15,NP1,NP1-Causality,er,nonamb,"Der Stiefsohn nervte den Urgroßvater, weil er immervort aufgedreht war und Seltsames sagte.",Was sagte er? (Seltsames / die Freiheit),bugged,StimExp,6,4,-1.0,72,durstig,1.28,7,nervte,0.34,6,31.25,"Der_Stiefsohn nervte den_Urgroßvater,
weil er immervort aufgedreht_war und Seltsames sagte.",Was sagte er?,Seltsames,die Freiheit,er,sie,F
nonamb,9,15,NP1,NP1-Causality,sie,nonamb,"Die Stieftochter nervte die Urgroßmutter, weil sie immervort aufgedreht war und Seltsames sagte.",Was sagte sie? (Seltsames / die Freiheit),bugged,StimExp,6,4,-1.0,72,durstig,1.28,7,nervte,0.34,6,31.25,"Die_Stieftochter nervte die_Urgroßmutter,
weil sie immervort aufgedreht_war und Seltsames sagte.",Was sagte sie?,Seltsames,die Freiheit,er,sie,F
nonamb,9,15,NP1,NP1-Causality,sie,nonamb,"Die Stieftochter nervte den Urgroßvater, weil sie immervort aufgedreht war und Seltsames sagte.",Was sagte sie? (Seltsames / die Freiheit),bugged,StimExp,6,4,-1.0,72,durstig,1.28,7,nervte,0.34,6,31.25,"Die_Stieftochter nervte den_Urgroßvater,
weil sie immervort aufgedreht_war und Seltsames sagte.",Was sagte sie?,Seltsames,die Freiheit,er,sie,F
nonamb,10,15,NP1,NP2-Causality,sie,nonamb,"Der Stiefsohn nervte die Urgroßmutter, weil sie immervort müde war und Ruhe suchte.",Was suchte sie? (Ruhe / die Freiheit),bugged,StimExp,6,4,-1.0,72,beschäftigt,63.13,11,nervte,0.34,6,31.25,"Der_Stiefsohn nervte die_Urgroßmutter,
weil sie immervort müde_war und Ruhe suchte.",Was suchte sie?,Ruhe,die Freiheit,er,sie,F
nonamb,10,15,NP1,NP2-Causality,er,nonamb,"Der Stiefsohn nervte den Urgroßvater, weil er immervort müde war und Ruhe suchte.",Was suchte er? (Ruhe / die Freiheit),bugged,StimExp,6,4,-1.0,72,beschäftigt,63.13,11,nervte,0.34,6,31.25,"Der_Stiefsohn nervte den_Urgroßvater,
weil er immervort müde_war und Ruhe suchte.",Was suchte er?,Ruhe,die Freiheit,er,sie,F
nonamb,10,15,NP1,NP2-Causality,sie,nonamb,"Die Stieftochter nervte die Urgroßmutter, weil sie immervort müde war und Ruhe suchte.",Was suchte sie? (Ruhe / die Freiheit),bugged,StimExp,6,4,-1.0,72,beschäftigt,63.13,11,nervte,0.34,6,31.25,"Die_Stieftochter nervte die_Urgroßmutter,
weil sie immervort müde_war und Ruhe suchte.",Was suchte sie?,Ruhe,die Freiheit,er,sie,F
nonamb,10,15,NP1,NP2-Causality,er,nonamb,"Die Stieftochter nervte den Urgroßvater, weil er immervort müde war und Ruhe suchte.",Was suchte er? (Ruhe / die Freiheit),bugged,StimExp,6,4,-1.0,72,beschäftigt,63.13,11,nervte,0.34,6,31.25,"Die_Stieftochter nervte den_Urgroßvater,
weil er immervort müde_war und Ruhe suchte.",Was suchte er?,Ruhe,die Freiheit,er,sie,F
nonamb,9,79,NP1,NP1-Causality,er,nonamb,"Der Priester schüchterte die Ministrantin ein, weil er vor dem Gottesdienst ungehalten war und die Stille fürchtete.",Wer war vor dem Gottesdienst ungehalten? (Der Priester / die Ministrantin),daunted,StimExp,7,14,-1.18,72,unheimlich,10.8,10,schüchterte,0.02,14,18.75,"Der_Priester schüchterte die_Ministrantin_ein,
weil er vor_dem_Gottesdienst ungehalten_war und die_Stille fürchtete.",Wer war vor dem Gottesdienst ungehalten?,Der Priester,die Ministrantin,er,sie,F
nonamb,9,79,NP1,NP1-Causality,er,nonamb,"Der Priester schüchterte den Ministranten ein, weil er vor dem Gottesdienst ungehalten war und die Stille fürchtete.",Wer war vor dem Gottesdienst ungehalten? (Der Priester / den Ministranten),daunted,StimExp,7,14,-1.18,72,unheimlich,10.8,10,schüchterte,0.02,14,18.75,"Der_Priester schüchterte den_Ministranten_ein,
weil er vor_dem_Gottesdienst ungehalten_war und die_Stille fürchtete.",Wer war vor dem Gottesdienst ungehalten?,Der Priester,den Ministranten,er,er,F
nonamb,9,79,NP1,NP1-Causality,sie,nonamb,"Die Priesterin schüchterte die Ministrantin ein, weil sie vor dem Gottesdienst ungehalten war und die Stille fürchtete.",Wer war vor dem Gottesdienst ungehalten? (Die Priesterin / die Ministrantin),daunted,StimExp,7,14,-1.18,72,unheimlich,10.8,10,schüchterte,0.02,14,18.75,"Die_Priesterin schüchterte die_Ministrantin_ein,
weil sie vor_dem_Gottesdienst ungehalten_war und die_Stille fürchtete.",Wer war vor dem Gottesdienst ungehalten?,Die Priesterin,die Ministrantin,sie,sie,F
nonamb,9,79,NP1,NP1-Causality,sie,nonamb,"Die Priesterin schüchterte den Ministranten ein, weil sie vor dem Gottesdienst ungehalten war und die Stille fürchtete.",Wer war vor dem Gottesdienst ungehalten? (Die Priesterin / den Ministranten),daunted,StimExp,7,14,-1.18,72,unheimlich,10.8,10,schüchterte,0.02,14,18.75,"Die_Priesterin schüchterte den_Ministranten_ein,
weil sie vor_dem_Gottesdienst ungehalten_war und die_Stille fürchtete.",Wer war vor dem Gottesdienst ungehalten?,Die Priesterin,den Ministranten,sie,er,F
nonamb,10,79,NP1,NP2-Causality,sie,nonamb,"Der Priester schüchterte die Ministrantin ein, weil sie vor dem Gottesdienst fehlerhaft agierte und Kerzen löschte.",Wer agierte vor dem Gottesdienst fehlerhaft? (Der Priester / die Ministrantin),daunted,StimExp,7,14,-1.18,72,ängstlich,7.09,9,schüchterte,0.02,14,18.75,"Der_Priester schüchterte die_Ministrantin_ein,
weil sie vor_dem_Gottesdienst fehlerhaft_agierte und Kerzen löschte.",Wer agierte vor dem Gottesdienst fehlerhaft?,Der Priester,die Ministrantin,er,sie,J
nonamb,10,79,NP1,NP2-Causality,er,nonamb,"Der Priester schüchterte den Ministranten ein, weil er vor dem Gottesdienst fehlerhaft agierte und Kerzen löschte.",Wer agierte vor dem Gottesdienst fehlerhaft? (Der Priester / den Ministranten),daunted,StimExp,7,14,-1.18,72,ängstlich,7.09,9,schüchterte,0.02,14,18.75,"Der_Priester schüchterte den_Ministranten_ein,
weil er vor_dem_Gottesdienst fehlerhaft_agierte und Kerzen löschte.",Wer agierte vor dem Gottesdienst fehlerhaft?,Der Priester,den Ministranten,er,er,J
nonamb,10,79,NP1,NP2-Causality,sie,nonamb,"Die Priesterin schüchterte die Ministrantin ein, weil sie vor dem Gottesdienst fehlerhaft agierte und Kerzen löschte.",Wer agierte vor dem Gottesdienst fehlerhaft? (Die Priesterin / die Ministrantin),daunted,StimExp,7,14,-1.18,72,ängstlich,7.09,9,schüchterte,0.02,14,18.75,"Die_Priesterin schüchterte die_Ministrantin_ein,
weil sie vor_dem_Gottesdienst fehlerhaft_agierte und Kerzen löschte.",Wer agierte vor dem Gottesdienst fehlerhaft?,Die Priesterin,die Ministrantin,sie,sie,J
nonamb,10,79,NP1,NP2-Causality,er,nonamb,"Die Priesterin schüchterte den Ministranten ein, weil er vor dem Gottesdienst fehlerhaft agierte und Kerzen löschte.",Wer agierte vor dem Gottesdienst fehlerhaft? (Die Priesterin / den Ministranten),daunted,StimExp,7,14,-1.18,72,ängstlich,7.09,9,schüchterte,0.02,14,18.75,"Die_Priesterin schüchterte den_Ministranten_ein,
weil er vor_dem_Gottesdienst fehlerhaft_agierte und Kerzen löschte.",Wer agierte vor dem Gottesdienst fehlerhaft?,Die Priesterin,den Ministranten,sie,er,J
nonamb,9,25,NP1,NP1-Causality,er,nonamb,"Der Junge enttäuschte die Freundin, weil er an dem Vormittag unzuverlässig war und das Versprechen vergaß.",Wen enttäuschte der Junge? (die Freundin / die Zauberin),disappointed,StimExp,12,3,-2.0,73,unzuverlässig,1.72,13,enttäuschte,0.18,13,75.0,"Der_Junge enttäuschte die_Freundin,
weil er an_dem_Vormittag unzuverlässig_war und das_Versprechen vergaß.",Wen enttäuschte der Junge?,die Freundin,die Zauberin,sie,sie,F
nonamb,9,25,NP1,NP1-Causality,er,nonamb,"Der Junge enttäuschte den Freund, weil er an dem Vormittag unzuverlässig war und das Versprechen vergaß.",Wen enttäuschte der Junge? (den Freund / den Fremden),disappointed,StimExp,12,3,-2.0,73,unzuverlässig,1.72,13,enttäuschte,0.18,13,75.0,"Der_Junge enttäuschte den_Freund,
weil er an_dem_Vormittag unzuverlässig_war und das_Versprechen vergaß.",Wen enttäuschte der Junge?,den Freund,den Fremden,er,er,F
nonamb,9,25,NP1,NP1-Causality,sie,nonamb,"Das Mädchen enttäuschte die Freundin, weil sie an dem Vormittag unzuverlässig war und das Versprechen vergaß.",Wen enttäuschte das Mädchen? (die Freundin / der Großmutter),disappointed,StimExp,12,3,-2.0,73,unzuverlässig,1.72,13,enttäuschte,0.18,13,75.0,"Das_Mädchen enttäuschte die_Freundin,
weil sie an_dem_Vormittag unzuverlässig_war und das_Versprechen vergaß.",Wen enttäuschte das Mädchen?,die Freundin,der Großmutter,sie,er,F
nonamb,9,25,NP1,NP1-Causality,sie,nonamb,"Das Mädchen enttäuschte den Freund, weil sie an dem Vormittag unzuverlässig war und das Versprechen vergaß.",Wen enttäuschte das Mädchen? (den Freund / den Zoologen),disappointed,StimExp,12,3,-2.0,73,unzuverlässig,1.72,13,enttäuschte,0.18,13,75.0,"Das_Mädchen enttäuschte den_Freund,
weil sie an_dem_Vormittag unzuverlässig_war und das_Versprechen vergaß.",Wen enttäuschte das Mädchen?,den Freund,den Zoologen,er,er,F
nonamb,10,25,NP1,NP2-Causality,sie,nonamb,"Der Junge enttäuschte die Freundin, weil sie an dem Vormittag zu anspruchsvoll war und die Erwartungen unerfüllbar.",Wen enttäuschte der Junge? (die Freundin / die Bestatterin),disappointed,StimExp,12,3,-2.0,73,erwartungsvoll,1.28,14,enttäuschte,0.18,13,75.0,"Der_Junge enttäuschte die_Freundin,
weil sie an_dem_Vormittag zu_anspruchsvoll_war und die_Erwartungen unerfüllbar.",Wen enttäuschte der Junge?,die Freundin,die Bestatterin,sie,sie,F
nonamb,10,25,NP1,NP2-Causality,er,nonamb,"Der Junge enttäuschte den Freund, weil er an dem Vormittag zu anspruchsvoll war und die Erwartungen unerfüllbar.",Wen enttäuschte der Junge? (den Freund / den Senioren),disappointed,StimExp,12,3,-2.0,73,erwartungsvoll,1.28,14,enttäuschte,0.18,13,75.0,"Der_Junge enttäuschte den_Freund,
weil er an_dem_Vormittag zu_anspruchsvoll_war und die_Erwartungen unerfüllbar.",Wen enttäuschte der Junge?,den Freund,den Senioren,er,er,F
nonamb,10,25,NP1,NP2-Causality,sie,nonamb,"Das Mädchen enttäuschte die Freundin, weil sie an dem Vormittag zu anspruchsvoll war und die Erwartungen unerfüllbar.",Wen enttäuschte das Mädchen? (die Freundin / die Wissenschaftlerin),disappointed,StimExp,12,3,-2.0,73,erwartungsvoll,1.28,14,enttäuschte,0.18,13,75.0,"Das_Mädchen enttäuschte die_Freundin,
weil sie an_dem_Vormittag zu_anspruchsvoll_war und die_Erwartungen unerfüllbar.",Wen enttäuschte das Mädchen?,die Freundin,die Wissenschaftlerin,sie,sie,F
nonamb,10,25,NP1,NP2-Causality,er,nonamb,"Das Mädchen enttäuschte den Freund, weil er an dem Vormittag zu anspruchsvoll war und die Erwartungen unerfüllbar.",Wen enttäuschte das Mädchen? (den Freund / den Interessenten),disappointed,StimExp,12,3,-2.0,73,erwartungsvoll,1.28,14,enttäuschte,0.18,13,75.0,"Das_Mädchen enttäuschte den_Freund,
weil er an_dem_Vormittag zu_anspruchsvoll_war und die_Erwartungen unerfüllbar.",Wen enttäuschte das Mädchen?,den Freund,den Interessenten,er,er,F
nonamb,9,13,NP1,NP1-Causality,er,nonamb,"Der Redner langweilte die Zuhörerin, weil er an diesem Abend eintönig war und Bekanntes von sich gab.",Was tat der Redner? (langweilte die Zuhörerin / langweilte den Zuhörer),bored,StimExp,5,19,-1.64,73,eintönig,2.38,8,langweilte,0.29,10,75.0,"Der_Redner langweilte die_Zuhörerin,
weil er an_diesem_Abend eintönig_war und Bekanntes von_sich_gab.",Was tat der Redner?,langweilte die Zuhörerin,langweilte den Zuhörer,sie,er,F
nonamb,9,13,NP1,NP1-Causality,er,nonamb,"Der Redner langweilte den Zuhörer, weil er an diesem Abend eintönig war und Bekanntes von sich gab.",Was tat der Redner? (langweilte den Zuhörer / langweilte die Zuhörerin),bored,StimExp,5,19,-1.64,73,eintönig,2.38,8,langweilte,0.29,10,75.0,"Der_Redner langweilte den_Zuhörer,
weil er an_diesem_Abend eintönig_war und Bekanntes von_sich_gab.",Was tat der Redner?,langweilte den Zuhörer,langweilte die Zuhörerin,er,sie,F
nonamb,9,13,NP1,NP1-Causality,sie,nonamb,"Die Rednerin langweilte die Zuhörerin, weil sie an diesem Abend eintönig war und Bekanntes von sich gab.",Was tat die Rednerin? (langweilte die Zuhörerin / langweilte den Zuhörer),bored,StimExp,5,19,-1.64,73,eintönig,2.38,8,langweilte,0.29,10,75.0,"Die_Rednerin langweilte die_Zuhörerin,
weil sie an_diesem_Abend eintönig_war und Bekanntes von_sich_gab.",Was tat die Rednerin?,langweilte die Zuhörerin,langweilte den Zuhörer,sie,er,F
nonamb,9,13,NP1,NP1-Causality,sie,nonamb,"Die Rednerin langweilte den Zuhörer, weil sie an diesem Abend eintönig war und Bekanntes von sich gab.",Was tat die Rednerin? (langweilte den Zuhörer / langweilte die Zuhörerin),bored,StimExp,5,19,-1.64,73,eintönig,2.38,8,langweilte,0.29,10,75.0,"Die_Rednerin langweilte den_Zuhörer,
weil sie an_diesem_Abend eintönig_war und Bekanntes von_sich_gab.",Was tat die Rednerin?,langweilte den Zuhörer,langweilte die Zuhörerin,er,sie,F
nonamb,10,13,NP1,NP2-Causality,sie,nonamb,"Der Redner langweilte die Zuhörerin, weil sie an diesem Abend kritisch war und Anderes erwartete.",Was tat der Redner? (langweilte die Zuhörerin / langweilte den Zuhörer),bored,StimExp,5,19,-1.64,73,skeptisch,10.79,9,langweilte,0.29,10,75.0,"Der_Redner langweilte die_Zuhörerin,
weil sie an_diesem_Abend kritisch_war und Anderes erwartete.",Was tat der Redner?,langweilte die Zuhörerin,langweilte den Zuhörer,sie,er,F
nonamb,10,13,NP1,NP2-Causality,er,nonamb,"Der Redner langweilte den Zuhörer, weil er an diesem Abend kritisch war und Anderes erwartete.",Was tat der Redner? (langweilte den Zuhörer / langweilte die Zuhörerin),bored,StimExp,5,19,-1.64,73,skeptisch,10.79,9,langweilte,0.29,10,75.0,"Der_Redner langweilte den_Zuhörer,
weil er an_diesem_Abend kritisch_war und Anderes erwartete.",Was tat der Redner?,langweilte den Zuhörer,langweilte die Zuhörerin,er,sie,F
nonamb,10,13,NP1,NP2-Causality,sie,nonamb,"Die Rednerin langweilte die Zuhörerin, weil sie an diesem Abend kritisch war und Anderes erwartete.",Was tat die Rednerin? (langweilte die Zuhörerin / langweilte den Zuhörer),bored,StimExp,5,19,-1.64,73,skeptisch,10.79,9,langweilte,0.29,10,75.0,"Die_Rednerin langweilte die_Zuhörerin,
weil sie an_diesem_Abend kritisch_war und Anderes erwartete.",Was tat die Rednerin?,langweilte die Zuhörerin,langweilte den Zuhörer,sie,er,F
nonamb,10,13,NP1,NP2-Causality,er,nonamb,"Die Rednerin langweilte den Zuhörer, weil er an diesem Abend kritisch war und Anderes erwartete.",Was tat die Rednerin? (langweilte den Zuhörer / langweilte die Zuhörerin),bored,StimExp,5,19,-1.64,73,skeptisch,10.79,9,langweilte,0.29,10,75.0,"Die_Rednerin langweilte den_Zuhörer,
weil er an_diesem_Abend kritisch_war und Anderes erwartete.",Was tat die Rednerin?,langweilte den Zuhörer,langweilte die Zuhörerin,er,sie,F
nonamb,9,73,NP1,NP1-Causality,er,nonamb,"Der Musiker begeisterte die Zuhörerin, weil er auf der Tournee extravagant war und Solos spielte.",Wen begeisterte der Musiker? (die Zuhörerin / bei der Mitarbeiterin),wowed,StimExp,5,24,1.82,74,auf Tournee,0.69,10,begeisterte,4.7,11,81.25,"Der_Musiker begeisterte die_Zuhörerin,
weil er auf_der_Tournee extravagant_war und Solos spielte.",Wen begeisterte der Musiker?,die Zuhörerin,bei der Mitarbeiterin,sie,er,F
nonamb,9,73,NP1,NP1-Causality,er,nonamb,"Der Musiker begeisterte den Zuhörer, weil er auf der Tournee extravagant war und Solos spielte.",Wen begeisterte der Musiker? (den Zuhörer / den Herren),wowed,StimExp,5,24,1.82,74,auf Tournee,0.69,10,begeisterte,4.7,11,81.25,"Der_Musiker begeisterte den_Zuhörer,
weil er auf_der_Tournee extravagant_war und Solos spielte.",Wen begeisterte der Musiker?,den Zuhörer,den Herren,er,er,F
nonamb,9,73,NP1,NP1-Causality,sie,nonamb,"Die Musikerin begeisterte die Zuhörerin, weil sie auf der Tournee extravagant war und Solos spielte.",Wen begeisterte die Musikerin? (die Zuhörerin / die Katze),wowed,StimExp,5,24,1.82,74,auf Tournee,0.69,10,begeisterte,4.7,11,81.25,"Die_Musikerin begeisterte die_Zuhörerin,
weil sie auf_der_Tournee extravagant_war und Solos spielte.",Wen begeisterte die Musikerin?,die Zuhörerin,die Katze,sie,sie,F
nonamb,9,73,NP1,NP1-Causality,sie,nonamb,"Die Musikerin begeisterte den Zuhörer, weil sie auf der Tournee extravagant war und Solos spielte.",Wen begeisterte die Musikerin? (den Zuhörer / den Urgroßvater),wowed,StimExp,5,24,1.82,74,auf Tournee,0.69,10,begeisterte,4.7,11,81.25,"Die_Musikerin begeisterte den_Zuhörer,
weil sie auf_der_Tournee extravagant_war und Solos spielte.",Wen begeisterte die Musikerin?,den Zuhörer,den Urgroßvater,er,er,F
nonamb,10,73,NP1,NP2-Causality,sie,nonamb,"Der Musiker begeisterte die Zuhörerin, weil sie auf der Tournee angeheitert war und in der Musik schwelkte.",Wen begeisterte der Musiker? (die Zuhörerin / der Großmutter),wowed,StimExp,5,24,1.82,74,angeheitert,0.15,10,begeisterte,4.7,11,81.25,"Der_Musiker begeisterte die_Zuhörerin,
weil sie auf_der_Tournee angeheitert_war und in_der_Musik schwelkte.",Wen begeisterte der Musiker?,die Zuhörerin,der Großmutter,sie,er,F
nonamb,10,73,NP1,NP2-Causality,er,nonamb,"Der Musiker begeisterte den Zuhörer, weil er auf der Tournee angeheitert war und in der Musik schwelkte.",Wen begeisterte der Musiker? (den Zuhörer / den Feind),wowed,StimExp,5,24,1.82,74,angeheitert,0.15,10,begeisterte,4.7,11,81.25,"Der_Musiker begeisterte den_Zuhörer,
weil er auf_der_Tournee angeheitert_war und in_der_Musik schwelkte.",Wen begeisterte der Musiker?,den Zuhörer,den Feind,er,er,F
nonamb,10,73,NP1,NP2-Causality,sie,nonamb,"Die Musikerin begeisterte die Zuhörerin, weil sie auf der Tournee angeheitert war und in der Musik schwelkte.",Wen begeisterte die Musikerin? (die Zuhörerin / die Schülerin),wowed,StimExp,5,24,1.82,74,angeheitert,0.15,10,begeisterte,4.7,11,81.25,"Die_Musikerin begeisterte die_Zuhörerin,
weil sie auf_der_Tournee angeheitert_war und in_der_Musik schwelkte.",Wen begeisterte die Musikerin?,die Zuhörerin,die Schülerin,sie,sie,F
nonamb,10,73,NP1,NP2-Causality,er,nonamb,"Die Musikerin begeisterte den Zuhörer, weil er auf der Tournee angeheitert war und in der Musik schwelkte.",Wen begeisterte die Musikerin? (den Zuhörer / den Esel),wowed,StimExp,5,24,1.82,74,angeheitert,0.15,10,begeisterte,4.7,11,81.25,"Die_Musikerin begeisterte den_Zuhörer,
weil er auf_der_Tournee angeheitert_war und in_der_Musik schwelkte.",Wen begeisterte die Musikerin?,den Zuhörer,den Esel,er,er,F
nonamb,9,52,NP1,NP1-Causality,er,nonamb,"Der Mönch erschreckte die Teenagerin, weil er bei der Begegnung obskur war und die Stimmung verdunkelte.",Wer war bei der Begegnung obskur? (Der Mönch / die Teenagerin),scared,StimExp,6,0,-2.0,74,fürchterlich,5.74,12,erschreckte,0.5,11,62.5,"Der_Mönch erschreckte die_Teenagerin,
weil er bei_der_Begegnung obskur_war und die_Stimmung verdunkelte.",Wer war bei der Begegnung obskur?,Der Mönch,die Teenagerin,er,sie,F
nonamb,9,52,NP1,NP1-Causality,er,nonamb,"Der Mönch erschreckte den Teenager, weil er bei der Begegnung obskur war und die Stimmung verdunkelte.",Wer war bei der Begegnung obskur? (Der Mönch / den Teenager),scared,StimExp,6,0,-2.0,74,fürchterlich,5.74,12,erschreckte,0.5,11,62.5,"Der_Mönch erschreckte den_Teenager,
weil er bei_der_Begegnung obskur_war und die_Stimmung verdunkelte.",Wer war bei der Begegnung obskur?,Der Mönch,den Teenager,er,er,F
nonamb,9,52,NP1,NP1-Causality,sie,nonamb,"Die Nonne erschreckte die Teenagerin, weil sie bei der Begegnung obskur war und die Stimmung verdunkelte.",Wer war bei der Begegnung obskur? (Die Nonne / die Teenagerin),scared,StimExp,6,0,-2.0,74,fürchterlich,5.74,12,erschreckte,0.5,11,62.5,"Die_Nonne erschreckte die_Teenagerin,
weil sie bei_der_Begegnung obskur_war und die_Stimmung verdunkelte.",Wer war bei der Begegnung obskur?,Die Nonne,die Teenagerin,sie,sie,F
nonamb,9,52,NP1,NP1-Causality,sie,nonamb,"Die Nonne erschreckte den Teenager, weil sie bei der Begegnung obskur war und die Stimmung verdunkelte.",Wer war bei der Begegnung obskur? (Die Nonne / den Teenager),scared,StimExp,6,0,-2.0,74,fürchterlich,5.74,12,erschreckte,0.5,11,62.5,"Die_Nonne erschreckte den_Teenager,
weil sie bei_der_Begegnung obskur_war und die_Stimmung verdunkelte.",Wer war bei der Begegnung obskur?,Die Nonne,den Teenager,sie,er,F
nonamb,10,52,NP1,NP2-Causality,sie,nonamb,"Der Mönch erschreckte die Teenagerin, weil sie bei der Begegnung ängstlich war und Panik verspürte.",Wer war bei der Begegnung ängstlich? (Der Mönch / die Teenagerin),scared,StimExp,6,0,-2.0,74,ängstlich,7.09,9,erschreckte,0.5,11,62.5,"Der_Mönch erschreckte die_Teenagerin,
weil sie bei_der_Begegnung ängstlich_war und Panik verspürte.",Wer war bei der Begegnung ängstlich?,Der Mönch,die Teenagerin,er,sie,J
nonamb,10,52,NP1,NP2-Causality,er,nonamb,"Der Mönch erschreckte den Teenager, weil er bei der Begegnung ängstlich war und Panik verspürte.",Wer war bei der Begegnung ängstlich? (Der Mönch / den Teenager),scared,StimExp,6,0,-2.0,74,ängstlich,7.09,9,erschreckte,0.5,11,62.5,"Der_Mönch erschreckte den_Teenager,
weil er bei_der_Begegnung ängstlich_war und Panik verspürte.",Wer war bei der Begegnung ängstlich?,Der Mönch,den Teenager,er,er,J
nonamb,10,52,NP1,NP2-Causality,sie,nonamb,"Die Nonne erschreckte die Teenagerin, weil sie bei der Begegnung ängstlich war und Panik verspürte.",Wer war bei der Begegnung ängstlich? (Die Nonne / die Teenagerin),scared,StimExp,6,0,-2.0,74,ängstlich,7.09,9,erschreckte,0.5,11,62.5,"Die_Nonne erschreckte die_Teenagerin,
weil sie bei_der_Begegnung ängstlich_war und Panik verspürte.",Wer war bei der Begegnung ängstlich?,Die Nonne,die Teenagerin,sie,sie,J
nonamb,10,52,NP1,NP2-Causality,er,nonamb,"Die Nonne erschreckte den Teenager, weil er bei der Begegnung ängstlich war und Panik verspürte.",Wer war bei der Begegnung ängstlich? (Die Nonne / den Teenager),scared,StimExp,6,0,-2.0,74,ängstlich,7.09,9,erschreckte,0.5,11,62.5,"Die_Nonne erschreckte den_Teenager,
weil er bei_der_Begegnung ängstlich_war und Panik verspürte.",Wer war bei der Begegnung ängstlich?,Die Nonne,den Teenager,sie,er,J
nonamb,9,94,NP1,NP1-Causality,er,nonamb,"Der Sünder gestand der Priesterin, weil er am Tag zuvor frevelhaft gewesen war und Absolution suchte.",Wer war am Tag zuvor frevelhaft gewesen? (Der Sünder / der Priesterin),confessed to,AgP,9,92,-0.64,74,schuldig,15.04,8,gestand,2.4,7,93.75,"Der_Sünder gestand der_Priesterin,
weil er am_Tag_zuvor frevelhaft_gewesen_war und Absolution suchte.",Wer war am Tag zuvor frevelhaft gewesen?,Der Sünder,der Priesterin,er,er,F
nonamb,9,94,NP1,NP1-Causality,er,nonamb,"Der Sünder gestand dem Priester, weil er am Tag zuvor frevelhaft gewesen war und Absolution suchte.",Wer war am Tag zuvor frevelhaft gewesen? (Der Sünder / dem Priester),confessed to,AgP,9,92,-0.64,74,schuldig,15.04,8,gestand,2.4,7,93.75,"Der_Sünder gestand dem_Priester,
weil er am_Tag_zuvor frevelhaft_gewesen_war und Absolution suchte.",Wer war am Tag zuvor frevelhaft gewesen?,Der Sünder,dem Priester,er,er,F
nonamb,9,94,NP1,NP1-Causality,sie,nonamb,"Die Sünderin gestand der Priesterin, weil sie am Tag zuvor frevelhaft gewesen war und Absolution suchte.",Wer war am Tag zuvor frevelhaft gewesen? (Die Sünderin / der Priesterin),confessed to,AgP,9,92,-0.64,74,schuldig,15.04,8,gestand,2.4,7,93.75,"Die_Sünderin gestand der_Priesterin,
weil sie am_Tag_zuvor frevelhaft_gewesen_war und Absolution suchte.",Wer war am Tag zuvor frevelhaft gewesen?,Die Sünderin,der Priesterin,sie,er,F
nonamb,9,94,NP1,NP1-Causality,sie,nonamb,"Die Sünderin gestand dem Priester, weil sie am Tag zuvor frevelhaft gewesen war und Absolution suchte.",Wer war am Tag zuvor frevelhaft gewesen? (Die Sünderin / dem Priester),confessed to,AgP,9,92,-0.64,74,schuldig,15.04,8,gestand,2.4,7,93.75,"Die_Sünderin gestand dem_Priester,
weil sie am_Tag_zuvor frevelhaft_gewesen_war und Absolution suchte.",Wer war am Tag zuvor frevelhaft gewesen?,Die Sünderin,dem Priester,sie,er,F
nonamb,10,94,NP1,NP2-Causality,sie,nonamb,"Der Sünder gestand der Priesterin, weil sie am Tag zuvor vertrauenswürdig war und Nachsicht signalisierte.",Wer war am Tag zuvor vertrauenswürdig? (Der Sünder / der Priesterin),confessed to,AgP,9,92,-0.64,74,vertrauenswürdig,1.98,16,gestand,2.4,7,93.75,"Der_Sünder gestand der_Priesterin,
weil sie am_Tag_zuvor vertrauenswürdig_war und Nachsicht signalisierte.",Wer war am Tag zuvor vertrauenswürdig?,Der Sünder,der Priesterin,er,er,J
nonamb,10,94,NP1,NP2-Causality,er,nonamb,"Der Sünder gestand dem Priester, weil er am Tag zuvor vertrauenswürdig war und Nachsicht signalisierte.",Wer war am Tag zuvor vertrauenswürdig? (Der Sünder / dem Priester),confessed to,AgP,9,92,-0.64,74,vertrauenswürdig,1.98,16,gestand,2.4,7,93.75,"Der_Sünder gestand dem_Priester,
weil er am_Tag_zuvor vertrauenswürdig_war und Nachsicht signalisierte.",Wer war am Tag zuvor vertrauenswürdig?,Der Sünder,dem Priester,er,er,J
nonamb,10,94,NP1,NP2-Causality,sie,nonamb,"Die Sünderin gestand der Priesterin, weil sie am Tag zuvor vertrauenswürdig war und Nachsicht signalisierte.",Wer war am Tag zuvor vertrauenswürdig? (Die Sünderin / der Priesterin),confessed to,AgP,9,92,-0.64,74,vertrauenswürdig,1.98,16,gestand,2.4,7,93.75,"Die_Sünderin gestand der_Priesterin,
weil sie am_Tag_zuvor vertrauenswürdig_war und Nachsicht signalisierte.",Wer war am Tag zuvor vertrauenswürdig?,Die Sünderin,der Priesterin,sie,er,J
nonamb,10,94,NP1,NP2-Causality,er,nonamb,"Die Sünderin gestand dem Priester, weil er am Tag zuvor vertrauenswürdig war und Nachsicht signalisierte.",Wer war am Tag zuvor vertrauenswürdig? (Die Sünderin / dem Priester),confessed to,AgP,9,92,-0.64,74,vertrauenswürdig,1.98,16,gestand,2.4,7,93.75,"Die_Sünderin gestand dem_Priester,
weil er am_Tag_zuvor vertrauenswürdig_war und Nachsicht signalisierte.",Wer war am Tag zuvor vertrauenswürdig?,Die Sünderin,dem Priester,sie,er,J
nonamb,9,97,NP1,NP1-Causality,er,nonamb,"Der Sohn verstimmte die Mutter, weil er an dem Sonntag unfolgsam war und Regeln brach.",Was brach er? (Regeln / Tränen),exasperated,StimExp,11,3,-1.64,74,unfolgsam,0.03,9,verstimmte,0.02,22,75.0,"Der_Sohn verstimmte die_Mutter,
weil er an_dem_Sonntag unfolgsam_war und Regeln brach.",Was brach er?,Regeln,Tränen,er,er,F
nonamb,9,97,NP1,NP1-Causality,er,nonamb,"Der Sohn verstimmte den Vater, weil er an dem Sonntag unfolgsam war und Regeln brach.",Was brach er? (Regeln / Tränen),exasperated,StimExp,11,3,-1.64,74,unfolgsam,0.03,9,verstimmte,0.02,22,75.0,"Der_Sohn verstimmte den_Vater,
weil er an_dem_Sonntag unfolgsam_war und Regeln brach.",Was brach er?,Regeln,Tränen,er,er,F
nonamb,9,97,NP1,NP1-Causality,sie,nonamb,"Die Tochter verstimmte die Mutter, weil sie an dem Sonntag unfolgsam war und Regeln brach.",Was brach sie? (Regeln / Tränen),exasperated,StimExp,11,3,-1.64,74,unfolgsam,0.03,9,verstimmte,0.02,22,75.0,"Die_Tochter verstimmte die_Mutter,
weil sie an_dem_Sonntag unfolgsam_war und Regeln brach.",Was brach sie?,Regeln,Tränen,er,er,F
nonamb,9,97,NP1,NP1-Causality,sie,nonamb,"Die Tochter verstimmte den Vater, weil sie an dem Sonntag unfolgsam war und Regeln brach.",Was brach sie? (Regeln / Tränen),exasperated,StimExp,11,3,-1.64,74,unfolgsam,0.03,9,verstimmte,0.02,22,75.0,"Die_Tochter verstimmte den_Vater,
weil sie an_dem_Sonntag unfolgsam_war und Regeln brach.",Was brach sie?,Regeln,Tränen,er,er,F
nonamb,10,97,NP1,NP2-Causality,sie,nonamb,"Der Sohn verstimmte die Mutter, weil sie an dem Sonntag gestresst war und Gäste erwartete.",Was erwartete sie? (Gäste / Tränen),exasperated,StimExp,11,3,-1.64,74,überfürsorglich,1.5,11,verstimmte,0.02,22,75.0,"Der_Sohn verstimmte die_Mutter,
weil sie an_dem_Sonntag gestresst_war und Gäste erwartete.",Was erwartete sie?,Gäste,Tränen,er,er,F
nonamb,10,97,NP1,NP2-Causality,er,nonamb,"Der Sohn verstimmte den Vater, weil er an dem Sonntag gestresst war und Gäste erwartete.",Was erwartete er? (Gäste / Tränen),exasperated,StimExp,11,3,-1.64,74,überfürsorglich,1.5,11,verstimmte,0.02,22,75.0,"Der_Sohn verstimmte den_Vater,
weil er an_dem_Sonntag gestresst_war und Gäste erwartete.",Was erwartete er?,Gäste,Tränen,er,er,F
nonamb,10,97,NP1,NP2-Causality,sie,nonamb,"Die Tochter verstimmte die Mutter, weil sie an dem Sonntag gestresst war und Gäste erwartete.",Was erwartete sie? (Gäste / Tränen),exasperated,StimExp,11,3,-1.64,74,überfürsorglich,1.5,11,verstimmte,0.02,22,75.0,"Die_Tochter verstimmte die_Mutter,
weil sie an_dem_Sonntag gestresst_war und Gäste erwartete.",Was erwartete sie?,Gäste,Tränen,er,er,F
nonamb,10,97,NP1,NP2-Causality,er,nonamb,"Die Tochter verstimmte den Vater, weil er an dem Sonntag gestresst war und Gäste erwartete.",Was erwartete er? (Gäste / Tränen),exasperated,StimExp,11,3,-1.64,74,überfürsorglich,1.5,11,verstimmte,0.02,22,75.0,"Die_Tochter verstimmte den_Vater,
weil er an_dem_Sonntag gestresst_war und Gäste erwartete.",Was erwartete er?,Gäste,Tränen,er,er,F
nonamb,9,61,NP1,NP1-Causality,er,nonamb,"Der Bruder verriet die Kollegin, weil er zu dieser Zeit rachsüchtig war und Genugtuung wünschte.",Was tat der Bruder? (verriet die Kollegin / verriet den Kollegen),betrayed,AgP,8,7,-2.45,74,rachsüchtig,0.43,11,verriet,2.09,7,50.0,"Der_Bruder verriet die_Kollegin,
weil er zu_dieser_Zeit rachsüchtig_war und Genugtuung wünschte.",Was tat der Bruder?,verriet die Kollegin,verriet den Kollegen,sie,er,F
nonamb,9,61,NP1,NP1-Causality,er,nonamb,"Der Bruder verriet den Kollegen, weil er zu dieser Zeit rachsüchtig war und Genugtuung wünschte.",Was tat der Bruder? (verriet den Kollegen / verriet die Kollegin),betrayed,AgP,8,7,-2.45,74,rachsüchtig,0.43,11,verriet,2.09,7,50.0,"Der_Bruder verriet den_Kollegen,
weil er zu_dieser_Zeit rachsüchtig_war und Genugtuung wünschte.",Was tat der Bruder?,verriet den Kollegen,verriet die Kollegin,er,sie,F
nonamb,9,61,NP1,NP1-Causality,sie,nonamb,"Die Schwester verriet die Kollegin, weil sie zu dieser Zeit rachsüchtig war und Genugtuung wünschte.",Was tat die Schwester? (verriet die Kollegin / verriet den Kollegen),betrayed,AgP,8,7,-2.45,74,rachsüchtig,0.43,11,verriet,2.09,7,50.0,"Die_Schwester verriet die_Kollegin,
weil sie zu_dieser_Zeit rachsüchtig_war und Genugtuung wünschte.",Was tat die Schwester?,verriet die Kollegin,verriet den Kollegen,sie,er,F
nonamb,9,61,NP1,NP1-Causality,sie,nonamb,"Die Schwester verriet den Kollegen, weil sie zu dieser Zeit rachsüchtig war und Genugtuung wünschte.",Was tat die Schwester? (verriet den Kollegen / verriet die Kollegin),betrayed,AgP,8,7,-2.45,74,rachsüchtig,0.43,11,verriet,2.09,7,50.0,"Die_Schwester verriet den_Kollegen,
weil sie zu_dieser_Zeit rachsüchtig_war und Genugtuung wünschte.",Was tat die Schwester?,verriet den Kollegen,verriet die Kollegin,er,sie,F
nonamb,10,61,NP1,NP2-Causality,sie,nonamb,"Der Bruder verriet die Kollegin, weil sie zu dieser Zeit untreu war und Vereinbarungen misachtete.",Was tat der Bruder? (verriet die Kollegin / verriet den Kollegen),betrayed,AgP,8,7,-2.45,74,schuldig,15.04,8,verriet,2.09,7,50.0,"Der_Bruder verriet die_Kollegin,
weil sie zu_dieser_Zeit untreu_war und Vereinbarungen misachtete.",Was tat der Bruder?,verriet die Kollegin,verriet den Kollegen,sie,er,F
nonamb,10,61,NP1,NP2-Causality,er,nonamb,"Der Bruder verriet den Kollegen, weil er zu dieser Zeit untreu war und Vereinbarungen misachtete.",Was tat der Bruder? (verriet den Kollegen / verriet die Kollegin),betrayed,AgP,8,7,-2.45,74,schuldig,15.04,8,verriet,2.09,7,50.0,"Der_Bruder verriet den_Kollegen,
weil er zu_dieser_Zeit untreu_war und Vereinbarungen misachtete.",Was tat der Bruder?,verriet den Kollegen,verriet die Kollegin,er,sie,F
nonamb,10,61,NP1,NP2-Causality,sie,nonamb,"Die Schwester verriet die Kollegin, weil sie zu dieser Zeit untreu war und Vereinbarungen misachtete.",Was tat die Schwester? (verriet die Kollegin / verriet den Kollegen),betrayed,AgP,8,7,-2.45,74,schuldig,15.04,8,verriet,2.09,7,50.0,"Die_Schwester verriet die_Kollegin,
weil sie zu_dieser_Zeit untreu_war und Vereinbarungen misachtete.",Was tat die Schwester?,verriet die Kollegin,verriet den Kollegen,sie,er,F
nonamb,10,61,NP1,NP2-Causality,er,nonamb,"Die Schwester verriet den Kollegen, weil er zu dieser Zeit untreu war und Vereinbarungen misachtete.",Was tat die Schwester? (verriet den Kollegen / verriet die Kollegin),betrayed,AgP,8,7,-2.45,74,schuldig,15.04,8,verriet,2.09,7,50.0,"Die_Schwester verriet den_Kollegen,
weil er zu_dieser_Zeit untreu_war und Vereinbarungen misachtete.",Was tat die Schwester?,verriet den Kollegen,verriet die Kollegin,er,sie,F
nonamb,9,39,NP1,NP1-Causality,er,nonamb,"Der Schüler erzürnte die Zauberin, weil er am frühen Morgen renitent war und Ungehorsamkeit zeigte.",Wer erzürnte die Zauberin? (Der Schüler / Der Redner),infuriated,StimExp,10,1,-2.45,75,ungehorsam,4.02,10,erzürnte,0.02,12,87.5,"Der_Schüler erzürnte die_Zauberin,
weil er am_frühen_Morgen renitent_war und Ungehorsamkeit zeigte.",Wer erzürnte die Zauberin?,Der Schüler,Der Redner,er,er,F
nonamb,9,39,NP1,NP1-Causality,er,nonamb,"Der Schüler erzürnte den Zauberer, weil er am frühen Morgen renitent war und Ungehorsamkeit zeigte.",Wer erzürnte den Zauberer? (Der Schüler / Der Leiter),infuriated,StimExp,10,1,-2.45,75,ungehorsam,4.02,10,erzürnte,0.02,12,87.5,"Der_Schüler erzürnte den_Zauberer,
weil er am_frühen_Morgen renitent_war und Ungehorsamkeit zeigte.",Wer erzürnte den Zauberer?,Der Schüler,Der Leiter,er,er,F
nonamb,9,39,NP1,NP1-Causality,sie,nonamb,"Die Schülerin erzürnte die Zauberin, weil sie am frühen Morgen renitent war und Ungehorsamkeit zeigte.",Wer erzürnte die Zauberin? (Die Schülerin / Die Leistungssportlerin),infuriated,StimExp,10,1,-2.45,75,ungehorsam,4.02,10,erzürnte,0.02,12,87.5,"Die_Schülerin erzürnte die_Zauberin,
weil sie am_frühen_Morgen renitent_war und Ungehorsamkeit zeigte.",Wer erzürnte die Zauberin?,Die Schülerin,Die Leistungssportlerin,sie,sie,F
nonamb,9,39,NP1,NP1-Causality,sie,nonamb,"Die Schülerin erzürnte den Zauberer, weil sie am frühen Morgen renitent war und Ungehorsamkeit zeigte.",Wer erzürnte den Zauberer? (Die Schülerin / Die Jugendbetreuerin),infuriated,StimExp,10,1,-2.45,75,ungehorsam,4.02,10,erzürnte,0.02,12,87.5,"Die_Schülerin erzürnte den_Zauberer,
weil sie am_frühen_Morgen renitent_war und Ungehorsamkeit zeigte.",Wer erzürnte den Zauberer?,Die Schülerin,Die Jugendbetreuerin,sie,sie,F
nonamb,10,39,NP1,NP2-Causality,sie,nonamb,"Der Schüler erzürnte die Zauberin, weil sie am frühen Morgen reizbar war und Wiederstand wahrnahm.",Wer erzürnte die Zauberin? (Der Schüler / Der Schamane),infuriated,StimExp,10,1,-2.45,75,anspruchsvoll,15.15,13,erzürnte,0.02,12,87.5,"Der_Schüler erzürnte die_Zauberin,
weil sie am_frühen_Morgen reizbar_war und Wiederstand wahrnahm.",Wer erzürnte die Zauberin?,Der Schüler,Der Schamane,er,er,F
nonamb,10,39,NP1,NP2-Causality,er,nonamb,"Der Schüler erzürnte den Zauberer, weil er am frühen Morgen reizbar war und Wiederstand wahrnahm.",Wer erzürnte den Zauberer? (Der Schüler / Der Kaiser),infuriated,StimExp,10,1,-2.45,75,anspruchsvoll,15.15,13,erzürnte,0.02,12,87.5,"Der_Schüler erzürnte den_Zauberer,
weil er am_frühen_Morgen reizbar_war und Wiederstand wahrnahm.",Wer erzürnte den Zauberer?,Der Schüler,Der Kaiser,er,er,F
nonamb,10,39,NP1,NP2-Causality,sie,nonamb,"Die Schülerin erzürnte die Zauberin, weil sie am frühen Morgen reizbar war und Wiederstand wahrnahm.",Wer erzürnte die Zauberin? (Die Schülerin / Die Judokämpferin),infuriated,StimExp,10,1,-2.45,75,anspruchsvoll,15.15,13,erzürnte,0.02,12,87.5,"Die_Schülerin erzürnte die_Zauberin,
weil sie am_frühen_Morgen reizbar_war und Wiederstand wahrnahm.",Wer erzürnte die Zauberin?,Die Schülerin,Die Judokämpferin,sie,sie,F
nonamb,10,39,NP1,NP2-Causality,er,nonamb,"Die Schülerin erzürnte den Zauberer, weil er am frühen Morgen reizbar war und Wiederstand wahrnahm.",Wer erzürnte den Zauberer? (Die Schülerin / Die Kellnerin),infuriated,StimExp,10,1,-2.45,75,anspruchsvoll,15.15,13,erzürnte,0.02,12,87.5,"Die_Schülerin erzürnte den_Zauberer,
weil er am_frühen_Morgen reizbar_war und Wiederstand wahrnahm.",Wer erzürnte den Zauberer?,Die Schülerin,Die Kellnerin,sie,sie,F
nonamb,9,40,NP1,NP1-Causality,er,nonamb,"Der Fürsprecher intrigierte die Lehrerin, weil er seit kurzer Zeit populistisch war und Stimmungen schürte.",Wen intrigierte der Fürsprecher? (die Lehrerin / die Frau),intrigued,StimExp,9,17,1.45,76,populistisch,0.63,12,intrigierte,0.02,9,81.25,"Der_Fürsprecher intrigierte die_Lehrerin,
weil er seit_kurzer_Zeit populistisch_war und Stimmungen schürte.",Wen intrigierte der Fürsprecher?,die Lehrerin,die Frau,sie,sie,F
nonamb,9,40,NP1,NP1-Causality,er,nonamb,"Der Fürsprecher intrigierte den Lehrer, weil er seit kurzer Zeit populistisch war und Stimmungen schürte.",Wen intrigierte der Fürsprecher? (den Lehrer / den Rivalen),intrigued,StimExp,9,17,1.45,76,populistisch,0.63,12,intrigierte,0.02,9,81.25,"Der_Fürsprecher intrigierte den_Lehrer,
weil er seit_kurzer_Zeit populistisch_war und Stimmungen schürte.",Wen intrigierte der Fürsprecher?,den Lehrer,den Rivalen,er,er,F
nonamb,9,40,NP1,NP1-Causality,sie,nonamb,"Die Führsprecherin intrigierte die Lehrerin, weil sie seit kurzer Zeit populistisch war und Stimmungen schürte.",Wen intrigierte die Führsprecherin? (die Lehrerin / die Randaliererin),intrigued,StimExp,9,17,1.45,76,populistisch,0.63,12,intrigierte,0.02,9,81.25,"Die_Führsprecherin intrigierte die_Lehrerin,
weil sie seit_kurzer_Zeit populistisch_war und Stimmungen schürte.",Wen intrigierte die Führsprecherin?,die Lehrerin,die Randaliererin,sie,sie,F
nonamb,9,40,NP1,NP1-Causality,sie,nonamb,"Die Führsprecherin intrigierte den Lehrer, weil sie seit kurzer Zeit populistisch war und Stimmungen schürte.",Wen intrigierte die Führsprecherin? (den Lehrer / den Chef),intrigued,StimExp,9,17,1.45,76,populistisch,0.63,12,intrigierte,0.02,9,81.25,"Die_Führsprecherin intrigierte den_Lehrer,
weil sie seit_kurzer_Zeit populistisch_war und Stimmungen schürte.",Wen intrigierte die Führsprecherin?,den Lehrer,den Chef,er,er,F
nonamb,10,40,NP1,NP2-Causality,sie,nonamb,"Der Fürsprecher intrigierte die Lehrerin, weil sie seit kurzer Zeit beeinflussbar war und Alternativen suchte.",Wen intrigierte der Fürsprecher? (die Lehrerin / die Politikerin),intrigued,StimExp,9,17,1.45,76,beeinflussbar,0.57,13,intrigierte,0.02,9,81.25,"Der_Fürsprecher intrigierte die_Lehrerin,
weil sie seit_kurzer_Zeit beeinflussbar_war und Alternativen suchte.",Wen intrigierte der Fürsprecher?,die Lehrerin,die Politikerin,sie,sie,F
nonamb,10,40,NP1,NP2-Causality,er,nonamb,"Der Fürsprecher intrigierte den Lehrer, weil er seit kurzer Zeit beeinflussbar war und Alternativen suchte.",Wen intrigierte der Fürsprecher? (den Lehrer / den Dieb),intrigued,StimExp,9,17,1.45,76,beeinflussbar,0.57,13,intrigierte,0.02,9,81.25,"Der_Fürsprecher intrigierte den_Lehrer,
weil er seit_kurzer_Zeit beeinflussbar_war und Alternativen suchte.",Wen intrigierte der Fürsprecher?,den Lehrer,den Dieb,er,er,F
nonamb,10,40,NP1,NP2-Causality,sie,nonamb,"Die Führsprecherin intrigierte die Lehrerin, weil sie seit kurzer Zeit beeinflussbar war und Alternativen suchte.",Wen intrigierte die Führsprecherin? (die Lehrerin / die Soldatin),intrigued,StimExp,9,17,1.45,76,beeinflussbar,0.57,13,intrigierte,0.02,9,81.25,"Die_Führsprecherin intrigierte die_Lehrerin,
weil sie seit_kurzer_Zeit beeinflussbar_war und Alternativen suchte.",Wen intrigierte die Führsprecherin?,die Lehrerin,die Soldatin,sie,sie,F
nonamb,10,40,NP1,NP2-Causality,er,nonamb,"Die Führsprecherin intrigierte den Lehrer, weil er seit kurzer Zeit beeinflussbar war und Alternativen suchte.",Wen intrigierte die Führsprecherin? (den Lehrer / den Esel),intrigued,StimExp,9,17,1.45,76,beeinflussbar,0.57,13,intrigierte,0.02,9,81.25,"Die_Führsprecherin intrigierte den_Lehrer,
weil er seit_kurzer_Zeit beeinflussbar_war und Alternativen suchte.",Wen intrigierte die Führsprecherin?,den Lehrer,den Esel,er,er,F
nonamb,9,88,NP1,NP1-Causality,er,nonamb,"Der Sohn sorgte sich um die Mutter, weil er seit Längerem fachkundig war und Krankheiten kannte.",Wer sorgte sich um die Mutter? (Der Sohn / Der Polizist),worried,StimExp,7,4,-1.82,76,fachkundig,4.0,10,sorgte sich um ,12.03,6,43.75,"Der_Sohn sorgte_sich_um die_Mutter,
weil er seit_Längerem fachkundig_war und Krankheiten kannte.",Wer sorgte sich um die Mutter?,Der Sohn,Der Polizist,er,er,F
nonamb,9,88,NP1,NP1-Causality,er,nonamb,"Der Sohn sorgte sich um den Vater, weil er seit Längerem fachkundig war und Krankheiten kannte.",Wer sorgte sich um den Vater? (Der Sohn / Der Kommissar),worried,StimExp,7,4,-1.82,76,fachkundig,4.0,10,sorgte sich um ,12.03,6,43.75,"Der_Sohn sorgte_sich_um den_Vater,
weil er seit_Längerem fachkundig_war und Krankheiten kannte.",Wer sorgte sich um den Vater?,Der Sohn,Der Kommissar,er,er,F
nonamb,9,88,NP1,NP1-Causality,sie,nonamb,"Die Tochter sorgte sich um die Mutter, weil sie seit Längerem fachkundig war und Krankheiten kannte.",Wer sorgte sich um die Mutter? (Die Tochter / Die Verwandte),worried,StimExp,7,4,-1.82,76,fachkundig,4.0,10,sorgte sich um ,12.03,6,43.75,"Die_Tochter sorgte_sich_um die_Mutter,
weil sie seit_Längerem fachkundig_war und Krankheiten kannte.",Wer sorgte sich um die Mutter?,Die Tochter,Die Verwandte,sie,sie,F
nonamb,9,88,NP1,NP1-Causality,sie,nonamb,"Die Tochter sorgte sich um den Vater, weil sie seit Längerem fachkundig war und Krankheiten kannte.",Wer sorgte sich um den Vater? (Die Tochter / Die Gutsherrin),worried,StimExp,7,4,-1.82,76,fachkundig,4.0,10,sorgte sich um ,12.03,6,43.75,"Die_Tochter sorgte_sich_um den_Vater,
weil sie seit_Längerem fachkundig_war und Krankheiten kannte.",Wer sorgte sich um den Vater?,Die Tochter,Die Gutsherrin,sie,sie,F
nonamb,10,88,NP1,NP2-Causality,sie,nonamb,"Der Sohn sorgte sich um die Mutter, weil sie seit Längerem angeschlagen war und die Gesundheit litt.",Wer sorgte sich um die Mutter? (Der Sohn / Der Richter),worried,StimExp,7,4,-1.82,76,angeschlagen,5.13,12,sorgte sich um ,12.03,6,43.75,"Der_Sohn sorgte_sich_um die_Mutter,
weil sie seit_Längerem angeschlagen_war und die_Gesundheit litt.",Wer sorgte sich um die Mutter?,Der Sohn,Der Richter,er,er,F
nonamb,10,88,NP1,NP2-Causality,er,nonamb,"Der Sohn sorgte sich um den Vater, weil er seit Längerem angeschlagen war und die Gesundheit litt.",Wer sorgte sich um den Vater? (Der Sohn / Der Verkäufer),worried,StimExp,7,4,-1.82,76,angeschlagen,5.13,12,sorgte sich um ,12.03,6,43.75,"Der_Sohn sorgte_sich_um den_Vater,
weil er seit_Längerem angeschlagen_war und die_Gesundheit litt.",Wer sorgte sich um den Vater?,Der Sohn,Der Verkäufer,er,er,F
nonamb,10,88,NP1,NP2-Causality,sie,nonamb,"Die Tochter sorgte sich um die Mutter, weil sie seit Längerem angeschlagen war und die Gesundheit litt.",Wer sorgte sich um die Mutter? (Die Tochter / Die Hilfsarbeiterin),worried,StimExp,7,4,-1.82,76,angeschlagen,5.13,12,sorgte sich um ,12.03,6,43.75,"Die_Tochter sorgte_sich_um die_Mutter,
weil sie seit_Längerem angeschlagen_war und die_Gesundheit litt.",Wer sorgte sich um die Mutter?,Die Tochter,Die Hilfsarbeiterin,sie,sie,F
nonamb,10,88,NP1,NP2-Causality,er,nonamb,"Die Tochter sorgte sich um den Vater, weil er seit Längerem angeschlagen war und die Gesundheit litt.",Wer sorgte sich um den Vater? (Die Tochter / Die Anwohnerin),worried,StimExp,7,4,-1.82,76,angeschlagen,5.13,12,sorgte sich um ,12.03,6,43.75,"Die_Tochter sorgte_sich_um den_Vater,
weil er seit_Längerem angeschlagen_war und die_Gesundheit litt.",Wer sorgte sich um den Vater?,Die Tochter,Die Anwohnerin,sie,sie,F
nonamb,9,112,NP1,NP1-Causality,er,nonamb,"Der Tänzer verzückte die Zuschauerin, weil er bei dem Auftritt wunderschön war und das Publikum fesselte.",Was fesselte er? (das Publikum / Ideen),entranced,StimExp,9,9,0.55,76,wunderschön,23.36,11,verzückte,0.07,9,50.0,"Der_Tänzer verzückte die_Zuschauerin,
weil er bei_dem_Auftritt wunderschön_war und das_Publikum fesselte.",Was fesselte er?,das Publikum,Ideen,er,er,F
nonamb,9,112,NP1,NP1-Causality,er,nonamb,"Der Tänzer verzückte den Zuschauer, weil er bei dem Auftritt wunderschön war und das Publikum fesselte.",Was fesselte er? (das Publikum / Ideen),entranced,StimExp,9,9,0.55,76,wunderschön,23.36,11,verzückte,0.07,9,50.0,"Der_Tänzer verzückte den_Zuschauer,
weil er bei_dem_Auftritt wunderschön_war und das_Publikum fesselte.",Was fesselte er?,das Publikum,Ideen,er,er,F
nonamb,9,112,NP1,NP1-Causality,sie,nonamb,"Die Tänzerin verzückte die Zuschauerin, weil sie bei dem Auftritt wunderschön war und das Publikum fesselte.",Was fesselte sie? (das Publikum / Ideen),entranced,StimExp,9,9,0.55,76,wunderschön,23.36,11,verzückte,0.07,9,50.0,"Die_Tänzerin verzückte die_Zuschauerin,
weil sie bei_dem_Auftritt wunderschön_war und das_Publikum fesselte.",Was fesselte sie?,das Publikum,Ideen,er,er,F
nonamb,9,112,NP1,NP1-Causality,sie,nonamb,"Die Tänzerin verzückte den Zuschauer, weil sie bei dem Auftritt wunderschön war und das Publikum fesselte.",Was fesselte sie? (das Publikum / Ideen),entranced,StimExp,9,9,0.55,76,wunderschön,23.36,11,verzückte,0.07,9,50.0,"Die_Tänzerin verzückte den_Zuschauer,
weil sie bei_dem_Auftritt wunderschön_war und das_Publikum fesselte.",Was fesselte sie?,das Publikum,Ideen,er,er,F
nonamb,10,112,NP1,NP2-Causality,sie,nonamb,"Der Tänzer verzückte die Zuschauerin, weil sie bei dem Auftritt einsam war und Sehnsucht hatte.",Was hatte sie? (Sehnsucht / Ideen),entranced,StimExp,9,9,0.55,76,überrascht,21.94,10,verzückte,0.07,9,50.0,"Der_Tänzer verzückte die_Zuschauerin,
weil sie bei_dem_Auftritt einsam_war und Sehnsucht hatte.",Was hatte sie?,Sehnsucht,Ideen,er,er,F
nonamb,10,112,NP1,NP2-Causality,er,nonamb,"Der Tänzer verzückte den Zuschauer, weil er bei dem Auftritt einsam war und Sehnsucht hatte.",Was hatte er? (Sehnsucht / Ideen),entranced,StimExp,9,9,0.55,76,überrascht,21.94,10,verzückte,0.07,9,50.0,"Der_Tänzer verzückte den_Zuschauer,
weil er bei_dem_Auftritt einsam_war und Sehnsucht hatte.",Was hatte er?,Sehnsucht,Ideen,er,er,F
nonamb,10,112,NP1,NP2-Causality,sie,nonamb,"Die Tänzerin verzückte die Zuschauerin, weil sie bei dem Auftritt einsam war und Sehnsucht hatte.",Was hatte sie? (Sehnsucht / Ideen),entranced,StimExp,9,9,0.55,76,überrascht,21.94,10,verzückte,0.07,9,50.0,"Die_Tänzerin verzückte die_Zuschauerin,
weil sie bei_dem_Auftritt einsam_war und Sehnsucht hatte.",Was hatte sie?,Sehnsucht,Ideen,er,er,F
nonamb,10,112,NP1,NP2-Causality,er,nonamb,"Die Tänzerin verzückte den Zuschauer, weil er bei dem Auftritt einsam war und Sehnsucht hatte.",Was hatte er? (Sehnsucht / Ideen),entranced,StimExp,9,9,0.55,76,überrascht,21.94,10,verzückte,0.07,9,50.0,"Die_Tänzerin verzückte den_Zuschauer,
weil er bei_dem_Auftritt einsam_war und Sehnsucht hatte.",Was hatte er?,Sehnsucht,Ideen,er,er,F
nonamb,9,50,NP1,NP1-Causality,er,nonamb,"Der Polizist wehrte die Randaliererin ab, weil er auf der Demonstration dienstbeflissen war und die Ordnung sicherte.",Was tat der Polizist? (wehrte die Randaliererin ab / wehrte den Randalierer ab),repulsed,StimExp,8,34,-2.91,76,dienstbeflissen,0.05,15,wehrte,0.1,8,31.25,"Der_Polizist wehrte die_Randaliererin_ab,
weil er auf_der_Demonstration dienstbeflissen_war und die_Ordnung sicherte.",Was tat der Polizist?,wehrte die Randaliererin ab,wehrte den Randalierer ab,sie,er,F
nonamb,9,50,NP1,NP1-Causality,er,nonamb,"Der Polizist wehrte den Randalierer ab, weil er auf der Demonstration dienstbeflissen war und die Ordnung sicherte.",Was tat der Polizist? (wehrte den Randalierer ab / wehrte die Randaliererin ab),repulsed,StimExp,8,34,-2.91,76,dienstbeflissen,0.05,15,wehrte,0.1,8,31.25,"Der_Polizist wehrte den_Randalierer_ab,
weil er auf_der_Demonstration dienstbeflissen_war und die_Ordnung sicherte.",Was tat der Polizist?,wehrte den Randalierer ab,wehrte die Randaliererin ab,er,sie,F
nonamb,9,50,NP1,NP1-Causality,sie,nonamb,"Die Polizistin wehrte die Randaliererin ab, weil sie auf der Demonstration dienstbeflissen war und die Ordnung sicherte.",Was tat die Polizistin? (wehrte die Randaliererin ab / wehrte den Randalierer ab),repulsed,StimExp,8,34,-2.91,76,dienstbeflissen,0.05,15,wehrte,0.1,8,31.25,"Die_Polizistin wehrte die_Randaliererin_ab,
weil sie auf_der_Demonstration dienstbeflissen_war und die_Ordnung sicherte.",Was tat die Polizistin?,wehrte die Randaliererin ab,wehrte den Randalierer ab,sie,er,F
nonamb,9,50,NP1,NP1-Causality,sie,nonamb,"Die Polizistin wehrte den Randalierer ab, weil sie auf der Demonstration dienstbeflissen war und die Ordnung sicherte.",Was tat die Polizistin? (wehrte den Randalierer ab / wehrte die Randaliererin ab),repulsed,StimExp,8,34,-2.91,76,dienstbeflissen,0.05,15,wehrte,0.1,8,31.25,"Die_Polizistin wehrte den_Randalierer_ab,
weil sie auf_der_Demonstration dienstbeflissen_war und die_Ordnung sicherte.",Was tat die Polizistin?,wehrte den Randalierer ab,wehrte die Randaliererin ab,er,sie,F
nonamb,10,50,NP1,NP2-Causality,sie,nonamb,"Der Polizist wehrte die Randaliererin ab, weil sie auf der Demonstration destruktiv war und Schaden verursachte.",Was tat der Polizist? (wehrte die Randaliererin ab / wehrte den Randalierer ab),repulsed,StimExp,8,34,-2.91,76,destruktiv,3.26,10,wehrte,0.1,8,31.25,"Der_Polizist wehrte die_Randaliererin_ab,
weil sie auf_der_Demonstration destruktiv_war und Schaden verursachte.",Was tat der Polizist?,wehrte die Randaliererin ab,wehrte den Randalierer ab,sie,er,F
nonamb,10,50,NP1,NP2-Causality,er,nonamb,"Der Polizist wehrte den Randalierer ab, weil er auf der Demonstration destruktiv war und Schaden verursachte.",Was tat der Polizist? (wehrte den Randalierer ab / wehrte die Randaliererin ab),repulsed,StimExp,8,34,-2.91,76,destruktiv,3.26,10,wehrte,0.1,8,31.25,"Der_Polizist wehrte den_Randalierer_ab,
weil er auf_der_Demonstration destruktiv_war und Schaden verursachte.",Was tat der Polizist?,wehrte den Randalierer ab,wehrte die Randaliererin ab,er,sie,F
nonamb,10,50,NP1,NP2-Causality,sie,nonamb,"Die Polizistin wehrte die Randaliererin ab, weil sie auf der Demonstration destruktiv war und Schaden verursachte.",Was tat die Polizistin? (wehrte die Randaliererin ab / wehrte den Randalierer ab),repulsed,StimExp,8,34,-2.91,76,destruktiv,3.26,10,wehrte,0.1,8,31.25,"Die_Polizistin wehrte die_Randaliererin_ab,
weil sie auf_der_Demonstration destruktiv_war und Schaden verursachte.",Was tat die Polizistin?,wehrte die Randaliererin ab,wehrte den Randalierer ab,sie,er,F
nonamb,10,50,NP1,NP2-Causality,er,nonamb,"Die Polizistin wehrte den Randalierer ab, weil er auf der Demonstration destruktiv war und Schaden verursachte.",Was tat die Polizistin? (wehrte den Randalierer ab / wehrte die Randaliererin ab),repulsed,StimExp,8,34,-2.91,76,destruktiv,3.26,10,wehrte,0.1,8,31.25,"Die_Polizistin wehrte den_Randalierer_ab,
weil er auf_der_Demonstration destruktiv_war und Schaden verursachte.",Was tat die Polizistin?,wehrte den Randalierer ab,wehrte die Randaliererin ab,er,sie,F
nonamb,9,70,NP1,NP1-Causality,er,nonamb,"Der Chef reizte die Mitarbeiterin, weil er am späten Nachmittag penetrant war und die Anderen verunsicherte.",Wen reizte der Chef? (die Mitarbeiterin / bei der Mitarbeiterin),peeved,StimExp,6,931,-1.27,77,arrogant,4.45,8,reizte,0.68,6,87.5,"Der_Chef reizte die_Mitarbeiterin,
weil er am_späten_Nachmittag penetrant_war und die_Anderen verunsicherte.",Wen reizte der Chef?,die Mitarbeiterin,bei der Mitarbeiterin,sie,er,F
nonamb,9,70,NP1,NP1-Causality,er,nonamb,"Der Chef reizte den Mitarbeiter, weil er am späten Nachmittag penetrant war und die Anderen verunsicherte.",Wen reizte der Chef? (den Mitarbeiter / den Trainer),peeved,StimExp,6,931,-1.27,77,arrogant,4.45,8,reizte,0.68,6,87.5,"Der_Chef reizte den_Mitarbeiter,
weil er am_späten_Nachmittag penetrant_war und die_Anderen verunsicherte.",Wen reizte der Chef?,den Mitarbeiter,den Trainer,er,er,F
nonamb,9,70,NP1,NP1-Causality,sie,nonamb,"Die Chefin reizte die Mitarbeiterin, weil sie am späten Nachmittag penetrant war und die Anderen verunsicherte.",Wen reizte die Chefin? (die Mitarbeiterin / die Verehrerin),peeved,StimExp,6,931,-1.27,77,arrogant,4.45,8,reizte,0.68,6,87.5,"Die_Chefin reizte die_Mitarbeiterin,
weil sie am_späten_Nachmittag penetrant_war und die_Anderen verunsicherte.",Wen reizte die Chefin?,die Mitarbeiterin,die Verehrerin,sie,sie,F
nonamb,9,70,NP1,NP1-Causality,sie,nonamb,"Die Chefin reizte den Mitarbeiter, weil sie am späten Nachmittag penetrant war und die Anderen verunsicherte.",Wen reizte die Chefin? (den Mitarbeiter / der Kunde),peeved,StimExp,6,931,-1.27,77,arrogant,4.45,8,reizte,0.68,6,87.5,"Die_Chefin reizte den_Mitarbeiter,
weil sie am_späten_Nachmittag penetrant_war und die_Anderen verunsicherte.",Wen reizte die Chefin?,den Mitarbeiter,der Kunde,er,er,F
nonamb,10,70,NP1,NP2-Causality,sie,nonamb,"Der Chef reizte die Mitarbeiterin, weil sie am späten Nachmittag sensibel war und Müdigkeit einsetzte.",Wen reizte der Chef? (die Mitarbeiterin / die Besitzerin),peeved,StimExp,6,931,-1.27,77,sensibel,13.76,10,reizte,0.68,6,87.5,"Der_Chef reizte die_Mitarbeiterin,
weil sie am_späten_Nachmittag sensibel_war und Müdigkeit einsetzte.",Wen reizte der Chef?,die Mitarbeiterin,die Besitzerin,sie,sie,F
nonamb,10,70,NP1,NP2-Causality,er,nonamb,"Der Chef reizte den Mitarbeiter, weil er am späten Nachmittag sensibel war und Müdigkeit einsetzte.",Wen reizte der Chef? (den Mitarbeiter / den Anwohner),peeved,StimExp,6,931,-1.27,77,sensibel,13.76,10,reizte,0.68,6,87.5,"Der_Chef reizte den_Mitarbeiter,
weil er am_späten_Nachmittag sensibel_war und Müdigkeit einsetzte.",Wen reizte der Chef?,den Mitarbeiter,den Anwohner,er,er,F
nonamb,10,70,NP1,NP2-Causality,sie,nonamb,"Die Chefin reizte die Mitarbeiterin, weil sie am späten Nachmittag sensibel war und Müdigkeit einsetzte.",Wen reizte die Chefin? (die Mitarbeiterin / die Partnerin),peeved,StimExp,6,931,-1.27,77,sensibel,13.76,10,reizte,0.68,6,87.5,"Die_Chefin reizte die_Mitarbeiterin,
weil sie am_späten_Nachmittag sensibel_war und Müdigkeit einsetzte.",Wen reizte die Chefin?,die Mitarbeiterin,die Partnerin,sie,sie,F
nonamb,10,70,NP1,NP2-Causality,er,nonamb,"Die Chefin reizte den Mitarbeiter, weil er am späten Nachmittag sensibel war und Müdigkeit einsetzte.",Wen reizte die Chefin? (den Mitarbeiter / den Vermieter),peeved,StimExp,6,931,-1.27,77,sensibel,13.76,10,reizte,0.68,6,87.5,"Die_Chefin reizte den_Mitarbeiter,
weil er am_späten_Nachmittag sensibel_war und Müdigkeit einsetzte.",Wen reizte die Chefin?,den Mitarbeiter,den Vermieter,er,er,F
nonamb,9,85,NP1,NP1-Causality,er,nonamb,"Der Lehrer verwirrte die Schülerin, weil er zu der Zeit uneindeutig war und die Aufklärung erschwerte.",Wer war zu der Zeit uneindeutig? (Der Lehrer / die Schülerin),maddened,StimExp,8,2,-1.82,77,uneindeutig,0.11,11,verwirrte,1.17,9,43.75,"Der_Lehrer verwirrte die_Schülerin,
weil er zu_der_Zeit uneindeutig_war und die_Aufklärung erschwerte.",Wer war zu der Zeit uneindeutig?,Der Lehrer,die Schülerin,er,sie,F
nonamb,9,85,NP1,NP1-Causality,er,nonamb,"Der Lehrer verwirrte den Schüler, weil er zu der Zeit uneindeutig war und die Aufklärung erschwerte.",Wer war zu der Zeit uneindeutig? (Der Lehrer / den Schüler),maddened,StimExp,8,2,-1.82,77,uneindeutig,0.11,11,verwirrte,1.17,9,43.75,"Der_Lehrer verwirrte den_Schüler,
weil er zu_der_Zeit uneindeutig_war und die_Aufklärung erschwerte.",Wer war zu der Zeit uneindeutig?,Der Lehrer,den Schüler,er,er,F
nonamb,9,85,NP1,NP1-Causality,sie,nonamb,"Die Lehrerin verwirrte die Schülerin, weil sie zu der Zeit uneindeutig war und die Aufklärung erschwerte.",Wer war zu der Zeit uneindeutig? (Die Lehrerin / die Schülerin),maddened,StimExp,8,2,-1.82,77,uneindeutig,0.11,11,verwirrte,1.17,9,43.75,"Die_Lehrerin verwirrte die_Schülerin,
weil sie zu_der_Zeit uneindeutig_war und die_Aufklärung erschwerte.",Wer war zu der Zeit uneindeutig?,Die Lehrerin,die Schülerin,sie,sie,F
nonamb,9,85,NP1,NP1-Causality,sie,nonamb,"Die Lehrerin verwirrte den Schüler, weil sie zu der Zeit uneindeutig war und die Aufklärung erschwerte.",Wer war zu der Zeit uneindeutig? (Die Lehrerin / den Schüler),maddened,StimExp,8,2,-1.82,77,uneindeutig,0.11,11,verwirrte,1.17,9,43.75,"Die_Lehrerin verwirrte den_Schüler,
weil sie zu_der_Zeit uneindeutig_war und die_Aufklärung erschwerte.",Wer war zu der Zeit uneindeutig?,Die Lehrerin,den Schüler,sie,er,F
nonamb,10,85,NP1,NP2-Causality,sie,nonamb,"Der Lehrer verwirrte die Schülerin, weil sie zu der Zeit lernschwach war und das Hintergrundwissen fehlte.",Wer war zu der Zeit lernschwach? (Der Lehrer / die Schülerin),maddened,StimExp,8,2,-1.82,77,lernschwach,0.26,11,verwirrte,1.17,9,43.75,"Der_Lehrer verwirrte die_Schülerin,
weil sie zu_der_Zeit lernschwach_war und das_Hintergrundwissen fehlte.",Wer war zu der Zeit lernschwach?,Der Lehrer,die Schülerin,er,sie,J
nonamb,10,85,NP1,NP2-Causality,er,nonamb,"Der Lehrer verwirrte den Schüler, weil er zu der Zeit lernschwach war und das Hintergrundwissen fehlte.",Wer war zu der Zeit lernschwach? (Der Lehrer / den Schüler),maddened,StimExp,8,2,-1.82,77,lernschwach,0.26,11,verwirrte,1.17,9,43.75,"Der_Lehrer verwirrte den_Schüler,
weil er zu_der_Zeit lernschwach_war und das_Hintergrundwissen fehlte.",Wer war zu der Zeit lernschwach?,Der Lehrer,den Schüler,er,er,J
nonamb,10,85,NP1,NP2-Causality,sie,nonamb,"Die Lehrerin verwirrte die Schülerin, weil sie zu der Zeit lernschwach war und das Hintergrundwissen fehlte.",Wer war zu der Zeit lernschwach? (Die Lehrerin / die Schülerin),maddened,StimExp,8,2,-1.82,77,lernschwach,0.26,11,verwirrte,1.17,9,43.75,"Die_Lehrerin verwirrte die_Schülerin,
weil sie zu_der_Zeit lernschwach_war und das_Hintergrundwissen fehlte.",Wer war zu der Zeit lernschwach?,Die Lehrerin,die Schülerin,sie,sie,J
nonamb,10,85,NP1,NP2-Causality,er,nonamb,"Die Lehrerin verwirrte den Schüler, weil er zu der Zeit lernschwach war und das Hintergrundwissen fehlte.",Wer war zu der Zeit lernschwach? (Die Lehrerin / den Schüler),maddened,StimExp,8,2,-1.82,77,lernschwach,0.26,11,verwirrte,1.17,9,43.75,"Die_Lehrerin verwirrte den_Schüler,
weil er zu_der_Zeit lernschwach_war und das_Hintergrundwissen fehlte.",Wer war zu der Zeit lernschwach?,Die Lehrerin,den Schüler,sie,er,J
nonamb,9,91,NP1,NP1-Causality,er,nonamb,"Der Spaziergänger entsetzte die Anwohnerin, weil er in der Dämmerung verschwommen war und Schatten erzeugte.",Wer war in der Dämmerung verschwommen? (Der Spaziergänger / die Anwohnerin),appalled,StimExp,8,32,-2.45,78,gefährlich,62.41,10,entsetzte,0.44,8,75.0,"Der_Spaziergänger entsetzte die_Anwohnerin,
weil er in_der_Dämmerung verschwommen_war und Schatten erzeugte.",Wer war in der Dämmerung verschwommen?,Der Spaziergänger,die Anwohnerin,er,sie,F
nonamb,9,91,NP1,NP1-Causality,er,nonamb,"Der Spaziergänger entsetzte den Anwohner, weil er in der Dämmerung verschwommen war und Schatten erzeugte.",Wer war in der Dämmerung verschwommen? (Der Spaziergänger / den Anwohner),appalled,StimExp,8,32,-2.45,78,gefährlich,62.41,10,entsetzte,0.44,8,75.0,"Der_Spaziergänger entsetzte den_Anwohner,
weil er in_der_Dämmerung verschwommen_war und Schatten erzeugte.",Wer war in der Dämmerung verschwommen?,Der Spaziergänger,den Anwohner,er,er,F
nonamb,9,91,NP1,NP1-Causality,sie,nonamb,"Die Spaziergängerin entsetzte die Anwohnerin, weil sie in der Dämmerung verschwommen war und Schatten erzeugte.",Wer war in der Dämmerung verschwommen? (Die Spaziergängerin / die Anwohnerin),appalled,StimExp,8,32,-2.45,78,gefährlich,62.41,10,entsetzte,0.44,8,75.0,"Die_Spaziergängerin entsetzte die_Anwohnerin,
weil sie in_der_Dämmerung verschwommen_war und Schatten erzeugte.",Wer war in der Dämmerung verschwommen?,Die Spaziergängerin,die Anwohnerin,sie,sie,F
nonamb,9,91,NP1,NP1-Causality,sie,nonamb,"Die Spaziergängerin entsetzte den Anwohner, weil sie in der Dämmerung verschwommen war und Schatten erzeugte.",Wer war in der Dämmerung verschwommen? (Die Spaziergängerin / den Anwohner),appalled,StimExp,8,32,-2.45,78,gefährlich,62.41,10,entsetzte,0.44,8,75.0,"Die_Spaziergängerin entsetzte den_Anwohner,
weil sie in_der_Dämmerung verschwommen_war und Schatten erzeugte.",Wer war in der Dämmerung verschwommen?,Die Spaziergängerin,den Anwohner,sie,er,F
nonamb,10,91,NP1,NP2-Causality,sie,nonamb,"Der Spaziergänger entsetzte die Anwohnerin, weil sie in der Dämmerung schlecht sah und Geräusche hörte.",Wer sah in der Dämmerung schlecht? (Der Spaziergänger / die Anwohnerin),appalled,StimExp,8,32,-2.45,78,ängstlich,7.09,9,entsetzte,0.44,8,75.0,"Der_Spaziergänger entsetzte die_Anwohnerin,
weil sie in_der_Dämmerung schlecht_sah und Geräusche hörte.",Wer sah in der Dämmerung schlecht?,Der Spaziergänger,die Anwohnerin,er,sie,J
nonamb,10,91,NP1,NP2-Causality,er,nonamb,"Der Spaziergänger entsetzte den Anwohner, weil er in der Dämmerung schlecht sah und Geräusche hörte.",Wer sah in der Dämmerung schlecht? (Der Spaziergänger / den Anwohner),appalled,StimExp,8,32,-2.45,78,ängstlich,7.09,9,entsetzte,0.44,8,75.0,"Der_Spaziergänger entsetzte den_Anwohner,
weil er in_der_Dämmerung schlecht_sah und Geräusche hörte.",Wer sah in der Dämmerung schlecht?,Der Spaziergänger,den Anwohner,er,er,J
nonamb,10,91,NP1,NP2-Causality,sie,nonamb,"Die Spaziergängerin entsetzte die Anwohnerin, weil sie in der Dämmerung schlecht sah und Geräusche hörte.",Wer sah in der Dämmerung schlecht? (Die Spaziergängerin / die Anwohnerin),appalled,StimExp,8,32,-2.45,78,ängstlich,7.09,9,entsetzte,0.44,8,75.0,"Die_Spaziergängerin entsetzte die_Anwohnerin,
weil sie in_der_Dämmerung schlecht_sah und Geräusche hörte.",Wer sah in der Dämmerung schlecht?,Die Spaziergängerin,die Anwohnerin,sie,sie,J
nonamb,10,91,NP1,NP2-Causality,er,nonamb,"Die Spaziergängerin entsetzte den Anwohner, weil er in der Dämmerung schlecht sah und Geräusche hörte.",Wer sah in der Dämmerung schlecht? (Die Spaziergängerin / den Anwohner),appalled,StimExp,8,32,-2.45,78,ängstlich,7.09,9,entsetzte,0.44,8,75.0,"Die_Spaziergängerin entsetzte den_Anwohner,
weil er in_der_Dämmerung schlecht_sah und Geräusche hörte.",Wer sah in der Dämmerung schlecht?,Die Spaziergängerin,den Anwohner,sie,er,J
nonamb,9,38,NP1,NP1-Causality,er,nonamb,"Der Eremit inspirierte die Anführerin, weil er an dem Abend mystisch war und Unerwartetes kommunizierte.",Wer war an dem Abend mystisch? (Der Eremit / die Anführerin),inspired,StimExp,8,6,1.45,78,wunderlich,4.09,10,inspirierte,1.44,11,68.75,"Der_Eremit inspirierte die_Anführerin,
weil er an_dem_Abend mystisch_war und Unerwartetes kommunizierte.",Wer war an dem Abend mystisch?,Der Eremit,die Anführerin,er,sie,F
nonamb,9,38,NP1,NP1-Causality,er,nonamb,"Der Eremit inspirierte den Anführer, weil er an dem Abend mystisch war und Unerwartetes kommunizierte.",Wer war an dem Abend mystisch? (Der Eremit / den Anführer),inspired,StimExp,8,6,1.45,78,wunderlich,4.09,10,inspirierte,1.44,11,68.75,"Der_Eremit inspirierte den_Anführer,
weil er an_dem_Abend mystisch_war und Unerwartetes kommunizierte.",Wer war an dem Abend mystisch?,Der Eremit,den Anführer,er,er,F
nonamb,9,38,NP1,NP1-Causality,sie,nonamb,"Die Eremitin inspirierte die Anführerin, weil sie an dem Abend mystisch war und Unerwartetes kommunizierte.",Wer war an dem Abend mystisch? (Die Eremitin / die Anführerin),inspired,StimExp,8,6,1.45,78,wunderlich,4.09,10,inspirierte,1.44,11,68.75,"Die_Eremitin inspirierte die_Anführerin,
weil sie an_dem_Abend mystisch_war und Unerwartetes kommunizierte.",Wer war an dem Abend mystisch?,Die Eremitin,die Anführerin,sie,sie,F
nonamb,9,38,NP1,NP1-Causality,sie,nonamb,"Die Eremitin inspirierte den Anführer, weil sie an dem Abend mystisch war und Unerwartetes kommunizierte.",Wer war an dem Abend mystisch? (Die Eremitin / den Anführer),inspired,StimExp,8,6,1.45,78,wunderlich,4.09,10,inspirierte,1.44,11,68.75,"Die_Eremitin inspirierte den_Anführer,
weil sie an_dem_Abend mystisch_war und Unerwartetes kommunizierte.",Wer war an dem Abend mystisch?,Die Eremitin,den Anführer,sie,er,F
nonamb,10,38,NP1,NP2-Causality,sie,nonamb,"Der Eremit inspirierte die Anführerin, weil sie an dem Abend aufmerksam war und die Überlegungen überraschten.",Wer war an dem Abend aufmerksam? (Der Eremit / die Anführerin),inspired,StimExp,8,6,1.45,78,beeindruckt,11.92,11,inspirierte,1.44,11,68.75,"Der_Eremit inspirierte die_Anführerin,
weil sie an_dem_Abend aufmerksam_war und die_Überlegungen überraschten.",Wer war an dem Abend aufmerksam?,Der Eremit,die Anführerin,er,sie,J
nonamb,10,38,NP1,NP2-Causality,er,nonamb,"Der Eremit inspirierte den Anführer, weil er an dem Abend aufmerksam war und die Überlegungen überraschten.",Wer war an dem Abend aufmerksam? (Der Eremit / den Anführer),inspired,StimExp,8,6,1.45,78,beeindruckt,11.92,11,inspirierte,1.44,11,68.75,"Der_Eremit inspirierte den_Anführer,
weil er an_dem_Abend aufmerksam_war und die_Überlegungen überraschten.",Wer war an dem Abend aufmerksam?,Der Eremit,den Anführer,er,er,J
nonamb,10,38,NP1,NP2-Causality,sie,nonamb,"Die Eremitin inspirierte die Anführerin, weil sie an dem Abend aufmerksam war und die Überlegungen überraschten.",Wer war an dem Abend aufmerksam? (Die Eremitin / die Anführerin),inspired,StimExp,8,6,1.45,78,beeindruckt,11.92,11,inspirierte,1.44,11,68.75,"Die_Eremitin inspirierte die_Anführerin,
weil sie an_dem_Abend aufmerksam_war und die_Überlegungen überraschten.",Wer war an dem Abend aufmerksam?,Die Eremitin,die Anführerin,sie,sie,J
nonamb,10,38,NP1,NP2-Causality,er,nonamb,"Die Eremitin inspirierte den Anführer, weil er an dem Abend aufmerksam war und die Überlegungen überraschten.",Wer war an dem Abend aufmerksam? (Die Eremitin / den Anführer),inspired,StimExp,8,6,1.45,78,beeindruckt,11.92,11,inspirierte,1.44,11,68.75,"Die_Eremitin inspirierte den_Anführer,
weil er an_dem_Abend aufmerksam_war und die_Überlegungen überraschten.",Wer war an dem Abend aufmerksam?,Die Eremitin,den Anführer,sie,er,J
nonamb,9,100,NP1,NP1-Causality,er,nonamb,"Der Student log die Professorin an, weil er in der Vorlesung hemmungslos war und Respektlosigkeit empfand.",Was tat der Student? (log die Professorin an / log den Professor an),lied to,AgP,4,133,-2.45,78,hemmungslos,2.14,11,log,0.03,5,75.0,"Der_Student log die_Professorin_an,
weil er in_der_Vorlesung hemmungslos_war und Respektlosigkeit empfand.",Was tat der Student?,log die Professorin an,log den Professor an,sie,er,F
nonamb,9,100,NP1,NP1-Causality,er,nonamb,"Der Student log den Professor an, weil er in der Vorlesung hemmungslos war und Respektlosigkeit empfand.",Was tat der Student? (log den Professor an / log die Professorin an),lied to,AgP,4,133,-2.45,78,hemmungslos,2.14,11,log,0.03,5,75.0,"Der_Student log den_Professor_an,
weil er in_der_Vorlesung hemmungslos_war und Respektlosigkeit empfand.",Was tat der Student?,log den Professor an,log die Professorin an,er,sie,F
nonamb,9,100,NP1,NP1-Causality,sie,nonamb,"Die Studentin log die Professorin an, weil sie in der Vorlesung hemmungslos war und Respektlosigkeit empfand.",Was tat die Studentin? (log die Professorin an / log den Professor an),lied to,AgP,4,133,-2.45,78,hemmungslos,2.14,11,log,0.03,5,75.0,"Die_Studentin log die_Professorin_an,
weil sie in_der_Vorlesung hemmungslos_war und Respektlosigkeit empfand.",Was tat die Studentin?,log die Professorin an,log den Professor an,sie,er,F
nonamb,9,100,NP1,NP1-Causality,sie,nonamb,"Die Studentin log den Professor an, weil sie in der Vorlesung hemmungslos war und Respektlosigkeit empfand.",Was tat die Studentin? (log den Professor an / log die Professorin an),lied to,AgP,4,133,-2.45,78,hemmungslos,2.14,11,log,0.03,5,75.0,"Die_Studentin log den_Professor_an,
weil sie in_der_Vorlesung hemmungslos_war und Respektlosigkeit empfand.",Was tat die Studentin?,log den Professor an,log die Professorin an,er,sie,F
nonamb,10,100,NP1,NP2-Causality,sie,nonamb,"Der Student log die Professorin an, weil sie in der Vorlesung unaufmerksam war und Ahnungslosigkeit dominierte.",Was tat der Student? (log die Professorin an / log den Professor an),lied to,AgP,4,133,-2.45,78,ahnungslos,2.31,10,log,0.03,5,75.0,"Der_Student log die_Professorin_an,
weil sie in_der_Vorlesung unaufmerksam_war und Ahnungslosigkeit dominierte.",Was tat der Student?,log die Professorin an,log den Professor an,sie,er,F
nonamb,10,100,NP1,NP2-Causality,er,nonamb,"Der Student log den Professor an, weil er in der Vorlesung unaufmerksam war und Ahnungslosigkeit dominierte.",Was tat der Student? (log den Professor an / log die Professorin an),lied to,AgP,4,133,-2.45,78,ahnungslos,2.31,10,log,0.03,5,75.0,"Der_Student log den_Professor_an,
weil er in_der_Vorlesung unaufmerksam_war und Ahnungslosigkeit dominierte.",Was tat der Student?,log den Professor an,log die Professorin an,er,sie,F
nonamb,10,100,NP1,NP2-Causality,sie,nonamb,"Die Studentin log die Professorin an, weil sie in der Vorlesung unaufmerksam war und Ahnungslosigkeit dominierte.",Was tat die Studentin? (log die Professorin an / log den Professor an),lied to,AgP,4,133,-2.45,78,ahnungslos,2.31,10,log,0.03,5,75.0,"Die_Studentin log die_Professorin_an,
weil sie in_der_Vorlesung unaufmerksam_war und Ahnungslosigkeit dominierte.",Was tat die Studentin?,log die Professorin an,log den Professor an,sie,er,F
nonamb,10,100,NP1,NP2-Causality,er,nonamb,"Die Studentin log den Professor an, weil er in der Vorlesung unaufmerksam war und Ahnungslosigkeit dominierte.",Was tat die Studentin? (log den Professor an / log die Professorin an),lied to,AgP,4,133,-2.45,78,ahnungslos,2.31,10,log,0.03,5,75.0,"Die_Studentin log den_Professor_an,
weil er in_der_Vorlesung unaufmerksam_war und Ahnungslosigkeit dominierte.",Was tat die Studentin?,log den Professor an,log die Professorin an,er,sie,F
nonamb,9,37,NP1,NP1-Causality,er,nonamb,"Der Wächter frustrierte die Autodiebin, weil er seit einigen Tagen aufmerksam war und den Plan vereitelte.",Wen frustrierte der Wächter? (die Autodiebin / die Zuschauerin),frustrated,StimExp,10,0,-1.82,79,geschickt,34.46,9,frustrierte,0.69,11,87.5,"Der_Wächter frustrierte die_Autodiebin,
weil er seit_einigen_Tagen aufmerksam_war und den_Plan vereitelte.",Wen frustrierte der Wächter?,die Autodiebin,die Zuschauerin,sie,sie,F
nonamb,9,37,NP1,NP1-Causality,er,nonamb,"Der Wächter frustrierte den Autodieb, weil er seit einigen Tagen aufmerksam war und den Plan vereitelte.",Wen frustrierte der Wächter? (den Autodieb / den Liebsten),frustrated,StimExp,10,0,-1.82,79,geschickt,34.46,9,frustrierte,0.69,11,87.5,"Der_Wächter frustrierte den_Autodieb,
weil er seit_einigen_Tagen aufmerksam_war und den_Plan vereitelte.",Wen frustrierte der Wächter?,den Autodieb,den Liebsten,er,er,F
nonamb,9,37,NP1,NP1-Causality,sie,nonamb,"Die Wächterin frustrierte die Autodiebin, weil sie seit einigen Tagen aufmerksam war und den Plan vereitelte.",Wen frustrierte die Wächterin? (die Autodiebin / die Dame),frustrated,StimExp,10,0,-1.82,79,geschickt,34.46,9,frustrierte,0.69,11,87.5,"Die_Wächterin frustrierte die_Autodiebin,
weil sie seit_einigen_Tagen aufmerksam_war und den_Plan vereitelte.",Wen frustrierte die Wächterin?,die Autodiebin,die Dame,sie,sie,F
nonamb,9,37,NP1,NP1-Causality,sie,nonamb,"Die Wächterin frustrierte den Autodieb, weil sie seit einigen Tagen aufmerksam war und den Plan vereitelte.",Wen frustrierte die Wächterin? (den Autodieb / den Besucher),frustrated,StimExp,10,0,-1.82,79,geschickt,34.46,9,frustrierte,0.69,11,87.5,"Die_Wächterin frustrierte den_Autodieb,
weil sie seit_einigen_Tagen aufmerksam_war und den_Plan vereitelte.",Wen frustrierte die Wächterin?,den Autodieb,den Besucher,er,er,F
nonamb,10,37,NP1,NP2-Causality,sie,nonamb,"Der Wächter frustrierte die Autodiebin, weil sie seit einigen Tagen ungerschickt war und die Tarnung scheiterte.",Wen frustrierte der Wächter? (die Autodiebin / die Liebste),frustrated,StimExp,10,0,-1.82,79,ungeschickt,2.05,11,frustrierte,0.69,11,87.5,"Der_Wächter frustrierte die_Autodiebin,
weil sie seit_einigen_Tagen ungerschickt_war und die_Tarnung scheiterte.",Wen frustrierte der Wächter?,die Autodiebin,die Liebste,sie,sie,F
nonamb,10,37,NP1,NP2-Causality,er,nonamb,"Der Wächter frustrierte den Autodieb, weil er seit einigen Tagen ungerschickt war und die Tarnung scheiterte.",Wen frustrierte der Wächter? (den Autodieb / den Mann),frustrated,StimExp,10,0,-1.82,79,ungeschickt,2.05,11,frustrierte,0.69,11,87.5,"Der_Wächter frustrierte den_Autodieb,
weil er seit_einigen_Tagen ungerschickt_war und die_Tarnung scheiterte.",Wen frustrierte der Wächter?,den Autodieb,den Mann,er,er,F
nonamb,10,37,NP1,NP2-Causality,sie,nonamb,"Die Wächterin frustrierte die Autodiebin, weil sie seit einigen Tagen ungerschickt war und die Tarnung scheiterte.",Wen frustrierte die Wächterin? (die Autodiebin / die Seniorin),frustrated,StimExp,10,0,-1.82,79,ungeschickt,2.05,11,frustrierte,0.69,11,87.5,"Die_Wächterin frustrierte die_Autodiebin,
weil sie seit_einigen_Tagen ungerschickt_war und die_Tarnung scheiterte.",Wen frustrierte die Wächterin?,die Autodiebin,die Seniorin,sie,sie,F
nonamb,10,37,NP1,NP2-Causality,er,nonamb,"Die Wächterin frustrierte den Autodieb, weil er seit einigen Tagen ungerschickt war und die Tarnung scheiterte.",Wen frustrierte die Wächterin? (den Autodieb / den Freund),frustrated,StimExp,10,0,-1.82,79,ungeschickt,2.05,11,frustrierte,0.69,11,87.5,"Die_Wächterin frustrierte den_Autodieb,
weil er seit_einigen_Tagen ungerschickt_war und die_Tarnung scheiterte.",Wen frustrierte die Wächterin?,den Autodieb,den Freund,er,er,F
nonamb,9,2,NP1,NP1-Causality,er,nonamb,"Der Bär störte die Löwin, weil er am späten Nachmittag aggressiv war und Knurren von sich gab.",Wer störte die Löwin? (Der Bär / Der Passant),annoyed,StimExp,7,268,-2.0,79,aggressiv,19.09,9,störte,2.33,6,87.5,"Der_Bär störte die_Löwin,
weil er am_späten_Nachmittag aggressiv_war und Knurren von_sich_gab.",Wer störte die Löwin?,Der Bär,Der Passant,er,er,F
nonamb,9,2,NP1,NP1-Causality,er,nonamb,"Der Bär störte der Löwe, weil er am späten Nachmittag aggressiv war und Knurren von sich gab.",Wer störte der Löwe? (Der Bär / Der Zuhörer),annoyed,StimExp,7,268,-2.0,79,aggressiv,19.09,9,störte,2.33,6,87.5,"Der_Bär störte der_Löwe,
weil er am_späten_Nachmittag aggressiv_war und Knurren von_sich_gab.",Wer störte der Löwe?,Der Bär,Der Zuhörer,er,er,F
nonamb,9,2,NP1,NP1-Causality,sie,nonamb,"Die Bärin störte die Löwin, weil sie am späten Nachmittag aggressiv war und Knurren von sich gab.",Wer störte die Löwin? (Die Bärin / Die Mutter),annoyed,StimExp,7,268,-2.0,79,aggressiv,19.09,9,störte,2.33,6,87.5,"Die_Bärin störte die_Löwin,
weil sie am_späten_Nachmittag aggressiv_war und Knurren von_sich_gab.",Wer störte die Löwin?,Die Bärin,Die Mutter,sie,sie,F
nonamb,9,2,NP1,NP1-Causality,sie,nonamb,"Die Bärin störte der Löwe, weil sie am späten Nachmittag aggressiv war und Knurren von sich gab.",Wer störte der Löwe? (Die Bärin / Die Schwester),annoyed,StimExp,7,268,-2.0,79,aggressiv,19.09,9,störte,2.33,6,87.5,"Die_Bärin störte der_Löwe,
weil sie am_späten_Nachmittag aggressiv_war und Knurren von_sich_gab.",Wer störte der Löwe?,Die Bärin,Die Schwester,sie,sie,F
nonamb,10,2,NP1,NP2-Causality,sie,nonamb,"Der Bär störte die Löwin, weil sie am späten Nachmittag erschöpft war und Zittern musste.",Wer störte die Löwin? (Der Bär / Der Student),annoyed,StimExp,7,268,-2.0,79,erschöpft,10.12,9,störte,2.33,6,87.5,"Der_Bär störte die_Löwin,
weil sie am_späten_Nachmittag erschöpft_war und Zittern musste.",Wer störte die Löwin?,Der Bär,Der Student,er,er,F
nonamb,10,2,NP1,NP2-Causality,er,nonamb,"Der Bär störte der Löwe, weil er am späten Nachmittag erschöpft war und Zittern musste.",Wer störte der Löwe? (Der Bär / Der Kommissar),annoyed,StimExp,7,268,-2.0,79,erschöpft,10.12,9,störte,2.33,6,87.5,"Der_Bär störte der_Löwe,
weil er am_späten_Nachmittag erschöpft_war und Zittern musste.",Wer störte der Löwe?,Der Bär,Der Kommissar,er,er,F
nonamb,10,2,NP1,NP2-Causality,sie,nonamb,"Die Bärin störte die Löwin, weil sie am späten Nachmittag erschöpft war und Zittern musste.",Wer störte die Löwin? (Die Bärin / Die Kommissarin),annoyed,StimExp,7,268,-2.0,79,erschöpft,10.12,9,störte,2.33,6,87.5,"Die_Bärin störte die_Löwin,
weil sie am_späten_Nachmittag erschöpft_war und Zittern musste.",Wer störte die Löwin?,Die Bärin,Die Kommissarin,sie,sie,F
nonamb,10,2,NP1,NP2-Causality,er,nonamb,"Die Bärin störte der Löwe, weil er am späten Nachmittag erschöpft war und Zittern musste.",Wer störte der Löwe? (Die Bärin / Die Verwandte),annoyed,StimExp,7,268,-2.0,79,erschöpft,10.12,9,störte,2.33,6,87.5,"Die_Bärin störte der_Löwe,
weil er am_späten_Nachmittag erschöpft_war und Zittern musste.",Wer störte der Löwe?,Die Bärin,Die Verwandte,sie,sie,F
nonamb,9,4,NP1,NP1-Causality,er,nonamb,"Der Schaffner verärgerte die Reisende, weil er am frühen Abend aufdringlich war und Hartnäckigkeit zeigte.",Was zeigte er? (Hartnäckigkeit / Ahnungslosigkeit),antagonized,StimExp,11,1,-1.36,80,aufdringlich,3.73,12,verärgerte,0.37,10,56.25,"Der_Schaffner verärgerte die_Reisende,
weil er am_frühen_Abend aufdringlich_war und Hartnäckigkeit zeigte.",Was zeigte er?,Hartnäckigkeit,Ahnungslosigkeit,er,er,F
nonamb,9,4,NP1,NP1-Causality,er,nonamb,"Der Schaffner verärgerte den Reisende, weil er am frühen Abend aufdringlich war und Hartnäckigkeit zeigte.",Was zeigte er? (Hartnäckigkeit / Ahnungslosigkeit),antagonized,StimExp,11,1,-1.36,80,aufdringlich,3.73,12,verärgerte,0.37,10,56.25,"Der_Schaffner verärgerte den_Reisende,
weil er am_frühen_Abend aufdringlich_war und Hartnäckigkeit zeigte.",Was zeigte er?,Hartnäckigkeit,Ahnungslosigkeit,er,er,F
nonamb,9,4,NP1,NP1-Causality,sie,nonamb,"Die Schaffnerin verärgerte die Reisende, weil sie am frühen Abend aufdringlich war und Hartnäckigkeit zeigte.",Was zeigte sie? (Hartnäckigkeit / Ahnungslosigkeit),antagonized,StimExp,11,1,-1.36,80,aufdringlich,3.73,12,verärgerte,0.37,10,56.25,"Die_Schaffnerin verärgerte die_Reisende,
weil sie am_frühen_Abend aufdringlich_war und Hartnäckigkeit zeigte.",Was zeigte sie?,Hartnäckigkeit,Ahnungslosigkeit,er,er,F
nonamb,9,4,NP1,NP1-Causality,sie,nonamb,"Die Schaffnerin verärgerte den Reisende, weil sie am frühen Abend aufdringlich war und Hartnäckigkeit zeigte.",Was zeigte sie? (Hartnäckigkeit / Ahnungslosigkeit),antagonized,StimExp,11,1,-1.36,80,aufdringlich,3.73,12,verärgerte,0.37,10,56.25,"Die_Schaffnerin verärgerte den_Reisende,
weil sie am_frühen_Abend aufdringlich_war und Hartnäckigkeit zeigte.",Was zeigte sie?,Hartnäckigkeit,Ahnungslosigkeit,er,er,F
nonamb,10,4,NP1,NP2-Causality,sie,nonamb,"Der Schaffner verärgerte die Reisende, weil sie am frühen Abend sensibel war und einen Angriff wahrnahm.",Was nahm sie wahr? (einen Angriff / Ahnungslosigkeit),antagonized,StimExp,11,1,-1.36,80,sensibel,13.76,8,verärgerte,0.37,10,56.25,"Der_Schaffner verärgerte die_Reisende,
weil sie am_frühen_Abend sensibel_war und einen_Angriff wahrnahm.",Was nahm sie wahr?,einen Angriff,Ahnungslosigkeit,er,er,F
nonamb,10,4,NP1,NP2-Causality,er,nonamb,"Der Schaffner verärgerte den Reisende, weil er am frühen Abend sensibel war und einen Angriff wahrnahm.",Was nahm er wahr? (einen Angriff / Ahnungslosigkeit),antagonized,StimExp,11,1,-1.36,80,sensibel,13.76,8,verärgerte,0.37,10,56.25,"Der_Schaffner verärgerte den_Reisende,
weil er am_frühen_Abend sensibel_war und einen_Angriff wahrnahm.",Was nahm er wahr?,einen Angriff,Ahnungslosigkeit,er,er,F
nonamb,10,4,NP1,NP2-Causality,sie,nonamb,"Die Schaffnerin verärgerte die Reisende, weil sie am frühen Abend sensibel war und einen Angriff wahrnahm.",Was nahm sie wahr? (einen Angriff / Ahnungslosigkeit),antagonized,StimExp,11,1,-1.36,80,sensibel,13.76,8,verärgerte,0.37,10,56.25,"Die_Schaffnerin verärgerte die_Reisende,
weil sie am_frühen_Abend sensibel_war und einen_Angriff wahrnahm.",Was nahm sie wahr?,einen Angriff,Ahnungslosigkeit,er,er,F
nonamb,10,4,NP1,NP2-Causality,er,nonamb,"Die Schaffnerin verärgerte den Reisende, weil er am frühen Abend sensibel war und einen Angriff wahrnahm.",Was nahm er wahr? (einen Angriff / Ahnungslosigkeit),antagonized,StimExp,11,1,-1.36,80,sensibel,13.76,8,verärgerte,0.37,10,56.25,"Die_Schaffnerin verärgerte den_Reisende,
weil er am_frühen_Abend sensibel_war und einen_Angriff wahrnahm.",Was nahm er wahr?,einen Angriff,Ahnungslosigkeit,er,er,F
nonamb,9,16,NP1,NP1-Causality,er,nonamb,"Der Magier bezauberte die Prinzessin, weil er immer wieder verblüffend war und Illusionen erzeugte.",Was tat der Magier? (bezauberte die Prinzessin / bezauberte den Prinzen),charmed,StimExp,7,418,2.0,81,hinterlistig,0.68,12,bezauberte,0.11,10,68.75,"Der_Magier bezauberte die_Prinzessin,
weil er immer_wieder verblüffend_war und Illusionen erzeugte.",Was tat der Magier?,bezauberte die Prinzessin,bezauberte den Prinzen,sie,er,F
nonamb,9,16,NP1,NP1-Causality,er,nonamb,"Der Magier bezauberte den Prinzen, weil er immer wieder verblüffend war und Illusionen erzeugte.",Was tat der Magier? (bezauberte den Prinzen / bezauberte die Prinzessin),charmed,StimExp,7,418,2.0,81,hinterlistig,0.68,12,bezauberte,0.11,10,68.75,"Der_Magier bezauberte den_Prinzen,
weil er immer_wieder verblüffend_war und Illusionen erzeugte.",Was tat der Magier?,bezauberte den Prinzen,bezauberte die Prinzessin,er,sie,F
nonamb,9,16,NP1,NP1-Causality,sie,nonamb,"Die Magierin bezauberte die Prinzessin, weil sie immer wieder verblüffend war und Illusionen erzeugte.",Was tat die Magierin? (bezauberte die Prinzessin / bezauberte den Prinzen),charmed,StimExp,7,418,2.0,81,hinterlistig,0.68,12,bezauberte,0.11,10,68.75,"Die_Magierin bezauberte die_Prinzessin,
weil sie immer_wieder verblüffend_war und Illusionen erzeugte.",Was tat die Magierin?,bezauberte die Prinzessin,bezauberte den Prinzen,sie,er,F
nonamb,9,16,NP1,NP1-Causality,sie,nonamb,"Die Magierin bezauberte den Prinzen, weil sie immer wieder verblüffend war und Illusionen erzeugte.",Was tat die Magierin? (bezauberte den Prinzen / bezauberte die Prinzessin),charmed,StimExp,7,418,2.0,81,hinterlistig,0.68,12,bezauberte,0.11,10,68.75,"Die_Magierin bezauberte den_Prinzen,
weil sie immer_wieder verblüffend_war und Illusionen erzeugte.",Was tat die Magierin?,bezauberte den Prinzen,bezauberte die Prinzessin,er,sie,F
nonamb,10,16,NP1,NP2-Causality,sie,nonamb,"Der Magier bezauberte die Prinzessin, weil sie immer wieder fasziniert war und die Tricks liebte.",Was tat der Magier? (bezauberte die Prinzessin / bezauberte den Prinzen),charmed,StimExp,7,418,2.0,81,arglos,0.81,6,bezauberte,0.11,10,68.75,"Der_Magier bezauberte die_Prinzessin,
weil sie immer_wieder fasziniert_war und die_Tricks liebte.",Was tat der Magier?,bezauberte die Prinzessin,bezauberte den Prinzen,sie,er,F
nonamb,10,16,NP1,NP2-Causality,er,nonamb,"Der Magier bezauberte den Prinzen, weil er immer wieder fasziniert war und die Tricks liebte.",Was tat der Magier? (bezauberte den Prinzen / bezauberte die Prinzessin),charmed,StimExp,7,418,2.0,81,arglos,0.81,6,bezauberte,0.11,10,68.75,"Der_Magier bezauberte den_Prinzen,
weil er immer_wieder fasziniert_war und die_Tricks liebte.",Was tat der Magier?,bezauberte den Prinzen,bezauberte die Prinzessin,er,sie,F
nonamb,10,16,NP1,NP2-Causality,sie,nonamb,"Die Magierin bezauberte die Prinzessin, weil sie immer wieder fasziniert war und die Tricks liebte.",Was tat die Magierin? (bezauberte die Prinzessin / bezauberte den Prinzen),charmed,StimExp,7,418,2.0,81,arglos,0.81,6,bezauberte,0.11,10,68.75,"Die_Magierin bezauberte die_Prinzessin,
weil sie immer_wieder fasziniert_war und die_Tricks liebte.",Was tat die Magierin?,bezauberte die Prinzessin,bezauberte den Prinzen,sie,er,F
nonamb,10,16,NP1,NP2-Causality,er,nonamb,"Die Magierin bezauberte den Prinzen, weil er immer wieder fasziniert war und die Tricks liebte.",Was tat die Magierin? (bezauberte den Prinzen / bezauberte die Prinzessin),charmed,StimExp,7,418,2.0,81,arglos,0.81,6,bezauberte,0.11,10,68.75,"Die_Magierin bezauberte den_Prinzen,
weil er immer_wieder fasziniert_war und die_Tricks liebte.",Was tat die Magierin?,bezauberte den Prinzen,bezauberte die Prinzessin,er,sie,F
nonamb,9,109,NP1,NP1-Causality,er,nonamb,"Der Verwandte ging die Bestatterin an, weil er in der Situation alleine war und Verzweiflung verspührte.",Wer war in der Situation alleine? (Der Verwandte / die Bestatterin),concerned,StimExp,9,36,-1.0,81,ungewaschen,0.34,11,ging,0.91,6,56.25,"Der_Verwandte ging die_Bestatterin_an,
weil er in_der_Situation alleine_war und Verzweiflung verspührte.",Wer war in der Situation alleine?,Der Verwandte,die Bestatterin,er,sie,F
nonamb,9,109,NP1,NP1-Causality,er,nonamb,"Der Verwandte ging den Bestatter an, weil er in der Situation alleine war und Verzweiflung verspührte.",Wer war in der Situation alleine? (Der Verwandte / den Bestatter),concerned,StimExp,9,36,-1.0,81,ungewaschen,0.34,11,ging,0.91,6,56.25,"Der_Verwandte ging den_Bestatter_an,
weil er in_der_Situation alleine_war und Verzweiflung verspührte.",Wer war in der Situation alleine?,Der Verwandte,den Bestatter,er,er,F
nonamb,9,109,NP1,NP1-Causality,sie,nonamb,"Die Verwandte ging die Bestatterin an, weil sie in der Situation alleine war und Verzweiflung verspührte.",Wer war in der Situation alleine? (Die Verwandte / die Bestatterin),concerned,StimExp,9,36,-1.0,81,ungewaschen,0.34,11,ging,0.91,6,56.25,"Die_Verwandte ging die_Bestatterin_an,
weil sie in_der_Situation alleine_war und Verzweiflung verspührte.",Wer war in der Situation alleine?,Die Verwandte,die Bestatterin,sie,sie,F
nonamb,9,109,NP1,NP1-Causality,sie,nonamb,"Die Verwandte ging den Bestatter an, weil sie in der Situation alleine war und Verzweiflung verspührte.",Wer war in der Situation alleine? (Die Verwandte / den Bestatter),concerned,StimExp,9,36,-1.0,81,ungewaschen,0.34,11,ging,0.91,6,56.25,"Die_Verwandte ging den_Bestatter_an,
weil sie in_der_Situation alleine_war und Verzweiflung verspührte.",Wer war in der Situation alleine?,Die Verwandte,den Bestatter,sie,er,F
nonamb,10,109,NP1,NP2-Causality,sie,nonamb,"Der Verwandte ging die Bestatterin an, weil sie in der Situation ungerschickt war und Hartherzigkeit zeigte.",Wer war in der Situation ungerschickt? (Der Verwandte / die Bestatterin),concerned,StimExp,9,36,-1.0,81,beauftragt,19.9,10,ging,0.91,6,56.25,"Der_Verwandte ging die_Bestatterin_an,
weil sie in_der_Situation ungerschickt_war und Hartherzigkeit zeigte.",Wer war in der Situation ungerschickt?,Der Verwandte,die Bestatterin,er,sie,J
nonamb,10,109,NP1,NP2-Causality,er,nonamb,"Der Verwandte ging den Bestatter an, weil er in der Situation ungerschickt war und Hartherzigkeit zeigte.",Wer war in der Situation ungerschickt? (Der Verwandte / den Bestatter),concerned,StimExp,9,36,-1.0,81,beauftragt,19.9,10,ging,0.91,6,56.25,"Der_Verwandte ging den_Bestatter_an,
weil er in_der_Situation ungerschickt_war und Hartherzigkeit zeigte.",Wer war in der Situation ungerschickt?,Der Verwandte,den Bestatter,er,er,J
nonamb,10,109,NP1,NP2-Causality,sie,nonamb,"Die Verwandte ging die Bestatterin an, weil sie in der Situation ungerschickt war und Hartherzigkeit zeigte.",Wer war in der Situation ungerschickt? (Die Verwandte / die Bestatterin),concerned,StimExp,9,36,-1.0,81,beauftragt,19.9,10,ging,0.91,6,56.25,"Die_Verwandte ging die_Bestatterin_an,
weil sie in_der_Situation ungerschickt_war und Hartherzigkeit zeigte.",Wer war in der Situation ungerschickt?,Die Verwandte,die Bestatterin,sie,sie,J
nonamb,10,109,NP1,NP2-Causality,er,nonamb,"Die Verwandte ging den Bestatter an, weil er in der Situation ungerschickt war und Hartherzigkeit zeigte.",Wer war in der Situation ungerschickt? (Die Verwandte / den Bestatter),concerned,StimExp,9,36,-1.0,81,beauftragt,19.9,10,ging,0.91,6,56.25,"Die_Verwandte ging den_Bestatter_an,
weil er in_der_Situation ungerschickt_war und Hartherzigkeit zeigte.",Wer war in der Situation ungerschickt?,Die Verwandte,den Bestatter,sie,er,J
nonamb,9,115,NP1,NP1-Causality,er,nonamb,"Der Polizist irritierte die Diebin, weil er am späten Morgen hilfsbereit war und Essen anbot.",Wer war am späten Morgen hilfsbereit? (Der Polizist / die Diebin),irritated,StimExp,9,5,-2.09,81,hilfsbereit,4.33,11,irritierte,0.41,10,68.75,"Der_Polizist irritierte die_Diebin,
weil er am_späten_Morgen hilfsbereit_war und Essen anbot.",Wer war am späten Morgen hilfsbereit?,Der Polizist,die Diebin,er,sie,F
nonamb,9,115,NP1,NP1-Causality,er,nonamb,"Der Polizist irritierte den Dieb, weil er am späten Morgen hilfsbereit war und Essen anbot.",Wer war am späten Morgen hilfsbereit? (Der Polizist / den Dieb),irritated,StimExp,9,5,-2.09,81,hilfsbereit,4.33,11,irritierte,0.41,10,68.75,"Der_Polizist irritierte den_Dieb,
weil er am_späten_Morgen hilfsbereit_war und Essen anbot.",Wer war am späten Morgen hilfsbereit?,Der Polizist,den Dieb,er,er,F
nonamb,9,115,NP1,NP1-Causality,sie,nonamb,"Die Polizistin irritierte die Diebin, weil sie am späten Morgen hilfsbereit war und Essen anbot.",Wer war am späten Morgen hilfsbereit? (Die Polizistin / die Diebin),irritated,StimExp,9,5,-2.09,81,hilfsbereit,4.33,11,irritierte,0.41,10,68.75,"Die_Polizistin irritierte die_Diebin,
weil sie am_späten_Morgen hilfsbereit_war und Essen anbot.",Wer war am späten Morgen hilfsbereit?,Die Polizistin,die Diebin,sie,sie,F
nonamb,9,115,NP1,NP1-Causality,sie,nonamb,"Die Polizistin irritierte den Dieb, weil sie am späten Morgen hilfsbereit war und Essen anbot.",Wer war am späten Morgen hilfsbereit? (Die Polizistin / den Dieb),irritated,StimExp,9,5,-2.09,81,hilfsbereit,4.33,11,irritierte,0.41,10,68.75,"Die_Polizistin irritierte den_Dieb,
weil sie am_späten_Morgen hilfsbereit_war und Essen anbot.",Wer war am späten Morgen hilfsbereit?,Die Polizistin,den Dieb,sie,er,F
nonamb,10,115,NP1,NP2-Causality,sie,nonamb,"Der Polizist irritierte die Diebin, weil sie am späten Morgen überfordert war und die Tarnung aufflog.",Wer war am späten Morgen überfordert? (Der Polizist / die Diebin),irritated,StimExp,9,5,-2.09,81,entdeckt,44.77,8,irritierte,0.41,10,68.75,"Der_Polizist irritierte die_Diebin,
weil sie am_späten_Morgen überfordert_war und die_Tarnung aufflog.",Wer war am späten Morgen überfordert?,Der Polizist,die Diebin,er,sie,J
nonamb,10,115,NP1,NP2-Causality,er,nonamb,"Der Polizist irritierte den Dieb, weil er am späten Morgen überfordert war und die Tarnung aufflog.",Wer war am späten Morgen überfordert? (Der Polizist / den Dieb),irritated,StimExp,9,5,-2.09,81,entdeckt,44.77,8,irritierte,0.41,10,68.75,"Der_Polizist irritierte den_Dieb,
weil er am_späten_Morgen überfordert_war und die_Tarnung aufflog.",Wer war am späten Morgen überfordert?,Der Polizist,den Dieb,er,er,J
nonamb,10,115,NP1,NP2-Causality,sie,nonamb,"Die Polizistin irritierte die Diebin, weil sie am späten Morgen überfordert war und die Tarnung aufflog.",Wer war am späten Morgen überfordert? (Die Polizistin / die Diebin),irritated,StimExp,9,5,-2.09,81,entdeckt,44.77,8,irritierte,0.41,10,68.75,"Die_Polizistin irritierte die_Diebin,
weil sie am_späten_Morgen überfordert_war und die_Tarnung aufflog.",Wer war am späten Morgen überfordert?,Die Polizistin,die Diebin,sie,sie,J
nonamb,10,115,NP1,NP2-Causality,er,nonamb,"Die Polizistin irritierte den Dieb, weil er am späten Morgen überfordert war und die Tarnung aufflog.",Wer war am späten Morgen überfordert? (Die Polizistin / den Dieb),irritated,StimExp,9,5,-2.09,81,entdeckt,44.77,8,irritierte,0.41,10,68.75,"Die_Polizistin irritierte den_Dieb,
weil er am_späten_Morgen überfordert_war und die_Tarnung aufflog.",Wer war am späten Morgen überfordert?,Die Polizistin,den Dieb,sie,er,J
nonamb,9,14,NP1,NP1-Causality,er,nonamb,"Der Sohn rief die Mutter, weil er zu dem Zeitpunkt ratlos war und ein Problem hatte.",Was hatte er? (ein Problem / Wissen),called,AgP,6,15,0.45,82,eine Idee,5.66,8,rief,31.09,4,68.75,"Der_Sohn rief die_Mutter,
weil er zu_dem_Zeitpunkt ratlos_war und ein_Problem hatte.",Was hatte er?,ein Problem,Wissen,er,er,F
nonamb,9,14,NP1,NP1-Causality,er,nonamb,"Der Sohn rief den Vater, weil er zu dem Zeitpunkt ratlos war und ein Problem hatte.",Was hatte er? (ein Problem / Wissen),called,AgP,6,15,0.45,82,eine Idee,5.66,8,rief,31.09,4,68.75,"Der_Sohn rief den_Vater,
weil er zu_dem_Zeitpunkt ratlos_war und ein_Problem hatte.",Was hatte er?,ein Problem,Wissen,er,er,F
nonamb,9,14,NP1,NP1-Causality,sie,nonamb,"Die Tochter rief die Mutter, weil sie zu dem Zeitpunkt ratlos war und ein Problem hatte.",Was hatte sie? (ein Problem / Wissen),called,AgP,6,15,0.45,82,eine Idee,5.66,8,rief,31.09,4,68.75,"Die_Tochter rief die_Mutter,
weil sie zu_dem_Zeitpunkt ratlos_war und ein_Problem hatte.",Was hatte sie?,ein Problem,Wissen,er,er,F
nonamb,9,14,NP1,NP1-Causality,sie,nonamb,"Die Tochter rief den Vater, weil sie zu dem Zeitpunkt ratlos war und ein Problem hatte.",Was hatte sie? (ein Problem / Wissen),called,AgP,6,15,0.45,82,eine Idee,5.66,8,rief,31.09,4,68.75,"Die_Tochter rief den_Vater,
weil sie zu_dem_Zeitpunkt ratlos_war und ein_Problem hatte.",Was hatte sie?,ein Problem,Wissen,er,er,F
nonamb,10,14,NP1,NP2-Causality,sie,nonamb,"Der Sohn rief die Mutter, weil sie zu dem Zeitpunkt verfügbar war und Problemwissen hatte.",Was hatte sie? (Problemwissen / Wissen),called,AgP,6,15,0.45,82,verstummt,1.44,9,rief,31.09,4,68.75,"Der_Sohn rief die_Mutter,
weil sie zu_dem_Zeitpunkt verfügbar_war und Problemwissen hatte.",Was hatte sie?,Problemwissen,Wissen,er,er,F
nonamb,10,14,NP1,NP2-Causality,er,nonamb,"Der Sohn rief den Vater, weil er zu dem Zeitpunkt verfügbar war und Problemwissen hatte.",Was hatte er? (Problemwissen / Wissen),called,AgP,6,15,0.45,82,verstummt,1.44,9,rief,31.09,4,68.75,"Der_Sohn rief den_Vater,
weil er zu_dem_Zeitpunkt verfügbar_war und Problemwissen hatte.",Was hatte er?,Problemwissen,Wissen,er,er,F
nonamb,10,14,NP1,NP2-Causality,sie,nonamb,"Die Tochter rief die Mutter, weil sie zu dem Zeitpunkt verfügbar war und Problemwissen hatte.",Was hatte sie? (Problemwissen / Wissen),called,AgP,6,15,0.45,82,verstummt,1.44,9,rief,31.09,4,68.75,"Die_Tochter rief die_Mutter,
weil sie zu_dem_Zeitpunkt verfügbar_war und Problemwissen hatte.",Was hatte sie?,Problemwissen,Wissen,er,er,F
nonamb,10,14,NP1,NP2-Causality,er,nonamb,"Die Tochter rief den Vater, weil er zu dem Zeitpunkt verfügbar war und Problemwissen hatte.",Was hatte er? (Problemwissen / Wissen),called,AgP,6,15,0.45,82,verstummt,1.44,9,rief,31.09,4,68.75,"Die_Tochter rief den_Vater,
weil er zu_dem_Zeitpunkt verfügbar_war und Problemwissen hatte.",Was hatte er?,Problemwissen,Wissen,er,er,F
nonamb,9,118,NP1,NP1-Causality,er,nonamb,"Der Kommissar rief die Zeugin an, weil er nach dem Essen neugierig war und den Fall prüfte.",Was prüfte er? (den Fall / Daten),telephoned,AgP,10,48,0.18,82,neugierig,12.44,9,rief ,0.72,6,68.75,"Der_Kommissar rief die_Zeugin_an,
weil er nach_dem_Essen neugierig_war und den_Fall prüfte.",Was prüfte er?,den Fall,Daten,er,er,F
nonamb,9,118,NP1,NP1-Causality,er,nonamb,"Der Kommissar rief den Zeugen an, weil er nach dem Essen neugierig war und den Fall prüfte.",Was prüfte er? (den Fall / Daten),telephoned,AgP,10,48,0.18,82,neugierig,12.44,9,rief ,0.72,6,68.75,"Der_Kommissar rief den_Zeugen_an,
weil er nach_dem_Essen neugierig_war und den_Fall prüfte.",Was prüfte er?,den Fall,Daten,er,er,F
nonamb,9,118,NP1,NP1-Causality,sie,nonamb,"Die Kommissarin rief die Zeugin an, weil sie nach dem Essen neugierig war und den Fall prüfte.",Was prüfte sie? (den Fall / Daten),telephoned,AgP,10,48,0.18,82,neugierig,12.44,9,rief ,0.72,6,68.75,"Die_Kommissarin rief die_Zeugin_an,
weil sie nach_dem_Essen neugierig_war und den_Fall prüfte.",Was prüfte sie?,den Fall,Daten,er,er,F
nonamb,9,118,NP1,NP1-Causality,sie,nonamb,"Die Kommissarin rief den Zeugen an, weil sie nach dem Essen neugierig war und den Fall prüfte.",Was prüfte sie? (den Fall / Daten),telephoned,AgP,10,48,0.18,82,neugierig,12.44,9,rief ,0.72,6,68.75,"Die_Kommissarin rief den_Zeugen_an,
weil sie nach_dem_Essen neugierig_war und den_Fall prüfte.",Was prüfte sie?,den Fall,Daten,er,er,F
nonamb,10,118,NP1,NP2-Causality,sie,nonamb,"Der Kommissar rief die Zeugin an, weil sie nach dem Essen gefärdet war und eine Wahrnung benötigte.",Was benötigte sie? (eine Wahrnung / Daten),telephoned,AgP,10,48,0.18,82,in Gefahr,7.98,8,rief ,0.72,6,68.75,"Der_Kommissar rief die_Zeugin_an,
weil sie nach_dem_Essen gefärdet_war und eine_Wahrnung benötigte.",Was benötigte sie?,eine Wahrnung,Daten,er,er,F
nonamb,10,118,NP1,NP2-Causality,er,nonamb,"Der Kommissar rief den Zeugen an, weil er nach dem Essen gefärdet war und eine Wahrnung benötigte.",Was benötigte er? (eine Wahrnung / Daten),telephoned,AgP,10,48,0.18,82,in Gefahr,7.98,8,rief ,0.72,6,68.75,"Der_Kommissar rief den_Zeugen_an,
weil er nach_dem_Essen gefärdet_war und eine_Wahrnung benötigte.",Was benötigte er?,eine Wahrnung,Daten,er,er,F
nonamb,10,118,NP1,NP2-Causality,sie,nonamb,"Die Kommissarin rief die Zeugin an, weil sie nach dem Essen gefärdet war und eine Wahrnung benötigte.",Was benötigte sie? (eine Wahrnung / Daten),telephoned,AgP,10,48,0.18,82,in Gefahr,7.98,8,rief ,0.72,6,68.75,"Die_Kommissarin rief die_Zeugin_an,
weil sie nach_dem_Essen gefärdet_war und eine_Wahrnung benötigte.",Was benötigte sie?,eine Wahrnung,Daten,er,er,F
nonamb,10,118,NP1,NP2-Causality,er,nonamb,"Die Kommissarin rief den Zeugen an, weil er nach dem Essen gefärdet war und eine Wahrnung benötigte.",Was benötigte er? (eine Wahrnung / Daten),telephoned,AgP,10,48,0.18,82,in Gefahr,7.98,8,rief ,0.72,6,68.75,"Die_Kommissarin rief den_Zeugen_an,
weil er nach_dem_Essen gefärdet_war und eine_Wahrnung benötigte.",Was benötigte er?,eine Wahrnung,Daten,er,er,F
nonamb,9,49,NP1,NP1-Causality,er,nonamb,"Der Botaniker beglückte die Zoologin, weil er am frühen Morgen zuvorkommend war und Arbeit abnahm.",Wer war am frühen Morgen zuvorkommend? (Der Botaniker / die Zoologin),pleased,StimExp,7,0,1.73,83,attraktiv,35.42,9,beglückte,0.22,9,68.75,"Der_Botaniker beglückte die_Zoologin,
weil er am_frühen_Morgen zuvorkommend_war und Arbeit abnahm.",Wer war am frühen Morgen zuvorkommend?,Der Botaniker,die Zoologin,er,sie,F
nonamb,9,49,NP1,NP1-Causality,er,nonamb,"Der Botaniker beglückte den Zoologen, weil er am frühen Morgen zuvorkommend war und Arbeit abnahm.",Wer war am frühen Morgen zuvorkommend? (Der Botaniker / den Zoologen),pleased,StimExp,7,0,1.73,83,attraktiv,35.42,9,beglückte,0.22,9,68.75,"Der_Botaniker beglückte den_Zoologen,
weil er am_frühen_Morgen zuvorkommend_war und Arbeit abnahm.",Wer war am frühen Morgen zuvorkommend?,Der Botaniker,den Zoologen,er,er,F
nonamb,9,49,NP1,NP1-Causality,sie,nonamb,"Die Botanikerin beglückte die Zoologin, weil sie am frühen Morgen zuvorkommend war und Arbeit abnahm.",Wer war am frühen Morgen zuvorkommend? (Die Botanikerin / die Zoologin),pleased,StimExp,7,0,1.73,83,attraktiv,35.42,9,beglückte,0.22,9,68.75,"Die_Botanikerin beglückte die_Zoologin,
weil sie am_frühen_Morgen zuvorkommend_war und Arbeit abnahm.",Wer war am frühen Morgen zuvorkommend?,Die Botanikerin,die Zoologin,sie,sie,F
nonamb,9,49,NP1,NP1-Causality,sie,nonamb,"Die Botanikerin beglückte den Zoologen, weil sie am frühen Morgen zuvorkommend war und Arbeit abnahm.",Wer war am frühen Morgen zuvorkommend? (Die Botanikerin / den Zoologen),pleased,StimExp,7,0,1.73,83,attraktiv,35.42,9,beglückte,0.22,9,68.75,"Die_Botanikerin beglückte den_Zoologen,
weil sie am_frühen_Morgen zuvorkommend_war und Arbeit abnahm.",Wer war am frühen Morgen zuvorkommend?,Die Botanikerin,den Zoologen,sie,er,F
nonamb,10,49,NP1,NP2-Causality,sie,nonamb,"Der Botaniker beglückte die Zoologin, weil sie am frühen Morgen Hilfe benötigte und Unterstützung erhielt.",Wer benötigte am frühen Morgen Hilfe? (Der Botaniker / die Zoologin),pleased,StimExp,7,0,1.73,83,gebraucht,28.06,9,beglückte,0.22,9,68.75,"Der_Botaniker beglückte die_Zoologin,
weil sie am_frühen_Morgen Hilfe_benötigte und Unterstützung erhielt.",Wer benötigte am frühen Morgen Hilfe?,Der Botaniker,die Zoologin,er,sie,J
nonamb,10,49,NP1,NP2-Causality,er,nonamb,"Der Botaniker beglückte den Zoologen, weil er am frühen Morgen Hilfe benötigte und Unterstützung erhielt.",Wer benötigte am frühen Morgen Hilfe? (Der Botaniker / den Zoologen),pleased,StimExp,7,0,1.73,83,gebraucht,28.06,9,beglückte,0.22,9,68.75,"Der_Botaniker beglückte den_Zoologen,
weil er am_frühen_Morgen Hilfe_benötigte und Unterstützung erhielt.",Wer benötigte am frühen Morgen Hilfe?,Der Botaniker,den Zoologen,er,er,J
nonamb,10,49,NP1,NP2-Causality,sie,nonamb,"Die Botanikerin beglückte die Zoologin, weil sie am frühen Morgen Hilfe benötigte und Unterstützung erhielt.",Wer benötigte am frühen Morgen Hilfe? (Die Botanikerin / die Zoologin),pleased,StimExp,7,0,1.73,83,gebraucht,28.06,9,beglückte,0.22,9,68.75,"Die_Botanikerin beglückte die_Zoologin,
weil sie am_frühen_Morgen Hilfe_benötigte und Unterstützung erhielt.",Wer benötigte am frühen Morgen Hilfe?,Die Botanikerin,die Zoologin,sie,sie,J
nonamb,10,49,NP1,NP2-Causality,er,nonamb,"Die Botanikerin beglückte den Zoologen, weil er am frühen Morgen Hilfe benötigte und Unterstützung erhielt.",Wer benötigte am frühen Morgen Hilfe? (Die Botanikerin / den Zoologen),pleased,StimExp,7,0,1.73,83,gebraucht,28.06,9,beglückte,0.22,9,68.75,"Die_Botanikerin beglückte den_Zoologen,
weil er am_frühen_Morgen Hilfe_benötigte und Unterstützung erhielt.",Wer benötigte am frühen Morgen Hilfe?,Die Botanikerin,den Zoologen,sie,er,J
nonamb,9,3,NP1,NP1-Causality,er,nonamb,"Der Schäferhund ärgerte die Besitzerin, weil er um die Mittagszeit aggressiv war und Kratzer hinterließ.",Wen ärgerte der Schäferhund? (die Besitzerin / die Dame),angered,StimExp,7,11,-2.46,85,unüberhörbar,0.94,12,ärgerte,1.41,7,56.25,"Der_Schäferhund ärgerte die_Besitzerin,
weil er um_die_Mittagszeit aggressiv_war und Kratzer hinterließ.",Wen ärgerte der Schäferhund?,die Besitzerin,die Dame,sie,sie,F
nonamb,9,3,NP1,NP1-Causality,er,nonamb,"Der Schäferhund ärgerte der Besitzer, weil er um die Mittagszeit aggressiv war und Kratzer hinterließ.",Wem ärgerte der Schäferhund? (der Besitzer / den Gladiator),angered,StimExp,7,11,-2.46,85,unüberhörbar,0.94,12,ärgerte,1.41,7,56.25,"Der_Schäferhund ärgerte der_Besitzer,
weil er um_die_Mittagszeit aggressiv_war und Kratzer hinterließ.",Wem ärgerte der Schäferhund?,der Besitzer,den Gladiator,er,er,F
nonamb,9,3,NP1,NP1-Causality,sie,nonamb,"Die Schäferhündin ärgerte die Besitzerin, weil sie um die Mittagszeit aggressiv war und Kratzer hinterließ.",Wen ärgerte die Schäferhündin? (die Besitzerin / die Zauberin),angered,StimExp,7,11,-2.46,85,unüberhörbar,0.94,12,ärgerte,1.41,7,56.25,"Die_Schäferhündin ärgerte die_Besitzerin,
weil sie um_die_Mittagszeit aggressiv_war und Kratzer hinterließ.",Wen ärgerte die Schäferhündin?,die Besitzerin,die Zauberin,sie,sie,F
nonamb,9,3,NP1,NP1-Causality,sie,nonamb,"Die Schäferhündin ärgerte der Besitzer, weil sie um die Mittagszeit aggressiv war und Kratzer hinterließ.",Wem ärgerte die Schäferhündin? (der Besitzer / dem Dieb),angered,StimExp,7,11,-2.46,85,unüberhörbar,0.94,12,ärgerte,1.41,7,56.25,"Die_Schäferhündin ärgerte der_Besitzer,
weil sie um_die_Mittagszeit aggressiv_war und Kratzer hinterließ.",Wem ärgerte die Schäferhündin?,der Besitzer,dem Dieb,er,er,F
nonamb,10,3,NP1,NP2-Causality,sie,nonamb,"Der Schäferhund ärgerte die Besitzerin, weil sie um die Mittagszeit überdrüssig war und Müdigkeit empfand.",Wen ärgerte der Schäferhund? (die Besitzerin / die Mutter),angered,StimExp,7,11,-2.46,85,überdrüssig,0.92,11,ärgerte,1.41,7,56.25,"Der_Schäferhund ärgerte die_Besitzerin,
weil sie um_die_Mittagszeit überdrüssig_war und Müdigkeit empfand.",Wen ärgerte der Schäferhund?,die Besitzerin,die Mutter,sie,sie,F
nonamb,10,3,NP1,NP2-Causality,er,nonamb,"Der Schäferhund ärgerte der Besitzer, weil er um die Mittagszeit überdrüssig war und Müdigkeit empfand.",Wem ärgerte der Schäferhund? (der Besitzer / den Tutor),angered,StimExp,7,11,-2.46,85,überdrüssig,0.92,11,ärgerte,1.41,7,56.25,"Der_Schäferhund ärgerte der_Besitzer,
weil er um_die_Mittagszeit überdrüssig_war und Müdigkeit empfand.",Wem ärgerte der Schäferhund?,der Besitzer,den Tutor,er,er,F
nonamb,10,3,NP1,NP2-Causality,sie,nonamb,"Die Schäferhündin ärgerte die Besitzerin, weil sie um die Mittagszeit überdrüssig war und Müdigkeit empfand.",Wen ärgerte die Schäferhündin? (die Besitzerin / die Randaliererin),angered,StimExp,7,11,-2.46,85,überdrüssig,0.92,11,ärgerte,1.41,7,56.25,"Die_Schäferhündin ärgerte die_Besitzerin,
weil sie um_die_Mittagszeit überdrüssig_war und Müdigkeit empfand.",Wen ärgerte die Schäferhündin?,die Besitzerin,die Randaliererin,sie,sie,F
nonamb,10,3,NP1,NP2-Causality,er,nonamb,"Die Schäferhündin ärgerte der Besitzer, weil er um die Mittagszeit überdrüssig war und Müdigkeit empfand.",Wem ärgerte die Schäferhündin? (der Besitzer / den Autofahrer),angered,StimExp,7,11,-2.46,85,überdrüssig,0.92,11,ärgerte,1.41,7,56.25,"Die_Schäferhündin ärgerte der_Besitzer,
weil er um_die_Mittagszeit überdrüssig_war und Müdigkeit empfand.",Wem ärgerte die Schäferhündin?,der Besitzer,den Autofahrer,er,er,F
nonamb,9,64,NP1,NP1-Causality,er,nonamb,"Der Spieler erfreute die Trainerin, weil er in dem Spiel erfolgreich war und die Atmosphäre genoss.",Wen erfreute der Spieler? (die Trainerin / die Partnerin),delighted,StimExp,9,57,2.45,85,siegreich,4.15,9,erfreute,1.45,8,56.25,"Der_Spieler erfreute die_Trainerin,
weil er in_dem_Spiel erfolgreich_war und die_Atmosphäre genoss.",Wen erfreute der Spieler?,die Trainerin,die Partnerin,sie,sie,F
nonamb,9,64,NP1,NP1-Causality,er,nonamb,"Der Spieler erfreute den Trainer, weil er in dem Spiel erfolgreich war und die Atmosphäre genoss.",Wen erfreute der Spieler? (den Trainer / den Gefangenen),delighted,StimExp,9,57,2.45,85,siegreich,4.15,9,erfreute,1.45,8,56.25,"Der_Spieler erfreute den_Trainer,
weil er in_dem_Spiel erfolgreich_war und die_Atmosphäre genoss.",Wen erfreute der Spieler?,den Trainer,den Gefangenen,er,er,F
nonamb,9,64,NP1,NP1-Causality,sie,nonamb,"Die Spielerin erfreute die Trainerin, weil sie in dem Spiel erfolgreich war und die Atmosphäre genoss.",Wen erfreute die Spielerin? (die Trainerin / die Obdachlose),delighted,StimExp,9,57,2.45,85,siegreich,4.15,9,erfreute,1.45,8,56.25,"Die_Spielerin erfreute die_Trainerin,
weil sie in_dem_Spiel erfolgreich_war und die_Atmosphäre genoss.",Wen erfreute die Spielerin?,die Trainerin,die Obdachlose,sie,sie,F
nonamb,9,64,NP1,NP1-Causality,sie,nonamb,"Die Spielerin erfreute den Trainer, weil sie in dem Spiel erfolgreich war und die Atmosphäre genoss.",Wen erfreute die Spielerin? (den Trainer / den Esel),delighted,StimExp,9,57,2.45,85,siegreich,4.15,9,erfreute,1.45,8,56.25,"Die_Spielerin erfreute den_Trainer,
weil sie in_dem_Spiel erfolgreich_war und die_Atmosphäre genoss.",Wen erfreute die Spielerin?,den Trainer,den Esel,er,er,F
nonamb,10,64,NP1,NP2-Causality,sie,nonamb,"Der Spieler erfreute die Trainerin, weil sie in dem Spiel förderlich war und zum Sieg beitrug.",Wen erfreute der Spieler? (die Trainerin / die Zoologin),delighted,StimExp,9,57,2.45,85,weniger erwartet,0.03,15,erfreute,1.45,8,56.25,"Der_Spieler erfreute die_Trainerin,
weil sie in_dem_Spiel förderlich_war und zum_Sieg beitrug.",Wen erfreute der Spieler?,die Trainerin,die Zoologin,sie,sie,F
nonamb,10,64,NP1,NP2-Causality,er,nonamb,"Der Spieler erfreute den Trainer, weil er in dem Spiel förderlich war und zum Sieg beitrug.",Wen erfreute der Spieler? (den Trainer / den Zoologen),delighted,StimExp,9,57,2.45,85,weniger erwartet,0.03,15,erfreute,1.45,8,56.25,"Der_Spieler erfreute den_Trainer,
weil er in_dem_Spiel förderlich_war und zum_Sieg beitrug.",Wen erfreute der Spieler?,den Trainer,den Zoologen,er,er,F
nonamb,10,64,NP1,NP2-Causality,sie,nonamb,"Die Spielerin erfreute die Trainerin, weil sie in dem Spiel förderlich war und zum Sieg beitrug.",Wen erfreute die Spielerin? (die Trainerin / der Trainerin),delighted,StimExp,9,57,2.45,85,weniger erwartet,0.03,15,erfreute,1.45,8,56.25,"Die_Spielerin erfreute die_Trainerin,
weil sie in_dem_Spiel förderlich_war und zum_Sieg beitrug.",Wen erfreute die Spielerin?,die Trainerin,der Trainerin,sie,er,F
nonamb,10,64,NP1,NP2-Causality,er,nonamb,"Die Spielerin erfreute den Trainer, weil er in dem Spiel förderlich war und zum Sieg beitrug.",Wen erfreute die Spielerin? (den Trainer / den Gefangenen),delighted,StimExp,9,57,2.45,85,weniger erwartet,0.03,15,erfreute,1.45,8,56.25,"Die_Spielerin erfreute den_Trainer,
weil er in_dem_Spiel förderlich_war und zum_Sieg beitrug.",Wen erfreute die Spielerin?,den Trainer,den Gefangenen,er,er,F
nonamb,9,67,NP1,NP1-Causality,er,nonamb,Der Darsteller faszinierte die Zuschauerin weil er in der Aufführung ausdrucksstark war und eine Botschaft kommunizierte.,Wann war er ausdrucksstark? (in der Aufführung / seit einiger Zeit),fascinated,StimExp,10,0,1.64,85,ausdrucksstark,1.49,14,faszinierte,1.13,11,62.5,Der_Darsteller faszinierte die_Zuschauerin weil er in_der_Aufführung ausdrucksstark_war und eine_Botschaft kommunizierte.,Wann war er ausdrucksstark?,in der Aufführung,seit einiger Zeit,er,er,F
nonamb,9,67,NP1,NP1-Causality,er,nonamb,Der Darsteller faszinierte den Zuschauer weil er in der Aufführung ausdrucksstark war und eine Botschaft kommunizierte.,Wann war er ausdrucksstark? (in der Aufführung / seit einiger Zeit),fascinated,StimExp,10,0,1.64,85,ausdrucksstark,1.49,14,faszinierte,1.13,11,62.5,Der_Darsteller faszinierte den_Zuschauer weil er in_der_Aufführung ausdrucksstark_war und eine_Botschaft kommunizierte.,Wann war er ausdrucksstark?,in der Aufführung,seit einiger Zeit,er,er,F
nonamb,9,67,NP1,NP1-Causality,sie,nonamb,Die Darstellerin faszinierte die Zuschauerin weil sie in der Aufführung ausdrucksstark war und eine Botschaft kommunizierte.,Wann war sie ausdrucksstark? (in der Aufführung / seit einiger Zeit),fascinated,StimExp,10,0,1.64,85,ausdrucksstark,1.49,14,faszinierte,1.13,11,62.5,Die_Darstellerin faszinierte die_Zuschauerin weil sie in_der_Aufführung ausdrucksstark_war und eine_Botschaft kommunizierte.,Wann war sie ausdrucksstark?,in der Aufführung,seit einiger Zeit,er,er,F
nonamb,9,67,NP1,NP1-Causality,sie,nonamb,Die Darstellerin faszinierte den Zuschauer weil sie in der Aufführung ausdrucksstark war und eine Botschaft kommunizierte.,Wann war sie ausdrucksstark? (in der Aufführung / seit einiger Zeit),fascinated,StimExp,10,0,1.64,85,ausdrucksstark,1.49,14,faszinierte,1.13,11,62.5,Die_Darstellerin faszinierte den_Zuschauer weil sie in_der_Aufführung ausdrucksstark_war und eine_Botschaft kommunizierte.,Wann war sie ausdrucksstark?,in der Aufführung,seit einiger Zeit,er,er,F
nonamb,10,67,NP1,NP2-Causality,sie,nonamb,Der Darsteller faszinierte die Zuschauerin weil sie in der Aufführung verblüfft war und die Botschaft verstand.,Wann war sie verblüfft? (in der Aufführung / seit einiger Zeit),fascinated,StimExp,10,0,1.64,85,verblüfft,2.69,9,faszinierte,1.13,11,62.5,Der_Darsteller faszinierte die_Zuschauerin weil sie in_der_Aufführung verblüfft_war und die_Botschaft verstand.,Wann war sie verblüfft?,in der Aufführung,seit einiger Zeit,er,er,F
nonamb,10,67,NP1,NP2-Causality,er,nonamb,Der Darsteller faszinierte den Zuschauer weil er in der Aufführung verblüfft war und die Botschaft verstand.,Wann war er verblüfft? (in der Aufführung / seit einiger Zeit),fascinated,StimExp,10,0,1.64,85,verblüfft,2.69,9,faszinierte,1.13,11,62.5,Der_Darsteller faszinierte den_Zuschauer weil er in_der_Aufführung verblüfft_war und die_Botschaft verstand.,Wann war er verblüfft?,in der Aufführung,seit einiger Zeit,er,er,F
nonamb,10,67,NP1,NP2-Causality,sie,nonamb,Die Darstellerin faszinierte die Zuschauerin weil sie in der Aufführung verblüfft war und die Botschaft verstand.,Wann war sie verblüfft? (in der Aufführung / seit einiger Zeit),fascinated,StimExp,10,0,1.64,85,verblüfft,2.69,9,faszinierte,1.13,11,62.5,Die_Darstellerin faszinierte die_Zuschauerin weil sie in_der_Aufführung verblüfft_war und die_Botschaft verstand.,Wann war sie verblüfft?,in der Aufführung,seit einiger Zeit,er,er,F
nonamb,10,67,NP1,NP2-Causality,er,nonamb,Die Darstellerin faszinierte den Zuschauer weil er in der Aufführung verblüfft war und die Botschaft verstand.,Wann war er verblüfft? (in der Aufführung / seit einiger Zeit),fascinated,StimExp,10,0,1.64,85,verblüfft,2.69,9,faszinierte,1.13,11,62.5,Die_Darstellerin faszinierte den_Zuschauer weil er in_der_Aufführung verblüfft_war und die_Botschaft verstand.,Wann war er verblüfft?,in der Aufführung,seit einiger Zeit,er,er,F
nonamb,9,1,NP1,NP1-Causality,er,nonamb,"Der Schüler regte die Lehrerin auf, weil er am frühen Morgen unüberhörbar war und Störungen verursachte.",Wann war er unüberhörbar? (am frühen Morgen / in der Nacht),agitated,StimExp,8,25,-1.36,85,unüberhörbar,0.94,12,regte,0.11,8,68.75,"Der_Schüler regte die_Lehrerin_auf,
weil er am_frühen_Morgen unüberhörbar_war und Störungen verursachte.",Wann war er unüberhörbar?,am frühen Morgen,in der Nacht,er,er,F
nonamb,9,1,NP1,NP1-Causality,er,nonamb,"Der Schüler regte den Lehrer auf, weil er am frühen Morgen unüberhörbar war und Störungen verursachte.",Wann war er unüberhörbar? (am frühen Morgen / in der Nacht),agitated,StimExp,8,25,-1.36,85,unüberhörbar,0.94,12,regte,0.11,8,68.75,"Der_Schüler regte den_Lehrer_auf,
weil er am_frühen_Morgen unüberhörbar_war und Störungen verursachte.",Wann war er unüberhörbar?,am frühen Morgen,in der Nacht,er,er,F
nonamb,9,1,NP1,NP1-Causality,sie,nonamb,"Die Schülerin regte die Lehrerin auf, weil sie am frühen Morgen unüberhörbar war und Störungen verursachte.",Wann war sie unüberhörbar? (am frühen Morgen / in der Nacht),agitated,StimExp,8,25,-1.36,85,unüberhörbar,0.94,12,regte,0.11,8,68.75,"Die_Schülerin regte die_Lehrerin_auf,
weil sie am_frühen_Morgen unüberhörbar_war und Störungen verursachte.",Wann war sie unüberhörbar?,am frühen Morgen,in der Nacht,er,er,F
nonamb,9,1,NP1,NP1-Causality,sie,nonamb,"Die Schülerin regte den Lehrer auf, weil sie am frühen Morgen unüberhörbar war und Störungen verursachte.",Wann war sie unüberhörbar? (am frühen Morgen / in der Nacht),agitated,StimExp,8,25,-1.36,85,unüberhörbar,0.94,12,regte,0.11,8,68.75,"Die_Schülerin regte den_Lehrer_auf,
weil sie am_frühen_Morgen unüberhörbar_war und Störungen verursachte.",Wann war sie unüberhörbar?,am frühen Morgen,in der Nacht,er,er,F
nonamb,10,1,NP1,NP2-Causality,sie,nonamb,"Der Schüler regte die Lehrerin auf, weil sie am frühen Morgen müde war und die Geduld fehlte.",Wann war sie müde? (am frühen Morgen / in der Nacht),agitated,StimExp,8,25,-1.36,85,gereizt,3.14,7,regte,0.11,8,68.75,"Der_Schüler regte die_Lehrerin_auf,
weil sie am_frühen_Morgen müde_war und die_Geduld fehlte.",Wann war sie müde?,am frühen Morgen,in der Nacht,er,er,F
nonamb,10,1,NP1,NP2-Causality,er,nonamb,"Der Schüler regte den Lehrer auf, weil er am frühen Morgen müde war und die Geduld fehlte.",Wann war er müde? (am frühen Morgen / in der Nacht),agitated,StimExp,8,25,-1.36,85,gereizt,3.14,7,regte,0.11,8,68.75,"Der_Schüler regte den_Lehrer_auf,
weil er am_frühen_Morgen müde_war und die_Geduld fehlte.",Wann war er müde?,am frühen Morgen,in der Nacht,er,er,F
nonamb,10,1,NP1,NP2-Causality,sie,nonamb,"Die Schülerin regte die Lehrerin auf, weil sie am frühen Morgen müde war und die Geduld fehlte.",Wann war sie müde? (am frühen Morgen / in der Nacht),agitated,StimExp,8,25,-1.36,85,gereizt,3.14,7,regte,0.11,8,68.75,"Die_Schülerin regte die_Lehrerin_auf,
weil sie am_frühen_Morgen müde_war und die_Geduld fehlte.",Wann war sie müde?,am frühen Morgen,in der Nacht,er,er,F
nonamb,10,1,NP1,NP2-Causality,er,nonamb,"Die Schülerin regte den Lehrer auf, weil er am frühen Morgen müde war und die Geduld fehlte.",Wann war er müde? (am frühen Morgen / in der Nacht),agitated,StimExp,8,25,-1.36,85,gereizt,3.14,7,regte,0.11,8,68.75,"Die_Schülerin regte den_Lehrer_auf,
weil er am_frühen_Morgen müde_war und die_Geduld fehlte.",Wann war er müde?,am frühen Morgen,in der Nacht,er,er,F
nonamb,9,76,NP1,NP1-Causality,er,nonamb,"Der Akrobat zog die Frau an, weil er schon seit Langem athletisch war und das Gleichgewicht hielt.",Wer war schon seit Langem athletisch? (Der Akrobat / die Frau),attracted,StimExp,9,1,1.82,87,in Bewegung,9.3,10,zog,0.17,5,37.5,"Der_Akrobat zog die_Frau_an,
weil er schon_seit_Langem athletisch_war und das_Gleichgewicht hielt.",Wer war schon seit Langem athletisch?,Der Akrobat,die Frau,er,sie,F
nonamb,9,76,NP1,NP1-Causality,er,nonamb,"Der Akrobat zog den Mann an, weil er schon seit Langem athletisch war und das Gleichgewicht hielt.",Wer war schon seit Langem athletisch? (Der Akrobat / den Mann),attracted,StimExp,9,1,1.82,87,in Bewegung,9.3,10,zog,0.17,5,37.5,"Der_Akrobat zog den_Mann_an,
weil er schon_seit_Langem athletisch_war und das_Gleichgewicht hielt.",Wer war schon seit Langem athletisch?,Der Akrobat,den Mann,er,er,F
nonamb,9,76,NP1,NP1-Causality,sie,nonamb,"Die Aktrobatin zog die Frau an, weil sie schon seit Langem athletisch war und das Gleichgewicht hielt.",Wer war schon seit Langem athletisch? (Die Aktrobatin / die Frau),attracted,StimExp,9,1,1.82,87,in Bewegung,9.3,10,zog,0.17,5,37.5,"Die_Aktrobatin zog die_Frau_an,
weil sie schon_seit_Langem athletisch_war und das_Gleichgewicht hielt.",Wer war schon seit Langem athletisch?,Die Aktrobatin,die Frau,sie,sie,F
nonamb,9,76,NP1,NP1-Causality,sie,nonamb,"Die Aktrobatin zog den Mann an, weil sie schon seit Langem athletisch war und das Gleichgewicht hielt.",Wer war schon seit Langem athletisch? (Die Aktrobatin / den Mann),attracted,StimExp,9,1,1.82,87,in Bewegung,9.3,10,zog,0.17,5,37.5,"Die_Aktrobatin zog den_Mann_an,
weil sie schon_seit_Langem athletisch_war und das_Gleichgewicht hielt.",Wer war schon seit Langem athletisch?,Die Aktrobatin,den Mann,sie,er,F
nonamb,10,76,NP1,NP2-Causality,sie,nonamb,"Der Akrobat zog die Frau an, weil sie schon seit Langem gelangweilt war und die Balancekunst faszinierte.",Wer war schon seit Langem gelangweilt? (Der Akrobat / die Frau),attracted,StimExp,9,1,1.82,87,gelangweilt,2.65,11,zog,0.57,5,37.5,"Der_Akrobat zog die_Frau_an,
weil sie schon_seit_Langem gelangweilt_war und die_Balancekunst faszinierte.",Wer war schon seit Langem gelangweilt?,Der Akrobat,die Frau,er,sie,J
nonamb,10,76,NP1,NP2-Causality,er,nonamb,"Der Akrobat zog den Mann an, weil er schon seit Langem gelangweilt war und die Balancekunst faszinierte.",Wer war schon seit Langem gelangweilt? (Der Akrobat / den Mann),attracted,StimExp,9,1,1.82,87,gelangweilt,2.65,11,zog,0.57,5,37.5,"Der_Akrobat zog den_Mann_an,
weil er schon_seit_Langem gelangweilt_war und die_Balancekunst faszinierte.",Wer war schon seit Langem gelangweilt?,Der Akrobat,den Mann,er,er,J
nonamb,10,76,NP1,NP2-Causality,sie,nonamb,"Die Aktrobatin zog die Frau an, weil sie schon seit Langem gelangweilt war und die Balancekunst faszinierte.",Wer war schon seit Langem gelangweilt? (Die Aktrobatin / die Frau),attracted,StimExp,9,1,1.82,87,gelangweilt,2.65,11,zog,0.57,5,37.5,"Die_Aktrobatin zog die_Frau_an,
weil sie schon_seit_Langem gelangweilt_war und die_Balancekunst faszinierte.",Wer war schon seit Langem gelangweilt?,Die Aktrobatin,die Frau,sie,sie,J
nonamb,10,76,NP1,NP2-Causality,er,nonamb,"Die Aktrobatin zog den Mann an, weil er schon seit Langem gelangweilt war und die Balancekunst faszinierte.",Wer war schon seit Langem gelangweilt? (Die Aktrobatin / den Mann),attracted,StimExp,9,1,1.82,87,gelangweilt,2.65,11,zog,0.57,5,37.5,"Die_Aktrobatin zog den_Mann_an,
weil er schon_seit_Langem gelangweilt_war und die_Balancekunst faszinierte.",Wer war schon seit Langem gelangweilt?,Die Aktrobatin,den Mann,sie,er,J
nonamb,9,106,NP1,NP1-Causality,er,nonamb,"Der Chef entschuldigte sich bei der Mitarbeiterin, weil er in dem Moment schuldbewusst war und Reue empfand.",Was empfand er? (Reue / Kunststücke),apologized to,AgEvo,10,57,0.0,93,schuldbewusst,0.12,13,entschuldigte sich,1.24,13,37.5,"Der_Chef entschuldigte_sich bei_der_Mitarbeiterin,
weil er in_dem_Moment schuldbewusst_war und Reue empfand.",Was empfand er?,Reue,Kunststücke,er,er,F
nonamb,9,106,NP1,NP1-Causality,er,nonamb,"Der Chef entschuldigte sich bei dem Mitarbeiter, weil er in dem Moment schuldbewusst war und Reue empfand.",Was empfand er? (Reue / Kunststücke),apologized to,AgEvo,10,57,0.0,93,schuldbewusst,0.12,13,entschuldigte sich,1.24,13,37.5,"Der_Chef entschuldigte_sich bei_dem_Mitarbeiter,
weil er in_dem_Moment schuldbewusst_war und Reue empfand.",Was empfand er?,Reue,Kunststücke,er,er,F
nonamb,9,106,NP1,NP1-Causality,sie,nonamb,"Die Chefin entschuldigte sich bei der Mitarbeiterin, weil sie in dem Moment schuldbewusst war und Reue empfand.",Was empfand sie? (Reue / Kunststücke),apologized to,AgEvo,10,57,0.0,93,schuldbewusst,0.12,13,entschuldigte sich,1.24,13,37.5,"Die_Chefin entschuldigte_sich bei_der_Mitarbeiterin,
weil sie in_dem_Moment schuldbewusst_war und Reue empfand.",Was empfand sie?,Reue,Kunststücke,er,er,F
nonamb,9,106,NP1,NP1-Causality,sie,nonamb,"Die Chefin entschuldigte sich bei dem Mitarbeiter, weil sie in dem Moment schuldbewusst war und Reue empfand.",Was empfand sie? (Reue / Kunststücke),apologized to,AgEvo,10,57,0.0,93,schuldbewusst,0.12,13,entschuldigte sich,1.24,13,37.5,"Die_Chefin entschuldigte_sich bei_dem_Mitarbeiter,
weil sie in_dem_Moment schuldbewusst_war und Reue empfand.",Was empfand sie?,Reue,Kunststücke,er,er,F
nonamb,10,106,NP1,NP2-Causality,sie,nonamb,"Der Chef entschuldigte sich bei der Mitarbeiterin, weil sie in dem Moment verletzt war und Kränkung zeigte.",Was zeigte sie? (Kränkung / Kunststücke),apologized to,AgEvo,10,57,0.0,93,verletzt,50.64,8,entschuldigte sich,1.24,13,37.5,"Der_Chef entschuldigte_sich bei_der_Mitarbeiterin,
weil sie in_dem_Moment verletzt_war und Kränkung zeigte.",Was zeigte sie?,Kränkung,Kunststücke,er,er,F
nonamb,10,106,NP1,NP2-Causality,er,nonamb,"Der Chef entschuldigte sich bei dem Mitarbeiter, weil er in dem Moment verletzt war und Kränkung zeigte.",Was zeigte er? (Kränkung / Kunststücke),apologized to,AgEvo,10,57,0.0,93,verletzt,50.64,8,entschuldigte sich,1.24,13,37.5,"Der_Chef entschuldigte_sich bei_dem_Mitarbeiter,
weil er in_dem_Moment verletzt_war und Kränkung zeigte.",Was zeigte er?,Kränkung,Kunststücke,er,er,F
nonamb,10,106,NP1,NP2-Causality,sie,nonamb,"Die Chefin entschuldigte sich bei der Mitarbeiterin, weil sie in dem Moment verletzt war und Kränkung zeigte.",Was zeigte sie? (Kränkung / Kunststücke),apologized to,AgEvo,10,57,0.0,93,verletzt,50.64,8,entschuldigte sich,1.24,13,37.5,"Die_Chefin entschuldigte_sich bei_der_Mitarbeiterin,
weil sie in_dem_Moment verletzt_war und Kränkung zeigte.",Was zeigte sie?,Kränkung,Kunststücke,er,er,F
nonamb,10,106,NP1,NP2-Causality,er,nonamb,"Die Chefin entschuldigte sich bei dem Mitarbeiter, weil er in dem Moment verletzt war und Kränkung zeigte.",Was zeigte er? (Kränkung / Kunststücke),apologized to,AgEvo,10,57,0.0,93,verletzt,50.64,8,entschuldigte sich,1.24,13,37.5,"Die_Chefin entschuldigte_sich bei_dem_Mitarbeiter,
weil er in_dem_Moment verletzt_war und Kränkung zeigte.",Was zeigte er?,Kränkung,Kunststücke,er,er,F
